seed,timestep,algorithm,path,path_cost,latency,congestion,packet_loss,bandwidth,reliability,hops,tunneling_probability,action,selection_probability,energy,kappa,volatility
42,0,Dijkstra,"[0, 2, 19]",0.8228145873722966,20.91933525021747,0.11760506580628943,0.10552989272147573,81.20196007338079,0.9437207185581487,2,,,,,,0.0
42,1,Dijkstra,"[0, 2, 19]",0.8375819889551943,20.53840278254133,0.13553452370827768,0.1070892219830849,80.46449911932376,0.9452461946679384,2,,,,,,0.017947423161344518
42,2,Dijkstra,"[0, 2, 19]",0.8351595085814016,19.939867376725427,0.14495555839700539,0.10811790253831055,81.17789653721725,0.9421388325786829,2,,,,,,0.002892230737691109
42,3,Dijkstra,"[0, 2, 19]",0.8246538234806741,19.499424305527132,0.12254632649664363,0.10769984069689287,84.22990844329735,0.9397079080096806,2,,,,,,0.01257925581015355
42,4,Dijkstra,"[0, 2, 19]",0.8288814861830743,19.128213286737733,0.1117037226239545,0.10947846236648517,82.44559892317147,0.9366797685984583,2,,,,,,0.005126590797283008
42,5,Dijkstra,"[0, 2, 19]",0.8464777483593072,18.665646255383248,0.12889753448570562,0.11310205674378837,79.87598730637544,0.9371919526817675,2,,,,,,0.021228924121905673
42,6,Dijkstra,"[0, 2, 19]",0.8340485471073047,19.27771937143891,0.12506406647462956,0.11131330452459354,80.00221873204103,0.9407369840994847,2,,,,,,0.01468343530127465
42,7,Dijkstra,"[0, 2, 19]",0.8665441238842717,18.914385386136896,0.1363551090910119,0.11013761656975385,79.08689912598537,0.9350332480927928,2,,,,,,0.03896125338227619
42,8,Dijkstra,"[0, 2, 19]",0.8454774288299844,18.545914922088063,0.13714809532106667,0.10991180127860667,81.27119921392412,0.934587684420476,2,,,,,,0.02431116255206498
42,9,Dijkstra,"[0, 2, 19]",0.8536309929292862,18.73526801155043,0.1417092439170404,0.11694813655201541,81.24994567401431,0.9354110608791311,2,,,,,,0.009643739526654326
42,10,Dijkstra,"[0, 2, 19]",0.9022930006811435,23.30130926036801,0.2872340235505952,0.15027592317798155,62.1392410438402,0.8956183049688253,2,,,,,,0.057005905543413594
42,11,Dijkstra,"[0, 2, 19]",0.9501597113315324,28.44051911741831,0.4313577586022059,0.18895291691592142,45.2791220581088,0.856011672247232,2,,,,,,0.05305007421564196
42,12,Dijkstra,"[0, 2, 19]",1.032326797274569,34.85018137368191,0.5826329270215946,0.2288505281108808,33.81748928967791,0.816670529326035,2,,,,,,0.08647713112134546
42,13,Dijkstra,"[0, 2, 19]",1.1650975981043679,41.98684090542119,0.7272801324375848,0.258387282104956,25.133661032347945,0.7735623486858627,2,,,,,,0.12861314961533984
42,14,Dijkstra,"[0, 2, 19]",1.389543148577826,52.215539547628104,0.8782114748359694,0.2973378848023125,19.013400465435566,0.7369793576305093,2,,,,,,0.1926409863333635
42,15,Dijkstra,"[0, 2, 19]",1.3979539234349168,53.09346970582147,0.8714073003913383,0.29717285325608744,18.92862106815474,0.7396693603508036,2,,,,,,0.006052906572709907
42,16,Dijkstra,"[0, 2, 19]",1.401253020563366,53.179655130456894,0.8639396451480339,0.29994828919051497,19.086364768096473,0.7386930336911341,2,,,,,,0.0023599469718880313
42,17,Dijkstra,"[0, 2, 19]",1.3989274800404146,54.25738521908889,0.8417198560426107,0.3012649004149708,18.873035575894882,0.7320851747023424,2,,,,,,0.0016596149937407082
42,18,Dijkstra,"[0, 2, 19]",1.4280715561147497,52.90538657207897,0.8662127936471374,0.30252451706835604,19.254580023766316,0.7354864825935474,2,,,,,,0.020833157179450897
42,19,Dijkstra,"[0, 2, 19]",1.4222290547771408,51.04208127181036,0.8647468750623863,0.308753098682362,19.37511995904759,0.7353896696033628,2,,,,,,0.004091182484933845
42,20,Dijkstra,"[0, 2, 19]",1.3371122429407685,42.13854131830103,0.7803878337828083,0.28740723875919827,21.506829615349993,0.7483501064422683,2,,,,,,0.059847470806810285
42,21,Dijkstra,"[0, 2, 19]",1.2928568362988,35.20578477335392,0.6992088500835572,0.2650034247308405,24.307105023794293,0.7615456074676873,2,,,,,,0.033097749927586975
42,22,Dijkstra,"[0, 2, 19]",1.2165765886572222,29.761132295504318,0.6028665115324967,0.24425709224041214,26.612889024112953,0.7800123826939147,2,,,,,,0.059001310508558294
42,23,Dijkstra,"[0, 2, 19]",1.2023689701569478,29.751060618259828,0.5930224881916213,0.24397134595245495,26.56842607547754,0.775743510246389,2,,,,,,0.011678359285177312
42,24,Dijkstra,"[0, 2, 19]",1.2144661036659716,29.78456790094421,0.5965485903990764,0.24303036836781033,27.49794540408108,0.7796666953941769,2,,,,,,0.010061082587190184
42,25,Dijkstra,"[0, 2, 19]",1.183607790818455,29.67920980713433,0.6014965262878482,0.23975302247565589,27.35339274554368,0.7792262614105068,2,,,,,,0.025408953575870176
42,26,Dijkstra,"[0, 2, 19]",1.2116533655529558,30.877853651554734,0.6118321491141763,0.2382965371143323,27.601530469364725,0.7748730265498651,2,,,,,,0.023694989972233516
42,27,Dijkstra,"[0, 2, 19]",1.2332018951903432,29.487257860940076,0.6081397006390165,0.2450800565974134,27.151843736449102,0.7744399598978506,2,,,,,,0.017784401256999288
42,28,Dijkstra,"[0, 2, 19]",1.2423171253104792,30.609696229762896,0.6305002238374697,0.23959798738924565,27.305257506860762,0.7737383320065031,2,,,,,,0.007391514849017579
42,29,Dijkstra,"[0, 2, 19]",1.2766373334914551,30.107160447379368,0.6485366905823902,0.24693932880725789,26.81087317806863,0.7758658153365052,2,,,,,,0.027625964000454903
42,30,Dijkstra,"[0, 2, 19]",1.263182037668015,29.38875778923778,0.6561770064565898,0.24498151889676734,26.351678182814645,0.7777905865534678,2,,,,,,0.01053963836905937
42,31,Dijkstra,"[0, 2, 19]",1.2973421072237532,30.67632069742981,0.6700362289803905,0.2505852587156093,27.179080670124648,0.778711008496509,2,,,,,,0.02704287152372893
42,32,Dijkstra,"[0, 2, 19]",1.3415961940506567,31.807878715324406,0.684767474202558,0.24429609937167085,26.69846875247837,0.7813415849464096,2,,,,,,0.034111347022879705
42,33,Dijkstra,"[0, 2, 19]",1.3193960579891326,32.015938052666364,0.6849618660015957,0.2504540440233748,26.509904679829656,0.7801992150065507,2,,,,,,0.01654755444296214
42,34,Dijkstra,"[0, 2, 19]",1.285089784620936,32.16740424962594,0.6682648716542101,0.2516778531595911,27.118289538178946,0.7765892515134709,2,,,,,,0.02600149754917584
42,35,Dijkstra,"[0, 2, 19]",1.2474458539903566,32.636489104617276,0.666984912240794,0.24390500642075064,27.51090351162145,0.7760854697575073,2,,,,,,0.029292840921370505
42,36,Dijkstra,"[0, 2, 19]",1.2618019435948824,32.600804057100135,0.6716670081900744,0.24806142015015464,27.68468068405262,0.7752677521765355,2,,,,,,0.011508386964134169
42,37,Dijkstra,"[0, 2, 19]",1.2644523708120456,32.1424398536133,0.677553579542999,0.24891103191295494,26.653678293222278,0.7801586578259495,2,,,,,,0.002100509696166862
42,38,Dijkstra,"[0, 2, 19]",1.2424772089999105,32.16603877854096,0.6803996270436499,0.2538202781419546,27.479351671258385,0.7873653731346907,2,,,,,,0.017379193016200684
42,39,Dijkstra,"[0, 2, 19]",1.253781403975788,32.89657865292255,0.6843040943370609,0.2507670026800438,27.678961826852117,0.7861665171909842,2,,,,,,0.009098110527899621
42,0,QT-APP without tunneling,"[0, 2, 19]",0.8228145873722966,20.91933525021747,0.11760506580628943,0.10552989272147573,81.20196007338079,0.9437207185581487,2,,,0.5307200294178079,0.45,1.2,0.0
42,1,QT-APP without tunneling,"[0, 10, 15, 19]",2.180230571984492,83.33367423225822,0.2805630177507265,0.1485427086508756,64.11172519589235,0.964090873294433,3,,,0.03553210987534078,0.45,1.2,1.649722799576485
42,2,QT-APP without tunneling,"[0, 3, 2, 19]",1.2514761464486308,42.23999303068191,0.10839220800175443,0.08440654618944177,82.49825660739621,0.9004149815742313,3,,,0.2247255180081024,0.47250000000000003,1.14,0.42598908458131074
42,3,QT-APP without tunneling,"[0, 3, 2, 19]",1.25730492149611,41.381870992350244,0.09869752480474615,0.08539947554734284,84.70991747144187,0.8991217537659716,3,,,0.22130578401544299,0.49612500000000004,1.083,0.004657519892824025
42,4,QT-APP without tunneling,"[0, 2, 19]",0.8288814861830743,19.128213286737733,0.1117037226239545,0.10947846236648517,82.44559892317147,0.9366797685984583,2,,,0.5155523430305742,0.49612500000000004,1.083,0.34074744160170795
42,5,QT-APP without tunneling,"[0, 2, 19]",0.8464777483593072,18.665646255383248,0.12889753448570562,0.11310205674378837,79.87598730637544,0.9371919526817675,2,,,0.49589463826450714,0.5209312500000001,1.0288499999999998,0.021228924121905673
42,6,QT-APP without tunneling,"[0, 2, 19]",0.8340485471073047,19.27771937143891,0.12506406647462956,0.11131330452459354,80.00221873204103,0.9407369840994847,2,,,0.4918809107052697,0.5209312500000001,1.0288499999999998,0.01468343530127465
42,7,QT-APP without tunneling,"[0, 3, 5, 19]",1.9714862252328955,70.41689038497836,0.17132021606174397,0.08664960827658974,40.73134498218409,0.9068143572606481,3,,,0.05333564238785473,0.5209312500000001,1.0288499999999998,1.3637547623223107
42,8,QT-APP without tunneling,"[0, 3, 2, 19]",1.2572927015159974,41.51735486561697,0.10418187317683743,0.08329234333463564,83.54292746822726,0.8973121415640738,3,,,0.2142864676719232,0.5469778125000001,0.9774074999999998,0.36226148302533995
42,9,QT-APP without tunneling,"[0, 3, 4, 19]",1.7607002360969792,73.2341197112652,0.2321888808570598,0.08323816081395985,81.28714897131287,0.9312154901585413,3,,,0.07752049721519591,0.5743267031250001,0.9285371249999997,0.4003900873471957
42,10,QT-APP without tunneling,"[0, 2, 19]",0.9022930006811435,23.30130926036801,0.2872340235505952,0.15027592317798155,62.1392410438402,0.8956183049688253,2,,,0.5047617797116043,0.6030430382812502,0.8821102687499998,0.487537411432797
42,11,QT-APP without tunneling,"[0, 2, 3, 5, 19]",2.412493123284812,117.39679706629411,0.505592828141898,0.29332293797935927,33.003006129814466,0.8825408881595949,4,,,0.028874865524094174,0.6331951901953127,0.8380047553124997,1.6737358280110946
42,12,QT-APP without tunneling,"[0, 3, 4, 19]",2.227248378847038,140.81273750614378,0.6623355002591943,0.2342905371562073,33.613445547039625,0.8081273507635313,3,,,0.053205953850034085,0.6648549497050783,0.7961045175468747,0.07678560516912387
42,13,QT-APP without tunneling,"[0, 2, 19]",1.1650975981043679,41.98684090542119,0.7272801324375848,0.258387282104956,25.133661032347945,0.7735623486858627,2,,,0.6707160522658726,0.6648549497050783,0.7961045175468747,0.4768892373344123
42,14,QT-APP without tunneling,"[0, 2, 19]",1.389543148577826,52.215539547628104,0.8782114748359694,0.2973378848023125,19.013400465435566,0.7369793576305093,2,,,0.7512147448219436,0.6980976971903322,0.7562992916695309,0.1926409863333635
42,15,QT-APP without tunneling,"[0, 2, 19]",1.3979539234349168,53.09346970582147,0.8714073003913383,0.29717285325608744,18.92862106815474,0.7396693603508036,2,,,0.7486886503926982,0.6980976971903322,0.7562992916695309,0.006052906572709907
42,16,QT-APP without tunneling,"[0, 2, 19]",1.401253020563366,53.179655130456894,0.8639396451480339,0.29994828919051497,19.086364768096473,0.7386930336911341,2,,,0.7492242194069292,0.6980976971903322,0.7562992916695309,0.0023599469718880313
42,17,QT-APP without tunneling,"[0, 2, 19]",1.3989274800404146,54.25738521908889,0.8417198560426107,0.3012649004149708,18.873035575894882,0.7320851747023424,2,,,0.7419877711283549,0.7679074669093655,0.6806693625025778,0.0016596149937407082
42,18,QT-APP without tunneling,"[0, 2, 19]",1.4280715561147497,52.90538657207897,0.8662127936471374,0.30252451706835604,19.254580023766316,0.7354864825935474,2,,,0.7334460191243097,0.7679074669093655,0.6806693625025778,0.020833157179450897
42,19,QT-APP without tunneling,"[0, 2, 19]",1.4222290547771408,51.04208127181036,0.8647468750623863,0.308753098682362,19.37511995904759,0.7353896696033628,2,,,0.7349659545454791,0.7679074669093655,0.6806693625025778,0.004091182484933845
42,20,QT-APP without tunneling,"[0, 2, 19]",1.3371122429407685,42.13854131830103,0.7803878337828083,0.28740723875919827,21.506829615349993,0.7483501064422683,2,,,0.6974974804126022,0.7679074669093655,0.6806693625025778,0.059847470806810285
42,21,QT-APP without tunneling,"[0, 2, 19]",1.2928568362988,35.20578477335392,0.6992088500835572,0.2650034247308405,24.307105023794293,0.7615456074676873,2,,,0.6619581105059479,0.7679074669093655,0.6806693625025778,0.033097749927586975
42,22,QT-APP without tunneling,"[0, 2, 19]",1.2165765886572222,29.761132295504318,0.6028665115324967,0.24425709224041214,26.612889024112953,0.7800123826939147,2,,,0.6312089162196585,0.7679074669093655,0.6806693625025778,0.059001310508558294
42,23,QT-APP without tunneling,"[0, 2, 19]",1.2023689701569478,29.751060618259828,0.5930224881916213,0.24397134595245495,26.56842607547754,0.775743510246389,2,,,0.6300200369450439,0.7679074669093655,0.6806693625025778,0.011678359285177312
42,24,QT-APP without tunneling,"[0, 2, 19]",1.2144661036659716,29.78456790094421,0.5965485903990764,0.24303036836781033,27.49794540408108,0.7796666953941769,2,,,0.6472069519928516,0.7679074669093655,0.6806693625025778,0.010061082587190184
42,25,QT-APP without tunneling,"[0, 3, 2, 19]",1.8657720338756398,80.35650950312542,0.5239712419896746,0.2550036533010631,27.105860976393966,0.7513597341729413,3,,,0.16318702332445886,0.7679074669093655,0.6806693625025778,0.5362899205203377
42,26,QT-APP without tunneling,"[0, 2, 19]",1.2116533655529558,30.877853651554734,0.6118321491141763,0.2382965371143323,27.601530469364725,0.7748730265498651,2,,,0.6292275333315993,0.8063028402548338,0.6466358943774488,0.3505887409856436
42,27,QT-APP without tunneling,"[0, 2, 19]",1.2332018951903432,29.487257860940076,0.6081397006390165,0.2450800565974134,27.151843736449102,0.7744399598978506,2,,,0.6266738598851468,0.8466179822675756,0.6143040996585764,0.017784401256999288
42,28,QT-APP without tunneling,"[0, 2, 19]",1.2423171253104792,30.609696229762896,0.6305002238374697,0.23959798738924565,27.305257506860762,0.7737383320065031,2,,,0.6179280353436428,0.8466179822675756,0.6143040996585764,0.007391514849017579
42,29,QT-APP without tunneling,"[0, 2, 19]",1.2766373334914551,30.107160447379368,0.6485366905823902,0.24693932880725789,26.81087317806863,0.7758658153365052,2,,,0.6064544589230811,0.8466179822675756,0.6143040996585764,0.027625964000454903
42,30,QT-APP without tunneling,"[0, 3, 2, 19]",1.8813836055307624,79.48215246918848,0.5326207376054326,0.26412383193555744,26.02751751033414,0.7628342482403263,3,,,0.17609349896956705,0.9312797804943332,0.5528736896927188,0.47370248086462924
42,31,QT-APP without tunneling,"[0, 2, 19]",1.2973421072237532,30.67632069742981,0.6700362289803905,0.2505852587156093,27.179080670124648,0.778711008496509,2,,,0.5861677790225438,0.9778437695190499,0.5252300052080828,0.3104319058538004
42,32,QT-APP without tunneling,"[0, 2, 19]",1.3415961940506567,31.807878715324406,0.684767474202558,0.24429609937167085,26.69846875247837,0.7813415849464096,2,,,0.5916075437692977,1.0267359579950024,0.49896850494767864,0.034111347022879705
42,33,QT-APP without tunneling,"[0, 3, 5, 19]",2.8124207068725586,131.55854475071934,0.6205530745634654,0.30040930607102445,13.096426371840606,0.7661702761780762,3,,,0.029597211604246085,1.0267359579950024,0.49896850494767864,1.0963243033517176
42,34,QT-APP without tunneling,"[0, 3, 8, 19]",2.8082051633350016,152.62096362475916,0.5955217984631377,0.29261133256182226,25.639305268955663,0.7306604474280071,3,,,0.027456650879297016,1.0780727558947525,0.4740200797002947,0.0014989021831818224
42,35,QT-APP without tunneling,"[0, 10, 19]",2.3917787990240247,126.00950553006896,0.8092179777082118,0.1625832758602519,16.53659779391043,0.7827812585039384,2,,,0.05883153915497087,1.0780727558947525,0.4740200797002947,0.14828915271148935
42,36,QT-APP without tunneling,"[0, 2, 19]",1.2618019435948824,32.600804057100135,0.6716670081900744,0.24806142015015464,27.68468068405262,0.7752677521765355,2,,,0.5791478030346738,1.0780727558947525,0.4740200797002947,0.472442040162842
42,37,QT-APP without tunneling,"[0, 2, 19]",1.2644523708120456,32.1424398536133,0.677553579542999,0.24891103191295494,26.653678293222278,0.7801586578259495,2,,,0.5616643358792713,1.1319763936894902,0.45031907571527996,0.002100509696166862
42,38,QT-APP without tunneling,"[0, 3, 2, 19]",1.7921255096686437,80.13491019140622,0.5318746703209947,0.2698848211242222,26.51101718775371,0.7429942171146965,3,,,0.18833333239788044,1.1319763936894902,0.45031907571527996,0.4173135746645169
42,39,QT-APP without tunneling,"[0, 2, 19]",1.253781403975788,32.89657865292255,0.6843040943370609,0.2507670026800438,27.678961826852117,0.7861665171909842,2,,,0.5659310953072154,1.1885752133739649,0.4278031219295159,0.3003941982793344
42,0,QT-APP without adaptation,"[0, 2, 19]",0.8228145873722966,20.91933525021747,0.11760506580628943,0.10552989272147573,81.20196007338079,0.9437207185581487,2,1.0,0.0,0.623992829397873,0.45,1.2,0.0
42,1,QT-APP without adaptation,"[0, 2, 3, 4, 19]",2.1845036188668137,84.80021030441199,0.2761397908575898,0.1489976760398286,87.39005926701716,0.971985173427382,4,0.6234438296081749,0.19687358615017742,0.02585437045919161,0.45,1.2,1.654916007071709
42,2,QT-APP without adaptation,"[0, 3, 2, 19]",1.2514761464486308,42.23999303068191,0.10839220800175443,0.08440654618944177,82.49825660739621,0.9004149815742313,3,1.0,0.0,0.26306383571893877,0.45,1.2,0.4271118913971771
42,3,QT-APP without adaptation,"[0, 2, 19]",0.8246538234806741,19.499424305527132,0.12254632649664363,0.10769984069689287,84.22990844329735,0.9397079080096806,2,1.0,0.0,0.6094871430310986,0.45,1.2,0.34105510055398924
42,4,QT-APP without adaptation,"[0, 2, 19]",0.8288814861830743,19.128213286737733,0.1117037226239545,0.10947846236648517,82.44559892317147,0.9366797685984583,2,1.0,0.0,0.596230936686663,0.45,1.2,0.005126590797283008
42,5,QT-APP without adaptation,"[0, 2, 19]",0.8464777483593072,18.665646255383248,0.12889753448570562,0.11310205674378837,79.87598730637544,0.9371919526817675,2,1.0,0.0,0.5772891703688922,0.45,1.2,0.021228924121905673
42,6,QT-APP without adaptation,"[0, 2, 19]",0.8340485471073047,19.27771937143891,0.12506406647462956,0.11131330452459354,80.00221873204103,0.9407369840994847,2,1.0,0.0,0.5537799433781728,0.45,1.2,0.01468343530127465
42,7,QT-APP without adaptation,"[0, 3, 4, 19]",1.876093927048987,75.50592546699363,0.246350677021575,0.0824284696306622,79.25587844743161,0.9295148300593016,3,1.0,0.0,0.07253823743772618,0.45,1.2,1.2493821655295296
42,8,QT-APP without adaptation,"[0, 3, 2, 19]",1.2572927015159974,41.51735486561697,0.10418187317683743,0.08329234333463564,83.54292746822726,0.8973121415640738,3,1.0,0.0,0.2378194750855229,0.45,1.2,0.32983488545604783
42,9,QT-APP without adaptation,"[0, 3, 2, 19]",1.281129058827203,43.11237187821406,0.11026750693066993,0.08464378462316857,86.14415095569738,0.8926873496910663,3,1.0,0.0,0.22057422628805676,0.45,1.2,0.01895847902597756
42,10,QT-APP without adaptation,"[0, 2, 19]",0.9022930006811435,23.30130926036801,0.2872340235505952,0.15027592317798155,62.1392410438402,0.8956183049688253,2,1.0,0.0,0.5494571994239313,0.45,1.2,0.29570483593031704
42,11,QT-APP without adaptation,"[0, 2, 3, 5, 19]",2.412493123284812,117.39679706629411,0.505592828141898,0.29332293797935927,33.003006129814466,0.8825408881595949,4,1.0,0.0,0.030170741906281304,0.45,1.2,1.6737358280110946
42,12,QT-APP without adaptation,"[0, 3, 4, 19]",2.227248378847038,140.81273750614378,0.6623355002591943,0.2342905371562073,33.613445547039625,0.8081273507635313,3,1.0,0.0,0.056217460118844396,0.45,1.2,0.07678560516912387
42,13,QT-APP without adaptation,"[0, 2, 19]",1.1650975981043679,41.98684090542119,0.7272801324375848,0.258387282104956,25.133661032347945,0.7735623486858627,2,1.0,0.0,0.715240440133428,0.45,1.2,0.4768892373344123
42,14,QT-APP without adaptation,"[0, 2, 19]",1.389543148577826,52.215539547628104,0.8782114748359694,0.2973378848023125,19.013400465435566,0.7369793576305093,2,1.0,0.0,0.8108124720700973,0.45,1.2,0.1926409863333635
42,15,QT-APP without adaptation,"[0, 2, 19]",1.3979539234349168,53.09346970582147,0.8714073003913383,0.29717285325608744,18.92862106815474,0.7396693603508036,2,1.0,0.0,0.8123385679598079,0.45,1.2,0.006052906572709907
42,16,QT-APP without adaptation,"[0, 2, 19]",1.401253020563366,53.179655130456894,0.8639396451480339,0.29994828919051497,19.086364768096473,0.7386930336911341,2,1.0,0.0,0.8129324038469095,0.45,1.2,0.0023599469718880313
42,17,QT-APP without adaptation,"[0, 2, 19]",1.3989274800404146,54.25738521908889,0.8417198560426107,0.3012649004149708,18.873035575894882,0.7320851747023424,2,1.0,0.0,0.8047922040744869,0.45,1.2,0.0016596149937407082
42,18,QT-APP without adaptation,"[0, 2, 19]",1.4280715561147497,52.90538657207897,0.8662127936471374,0.30252451706835604,19.254580023766316,0.7354864825935474,2,1.0,0.0,0.8025243774640001,0.45,1.2,0.020833157179450897
42,19,QT-APP without adaptation,"[0, 2, 19]",1.4222290547771408,51.04208127181036,0.8647468750623863,0.308753098682362,19.37511995904759,0.7353896696033628,2,1.0,0.0,0.805542422867203,0.45,1.2,0.004091182484933845
42,20,QT-APP without adaptation,"[0, 2, 19]",1.3371122429407685,42.13854131830103,0.7803878337828083,0.28740723875919827,21.506829615349993,0.7483501064422683,2,1.0,0.0,0.7747532903139547,0.45,1.2,0.059847470806810285
42,21,QT-APP without adaptation,"[0, 2, 19]",1.2928568362988,35.20578477335392,0.6992088500835572,0.2650034247308405,24.307105023794293,0.7615456074676873,2,1.0,0.0,0.7574343890618079,0.45,1.2,0.033097749927586975
42,22,QT-APP without adaptation,"[0, 2, 19]",1.2165765886572222,29.761132295504318,0.6028665115324967,0.24425709224041214,26.612889024112953,0.7800123826939147,2,1.0,0.0,0.7407384132788973,0.45,1.2,0.059001310508558294
42,23,QT-APP without adaptation,"[0, 2, 19]",1.2023689701569478,29.751060618259828,0.5930224881916213,0.24397134595245495,26.56842607547754,0.775743510246389,2,1.0,0.0,0.7387899529032126,0.45,1.2,0.011678359285177312
42,24,QT-APP without adaptation,"[0, 2, 19]",1.2144661036659716,29.78456790094421,0.5965485903990764,0.24303036836781033,27.49794540408108,0.7796666953941769,2,1.0,0.0,0.754625995589158,0.45,1.2,0.010061082587190184
42,25,QT-APP without adaptation,"[0, 3, 2, 19]",1.8657720338756398,80.35650950312542,0.5239712419896746,0.2550036533010631,27.105860976393966,0.7513597341729413,3,1.0,0.0,0.19068879639383726,0.45,1.2,0.5362899205203377
42,26,QT-APP without adaptation,"[0, 2, 19]",1.2116533655529558,30.877853651554734,0.6118321491141763,0.2382965371143323,27.601530469364725,0.7748730265498651,2,1.0,0.0,0.7397540299140475,0.45,1.2,0.3505887409856436
42,27,QT-APP without adaptation,"[0, 2, 19]",1.2332018951903432,29.487257860940076,0.6081397006390165,0.2450800565974134,27.151843736449102,0.7744399598978506,2,1.0,0.0,0.7488276845958194,0.45,1.2,0.017784401256999288
42,28,QT-APP without adaptation,"[0, 2, 19]",1.2423171253104792,30.609696229762896,0.6305002238374697,0.23959798738924565,27.305257506860762,0.7737383320065031,2,1.0,0.0,0.7357526549920458,0.45,1.2,0.007391514849017579
42,29,QT-APP without adaptation,"[0, 2, 19]",1.2766373334914551,30.107160447379368,0.6485366905823902,0.24693932880725789,26.81087317806863,0.7758658153365052,2,1.0,0.0,0.7183647723287705,0.45,1.2,0.027625964000454903
42,30,QT-APP without adaptation,"[0, 2, 19]",1.263182037668015,29.38875778923778,0.6561770064565898,0.24498151889676734,26.351678182814645,0.7777905865534678,2,0.8873657704837079,0.04979083899857182,0.6879681298017829,0.45,1.2,0.01053963836905937
42,31,QT-APP without adaptation,"[0, 2, 19]",1.2973421072237532,30.67632069742981,0.6700362289803905,0.2505852587156093,27.179080670124648,0.778711008496509,2,0.723672369908051,0.13475688198721442,0.6282385904219686,0.45,1.2,0.02704287152372893
42,32,QT-APP without adaptation,"[0, 2, 19]",1.3415961940506567,31.807878715324406,0.684767474202558,0.24429609937167085,26.69846875247837,0.7813415849464096,2,0.6111762994561115,0.20515409122898196,0.593869779497895,0.45,1.2,0.034111347022879705
42,33,QT-APP without adaptation,"[0, 3, 4, 19]",2.4783367299045995,137.71010900363603,0.5865304419022412,0.2794374428873425,27.82553756974347,0.7988729691651768,3,0.6559789540419906,0.1756777386690657,0.060627756061079466,0.45,1.2,0.8473045323882465
42,34,QT-APP without adaptation,"[0, 12, 8, 19]",2.6960667450241815,108.8935752997215,0.6738096768429781,0.37845448216076516,22.73157370668326,0.7266202523624408,3,0.15339648019945742,0.781137223148735,0.008092559553909182,0.45,1.2,0.08785328179676506
42,35,QT-APP without adaptation,"[0, 3, 2, 19]",1.8048368797294718,80.51186984542484,0.5326256822551576,0.26772891093670503,26.97055404609655,0.7484961093459258,3,1.0,0.0,0.25453144009882855,0.45,1.2,0.33056669199290023
42,36,QT-APP without adaptation,"[0, 2, 19]",1.2618019435948824,32.600804057100135,0.6716670081900744,0.24806142015015464,27.68468068405262,0.7752677521765355,2,0.6842338544803461,0.1581064696984953,0.5980952510796658,0.45,1.2,0.3008775708395239
42,37,QT-APP without adaptation,"[0, 2, 19]",1.2644523708120456,32.1424398536133,0.677553579542999,0.24891103191295494,26.653678293222278,0.7801586578259495,2,0.6655581789429456,0.16963717648588636,0.5679046200396805,0.45,1.2,0.002100509696166862
42,38,QT-APP without adaptation,"[0, 3, 2, 19]",1.7921255096686437,80.13491019140622,0.5318746703209947,0.2698848211242222,26.51101718775371,0.7429942171146965,3,1.0,0.0,0.2577450640592037,0.45,1.2,0.4173135746645169
42,39,QT-APP without adaptation,"[0, 2, 19]",1.253781403975788,32.89657865292255,0.6843040943370609,0.2507670026800438,27.678961826852117,0.7861665171909842,2,1.0,0.0,0.6709957272768651,0.45,1.2,0.3003941982793344
42,0,QT-APP,"[0, 2, 19]",0.8228145873722966,20.91933525021747,0.11760506580628943,0.10552989272147573,81.20196007338079,0.9437207185581487,2,1.0,0.0,0.623992829397873,0.45,1.2,0.0
42,1,QT-APP,"[0, 2, 3, 4, 19]",2.1845036188668137,84.80021030441199,0.2761397908575898,0.1489976760398286,87.39005926701716,0.971985173427382,4,0.6234438296081749,0.19687358615017742,0.02585437045919161,0.45,1.2,1.654916007071709
42,2,QT-APP,"[0, 3, 2, 19]",1.2514761464486308,42.23999303068191,0.10839220800175443,0.08440654618944177,82.49825660739621,0.9004149815742313,3,1.0,0.0,0.2567677498122965,0.47250000000000003,1.14,0.4271118913971771
42,3,QT-APP,"[0, 3, 2, 19]",1.25730492149611,41.381870992350244,0.09869752480474615,0.08539947554734284,84.70991747144187,0.8991217537659716,3,1.0,0.0,0.23939017478899874,0.49612500000000004,1.083,0.004657519892824025
42,4,QT-APP,"[0, 2, 19]",0.8288814861830743,19.128213286737733,0.1117037226239545,0.10947846236648517,82.44559892317147,0.9366797685984583,2,1.0,0.0,0.549638100385603,0.49612500000000004,1.083,0.34074744160170795
42,5,QT-APP,"[0, 2, 19]",0.8464777483593072,18.665646255383248,0.12889753448570562,0.11310205674378837,79.87598730637544,0.9371919526817675,2,1.0,0.0,0.5181376662272544,0.5209312500000001,1.0288499999999998,0.021228924121905673
42,6,QT-APP,"[0, 2, 19]",0.8340485471073047,19.27771937143891,0.12506406647462956,0.11131330452459354,80.00221873204103,0.9407369840994847,2,1.0,0.0,0.5162074502145371,0.5209312500000001,1.0288499999999998,0.01468343530127465
42,7,QT-APP,"[0, 3, 5, 19]",1.9714862252328955,70.41689038497836,0.17132021606174397,0.08664960827658974,40.73134498218409,0.9068143572606481,3,1.0,0.0,0.0564526725583141,0.5209312500000001,1.0288499999999998,1.3637547623223107
42,8,QT-APP,"[0, 3, 2, 19]",1.2572927015159974,41.51735486561697,0.10418187317683743,0.08329234333463564,83.54292746822726,0.8973121415640738,3,1.0,0.0,0.2208393748161404,0.5469778125000001,0.9774074999999998,0.36226148302533995
42,9,QT-APP,"[0, 3, 4, 19]",1.7607002360969792,73.2341197112652,0.2321888808570598,0.08323816081395985,81.28714897131287,0.9312154901585413,3,1.0,0.0,0.07894379681876898,0.5743267031250001,0.9285371249999997,0.4003900873471957
42,10,QT-APP,"[0, 2, 19]",0.9022930006811435,23.30130926036801,0.2872340235505952,0.15027592317798155,62.1392410438402,0.8956183049688253,2,1.0,0.0,0.5047617797116043,0.6030430382812502,0.8821102687499998,0.487537411432797
42,11,QT-APP,"[0, 2, 3, 5, 19]",2.412493123284812,117.39679706629411,0.505592828141898,0.29332293797935927,33.003006129814466,0.8825408881595949,4,1.0,0.0,0.028874865524094174,0.6331951901953127,0.8380047553124997,1.6737358280110946
42,12,QT-APP,"[0, 3, 4, 19]",2.227248378847038,140.81273750614378,0.6623355002591943,0.2342905371562073,33.613445547039625,0.8081273507635313,3,1.0,0.0,0.053205953850034085,0.6648549497050783,0.7961045175468747,0.07678560516912387
42,13,QT-APP,"[0, 2, 19]",1.1650975981043679,41.98684090542119,0.7272801324375848,0.258387282104956,25.133661032347945,0.7735623486858627,2,1.0,0.0,0.6734087328086078,0.6648549497050783,0.7961045175468747,0.4768892373344123
42,14,QT-APP,"[0, 2, 19]",1.389543148577826,52.215539547628104,0.8782114748359694,0.2973378848023125,19.013400465435566,0.7369793576305093,2,1.0,0.0,0.7537275560542128,0.6980976971903322,0.7562992916695309,0.1926409863333635
42,15,QT-APP,"[0, 2, 19]",1.3979539234349168,53.09346970582147,0.8714073003913383,0.29717285325608744,18.92862106815474,0.7396693603508036,2,1.0,0.0,0.7512325652337205,0.6980976971903322,0.7562992916695309,0.006052906572709907
42,16,QT-APP,"[0, 2, 19]",1.401253020563366,53.179655130456894,0.8639396451480339,0.29994828919051497,19.086364768096473,0.7386930336911341,2,1.0,0.0,0.7515706672528429,0.6980976971903322,0.7562992916695309,0.0023599469718880313
42,17,QT-APP,"[0, 2, 19]",1.3989274800404146,54.25738521908889,0.8417198560426107,0.3012649004149708,18.873035575894882,0.7320851747023424,2,1.0,0.0,0.7419877711283549,0.7679074669093655,0.6806693625025778,0.0016596149937407082
42,18,QT-APP,"[0, 2, 19]",1.4280715561147497,52.90538657207897,0.8662127936471374,0.30252451706835604,19.254580023766316,0.7354864825935474,2,1.0,0.0,0.7334460191243097,0.7679074669093655,0.6806693625025778,0.020833157179450897
42,19,QT-APP,"[0, 2, 19]",1.4222290547771408,51.04208127181036,0.8647468750623863,0.308753098682362,19.37511995904759,0.7353896696033628,2,1.0,0.0,0.7349659545454791,0.7679074669093655,0.6806693625025778,0.004091182484933845
42,20,QT-APP,"[0, 2, 19]",1.3371122429407685,42.13854131830103,0.7803878337828083,0.28740723875919827,21.506829615349993,0.7483501064422683,2,1.0,0.0,0.6974974804126022,0.7679074669093655,0.6806693625025778,0.059847470806810285
42,21,QT-APP,"[0, 2, 19]",1.2928568362988,35.20578477335392,0.6992088500835572,0.2650034247308405,24.307105023794293,0.7615456074676873,2,1.0,0.0,0.6619581105059479,0.7679074669093655,0.6806693625025778,0.033097749927586975
42,22,QT-APP,"[0, 2, 19]",1.2165765886572222,29.761132295504318,0.6028665115324967,0.24425709224041214,26.612889024112953,0.7800123826939147,2,1.0,0.0,0.6312089162196585,0.7679074669093655,0.6806693625025778,0.059001310508558294
42,23,QT-APP,"[0, 2, 19]",1.2023689701569478,29.751060618259828,0.5930224881916213,0.24397134595245495,26.56842607547754,0.775743510246389,2,1.0,0.0,0.6300200369450439,0.7679074669093655,0.6806693625025778,0.011678359285177312
42,24,QT-APP,"[0, 2, 19]",1.2144661036659716,29.78456790094421,0.5965485903990764,0.24303036836781033,27.49794540408108,0.7796666953941769,2,1.0,0.0,0.6472069519928516,0.7679074669093655,0.6806693625025778,0.010061082587190184
42,25,QT-APP,"[0, 3, 2, 19]",1.8657720338756398,80.35650950312542,0.5239712419896746,0.2550036533010631,27.105860976393966,0.7513597341729413,3,1.0,0.0,0.16318702332445886,0.7679074669093655,0.6806693625025778,0.5362899205203377
42,26,QT-APP,"[0, 2, 19]",1.2116533655529558,30.877853651554734,0.6118321491141763,0.2382965371143323,27.601530469364725,0.7748730265498651,2,1.0,0.0,0.6292275333315993,0.8063028402548338,0.6466358943774488,0.3505887409856436
42,27,QT-APP,"[0, 2, 19]",1.2332018951903432,29.487257860940076,0.6081397006390165,0.2450800565974134,27.151843736449102,0.7744399598978506,2,1.0,0.0,0.6266738598851468,0.8466179822675756,0.6143040996585764,0.017784401256999288
42,28,QT-APP,"[0, 2, 19]",1.2423171253104792,30.609696229762896,0.6305002238374697,0.23959798738924565,27.305257506860762,0.7737383320065031,2,1.0,0.0,0.6179280353436428,0.8466179822675756,0.6143040996585764,0.007391514849017579
42,29,QT-APP,"[0, 2, 19]",1.2766373334914551,30.107160447379368,0.6485366905823902,0.24693932880725789,26.81087317806863,0.7758658153365052,2,1.0,0.0,0.6064544589230811,0.8466179822675756,0.6143040996585764,0.027625964000454903
42,30,QT-APP,"[0, 3, 2, 19]",1.8813836055307624,79.48215246918848,0.5326207376054326,0.26412383193555744,26.02751751033414,0.7628342482403263,3,1.0,0.0,0.17609349896956705,0.9312797804943332,0.5528736896927188,0.47370248086462924
42,31,QT-APP,"[0, 2, 19]",1.2973421072237532,30.67632069742981,0.6700362289803905,0.2505852587156093,27.179080670124648,0.778711008496509,2,1.0,0.0,0.5861677790225438,0.9778437695190499,0.5252300052080828,0.3104319058538004
42,32,QT-APP,"[0, 2, 19]",1.3415961940506567,31.807878715324406,0.684767474202558,0.24429609937167085,26.69846875247837,0.7813415849464096,2,1.0,0.0,0.5916075437692977,1.0267359579950024,0.49896850494767864,0.034111347022879705
42,33,QT-APP,"[0, 3, 5, 19]",2.8124207068725586,131.55854475071934,0.6205530745634654,0.30040930607102445,13.096426371840606,0.7661702761780762,3,1.0,0.0,0.029597211604246085,1.0267359579950024,0.49896850494767864,1.0963243033517176
42,34,QT-APP,"[0, 3, 8, 19]",2.8082051633350016,152.62096362475916,0.5955217984631377,0.29261133256182226,25.639305268955663,0.7306604474280071,3,1.0,0.0,0.027456650879297016,1.0780727558947525,0.4740200797002947,0.0014989021831818224
42,35,QT-APP,"[0, 10, 19]",2.3917787990240247,126.00950553006896,0.8092179777082118,0.1625832758602519,16.53659779391043,0.7827812585039384,2,1.0,0.0,0.05883153915497087,1.0780727558947525,0.4740200797002947,0.14828915271148935
42,36,QT-APP,"[0, 2, 19]",1.2618019435948824,32.600804057100135,0.6716670081900744,0.24806142015015464,27.68468068405262,0.7752677521765355,2,1.0,0.0,0.5791478030346738,1.0780727558947525,0.4740200797002947,0.472442040162842
42,37,QT-APP,"[0, 2, 19]",1.2644523708120456,32.1424398536133,0.677553579542999,0.24891103191295494,26.653678293222278,0.7801586578259495,2,1.0,0.0,0.5616643358792713,1.1319763936894902,0.45031907571527996,0.002100509696166862
42,38,QT-APP,"[0, 3, 2, 19]",1.7921255096686437,80.13491019140622,0.5318746703209947,0.2698848211242222,26.51101718775371,0.7429942171146965,3,1.0,0.0,0.18833333239788044,1.1319763936894902,0.45031907571527996,0.4173135746645169
42,39,QT-APP,"[0, 2, 19]",1.253781403975788,32.89657865292255,0.6843040943370609,0.2507670026800438,27.678961826852117,0.7861665171909842,2,1.0,0.0,0.5659310953072154,1.1885752133739649,0.4278031219295159,0.3003941982793344
43,0,Dijkstra,"[0, 1, 9, 19]",2.1133600468928426,69.0158982771708,0.23326517001522926,0.12477138748371086,74.19865241401662,0.9039278975094239,3,,,,,,0.0
43,1,Dijkstra,"[0, 1, 9, 19]",2.1429087958554165,69.64215983807563,0.2501282341630793,0.11780082911052436,73.75787996819922,0.9035108095011838,3,,,,,,0.013981881130959096
43,2,Dijkstra,"[0, 1, 9, 19]",2.0207816175705156,67.76387969129034,0.23976826889174355,0.11644701854723394,73.61383285221201,0.9087486709560028,3,,,,,,0.05699130943935
43,3,Dijkstra,"[0, 1, 9, 19]",1.9877584958156218,68.12209476779245,0.23220327316079,0.10898160606523521,74.1902291017115,0.9093201615825359,3,,,,,,0.01634175680724758
43,4,Dijkstra,"[0, 1, 9, 19]",2.0505145854227353,69.5141917450097,0.2464903854062995,0.10426126255845891,75.56303953964618,0.9108234946557259,3,,,,,,0.03157128481111752
43,5,Dijkstra,"[0, 1, 9, 19]",2.041774397118531,68.30726792991652,0.24022663495238974,0.10036615893675538,75.72007498997647,0.9077919847685673,3,,,,,,0.004262436544630731
43,6,Dijkstra,"[0, 1, 9, 19]",2.0484080525890476,69.46472803794717,0.2476616780157779,0.09919300003118692,76.1884893177753,0.9068290618966725,3,,,,,,0.0032489659385866597
43,7,Dijkstra,"[0, 1, 9, 19]",2.0361315477794553,69.51514228864102,0.23941979234091548,0.09771483725845864,74.85437434483212,0.907631614281532,3,,,,,,0.005993193003745343
43,8,Dijkstra,"[0, 1, 9, 19]",2.0439289789054853,70.17769126790512,0.23356596757582318,0.09705978930822723,73.32586014400533,0.9070777531323794,3,,,,,,0.0038295321019576013
43,9,Dijkstra,"[0, 4, 5, 9, 19]",2.251494876971777,56.8832384018269,0.2906072874649831,0.15150063443759076,73.07257221843928,0.9316852701198222,4,,,,,,0.10155240236255292
43,10,Dijkstra,"[0, 4, 5, 9, 19]",2.3757918398538695,73.35026239693713,0.4427443078003841,0.21770160723757692,54.491072172057386,0.8902894085155306,4,,,,,,0.05520641603647342
43,11,Dijkstra,"[0, 4, 5, 9, 19]",2.508328680098551,89.27034037765297,0.5870265780887802,0.2901006733807898,41.56936421502136,0.8487897405003154,4,,,,,,0.055786385836241216
43,12,Dijkstra,"[0, 4, 5, 9, 19]",2.7052215288397723,111.88252493873169,0.7475610564734931,0.3453325808634705,30.8522893533374,0.807241347792262,4,,,,,,0.07849563348830567
43,13,Dijkstra,"[0, 4, 5, 9, 19]",3.0792165943270966,142.62037284104264,0.88307966592295,0.39569084284876377,23.056711049775622,0.7646120173868505,4,,,,,,0.13824933060019118
43,14,Dijkstra,"[0, 4, 5, 9, 19]",3.5632872787879837,184.05392358387482,0.9613875688142002,0.45404666904064417,17.223776057940125,0.7278617543322059,4,,,,,,0.15720579232805523
43,15,Dijkstra,"[0, 4, 5, 9, 19]",3.498978591136279,181.15147278396407,0.9565745463080216,0.44660140331880316,17.228205930440758,0.7289668211723801,4,,,,,,0.018047573103221262
43,16,Dijkstra,"[0, 4, 5, 9, 19]",3.5318988294477873,183.15307168465785,0.9587172221908928,0.43888141805953906,17.07441565770683,0.7327830619363246,4,,,,,,0.009408528075851252
43,17,Dijkstra,"[0, 4, 5, 9, 19]",3.5246833728129476,181.2323935378126,0.9536280265341035,0.4398244176440439,16.930393203145,0.7276150247878781,4,,,,,,0.0020429397848770845
43,18,Dijkstra,"[0, 4, 5, 9, 19]",3.4864615899926963,183.34049619807925,0.9516608651468685,0.44137362442657346,17.552326401707603,0.7326292277324593,4,,,,,,0.010844033003097142
43,19,Dijkstra,"[0, 4, 5, 9, 19]",3.455375622582842,181.1739138121274,0.9489578683479002,0.44798437332678454,17.397469321845257,0.7337452591051883,4,,,,,,0.008916193856568371
43,20,Dijkstra,"[0, 4, 5, 9, 19]",3.102196322597521,151.15126096943553,0.8622667191832034,0.42014827989083703,19.042993366299985,0.7564012868215952,4,,,,,,0.10221155051193094
43,21,Dijkstra,"[0, 1, 9, 19]",2.5266126117448113,147.09547126630972,0.7066722968144671,0.3042940310104014,23.31495850023588,0.7588883062741482,3,,,,,,0.185540710837657
43,22,Dijkstra,"[0, 1, 9, 19]",2.3646124939065394,125.13087248464882,0.6199582920690873,0.2798720979840952,25.594679868274834,0.7828291900689434,3,,,,,,0.06411751333988593
43,23,Dijkstra,"[0, 1, 9, 19]",2.294031103465336,124.03846849380896,0.6080826375714116,0.282358554787991,25.256101777717515,0.7881811770395638,3,,,,,,0.029849030495731326
43,24,Dijkstra,"[0, 1, 9, 19]",2.2500779592656532,121.2310965154964,0.5979667085218962,0.2829519325503609,24.78642056529186,0.7899619536345801,3,,,,,,0.01915978564252571
43,25,Dijkstra,"[0, 1, 9, 19]",2.273337594667976,123.26289126282272,0.5947605990796426,0.2741645053272641,25.589659220236513,0.792054886522383,3,,,,,,0.010337257563250745
43,26,Dijkstra,"[0, 1, 9, 19]",2.3387706226336378,126.45719071801253,0.6038238240957535,0.26725567845764897,25.681394683687273,0.7964293878581131,3,,,,,,0.028782802923390024
43,27,Dijkstra,"[0, 1, 9, 19]",2.3466354205823827,129.63228634995784,0.5894106614380665,0.2669973434961723,26.17266944519331,0.7942009342045083,3,,,,,,0.0033627914908083527
43,28,Dijkstra,"[0, 1, 9, 19]",2.3053402204467837,129.41782844206367,0.5980465876848646,0.2617170004113252,26.39053886521982,0.7990018953083302,3,,,,,,0.017597620735372056
43,29,Dijkstra,"[0, 1, 9, 19]",2.3256931476288276,129.93343341270355,0.5936408037089196,0.2607953342503574,25.93269971007044,0.8047641673492926,3,,,,,,0.008828600222009523
43,30,Dijkstra,"[0, 1, 9, 19]",2.3132473671258524,130.35746324057922,0.5775525748836824,0.26277067181423097,25.142375186691368,0.8032725178319068,3,,,,,,0.005351428461516662
43,31,Dijkstra,"[0, 1, 9, 19]",2.2939577397591835,128.61461662867634,0.5739302681818632,0.2623211382284718,25.760232943071454,0.8052886844151615,3,,,,,,0.008338765512412877
43,32,Dijkstra,"[0, 1, 9, 19]",2.3178739337075167,126.19667765762117,0.5893501267993674,0.2587084864045106,26.28337825569163,0.8029178532599294,3,,,,,,0.010425734325360286
43,33,Dijkstra,"[0, 1, 9, 19]",2.229350861770646,124.28504838762018,0.5805871132343362,0.25909907586213554,26.623999063476656,0.8037176665900373,3,,,,,,0.038191495512128644
43,34,Dijkstra,"[0, 1, 9, 19]",2.1715881600873232,123.88135505267208,0.5612820250045946,0.260550065404097,25.916144720373776,0.803211593384675,3,,,,,,0.025910099066884993
43,35,Dijkstra,"[0, 1, 9, 19]",2.170769162780205,125.94465475459594,0.5572781455943369,0.26195594614051676,26.466868219840183,0.7994781299356736,3,,,,,,0.0003771420945145955
43,36,Dijkstra,"[0, 1, 9, 19]",2.1816137115166687,125.20890491864797,0.5551435450248513,0.2656891709344287,26.942525118710318,0.8023035735181322,3,,,,,,0.0049957171505858235
43,37,Dijkstra,"[0, 1, 9, 19]",2.1857559130500426,124.46235030669426,0.5496504678357049,0.272536510820802,26.430549316674355,0.7995999940804664,3,,,,,,0.0018986869726328305
43,38,Dijkstra,"[0, 1, 9, 19]",2.2055127581958924,123.86891232792368,0.5540484299394023,0.2737022088538892,26.765714498892493,0.805685832078968,3,,,,,,0.009038907330819388
43,39,Dijkstra,"[0, 1, 9, 19]",2.245662627731097,124.24964236323686,0.5421481423312233,0.27490317348586757,26.465724492235143,0.7979982115167088,3,,,,,,0.018204324316875537
43,0,QT-APP without tunneling,"[0, 1, 9, 19]",2.1133600468928426,69.0158982771708,0.23326517001522926,0.12477138748371086,74.19865241401662,0.9039278975094239,3,,,0.32828260382317237,0.45,1.2,0.0
43,1,QT-APP without tunneling,"[0, 6, 9, 19]",2.346641082453508,83.77723710951405,0.27572239614607946,0.0845627122229955,61.12031903724858,0.9195668441374543,3,,,0.20880801167352808,0.45,1.2,0.11038395275033504
43,2,QT-APP without tunneling,"[0, 1, 9, 19]",2.0207816175705156,67.76387969129034,0.23976826889174355,0.11644701854723394,73.61383285221201,0.9087486709560028,3,,,0.3243931259733038,0.45,1.2,0.13886208134662553
43,3,QT-APP without tunneling,"[0, 1, 9, 19]",1.9877584958156218,68.12209476779245,0.23220327316079,0.10898160606523521,74.1902291017115,0.9093201615825359,3,,,0.31871880234292843,0.45,1.2,0.01634175680724758
43,4,QT-APP without tunneling,"[0, 4, 5, 9, 19]",2.2450720351936906,56.69057247367639,0.29957084719189353,0.1556636046394384,75.65827630943653,0.9321296035421158,4,,,0.20930212156550004,0.45,1.2,0.12944909551121667
43,5,QT-APP without tunneling,"[0, 13, 14, 16, 9, 19]",2.7605809568810002,91.13543674831753,0.16218914363752926,0.14533836830014701,58.987883411324006,0.9313513437741063,5,,,0.07682697869579645,0.45,1.2,0.22961798713190726
43,6,QT-APP without tunneling,"[0, 6, 9, 19]",2.3203341838582965,85.18838188147534,0.28509542957222717,0.067359684579263,62.131640479520506,0.9187483643546783,3,,,0.19198025671696287,0.47250000000000003,1.14,0.15947613198060664
43,7,QT-APP without tunneling,"[0, 6, 9, 19]",2.277542733663512,83.68368589169968,0.2816976180857424,0.06493941299331296,60.54668574008209,0.923611395858272,3,,,0.20223342507199799,0.47250000000000003,1.14,0.01844193413710344
43,8,QT-APP without tunneling,"[0, 1, 9, 19]",2.0439289789054853,70.17769126790512,0.23356596757582318,0.09705978930822723,73.32586014400533,0.9070777531323794,3,,,0.3281786448016331,0.47250000000000003,1.14,0.10257272072443199
43,9,QT-APP without tunneling,"[0, 13, 1, 9, 19]",2.729627018133622,73.61383874427749,0.343977674242002,0.1280151196787137,52.11349375296297,0.9308922671591991,4,,,0.08617287588063569,0.47250000000000003,1.14,0.3354803646823995
43,10,QT-APP without tunneling,"[0, 4, 5, 9, 19]",2.3757918398538695,73.35026239693713,0.4427443078003841,0.21770160723757692,54.491072172057386,0.8902894085155306,4,,,0.23433357300449334,0.49612500000000004,1.083,0.1296276655854933
43,11,QT-APP without tunneling,"[0, 13, 1, 9, 19]",3.0008419193482774,111.95837450225605,0.6531879572707018,0.26913772396277247,30.596537257297047,0.8488209938001215,4,,,0.09408670053354011,0.49612500000000004,1.083,0.26309126456670273
43,12,QT-APP without tunneling,"[0, 1, 9, 19]",2.603497184889952,140.61556018368947,0.6825558395619051,0.2577199347616619,32.44321110043761,0.7809350866697212,3,,,0.33099589999429296,0.5209312500000001,1.0288499999999998,0.13241108500131207
43,13,QT-APP without tunneling,"[0, 1, 9, 19]",2.9561861899550244,179.27221475513753,0.8161136299847435,0.2959036195008946,24.530371794476974,0.7342135099055657,3,,,0.36147960943400165,0.5209312500000001,1.0288499999999998,0.13546740404099192
43,14,QT-APP without tunneling,"[0, 13, 1, 9, 19]",4.028152263775533,221.89536225938676,0.9707653439883255,0.4288321600438413,12.978248163672914,0.7275829688448231,4,,,0.10571908552876015,0.5209312500000001,1.0288499999999998,0.36261791542866856
43,15,QT-APP without tunneling,"[0, 1, 9, 19]",3.3183973656567796,224.10848569476224,0.8831912053767396,0.34050290188923016,18.626299813730697,0.7006393704068041,3,,,0.3872201956005673,0.5469778125000001,0.9774074999999998,0.17619862697382496
43,16,QT-APP without tunneling,"[0, 1, 9, 19]",3.2638955162839722,216.72623565035073,0.8774749948512834,0.3412273989244299,18.54050322648622,0.7059430924759474,3,,,0.4128623880015729,0.5469778125000001,0.9774074999999998,0.016424147974822265
43,17,QT-APP without tunneling,"[0, 1, 9, 19]",3.1878747846694746,209.4741625122527,0.8672236426086775,0.3434312654085041,18.532950287992353,0.7043145396928052,3,,,0.43484101788101426,0.5469778125000001,0.9774074999999998,0.023291410903082205
43,18,QT-APP without tunneling,"[0, 1, 9, 19]",3.2093918270502133,209.56807512033822,0.8934229085799851,0.3442061541688666,18.926770193211606,0.7112568868246284,3,,,0.42836357817419063,0.5469778125000001,0.9774074999999998,0.006749651047843661
43,19,QT-APP without tunneling,"[0, 13, 1, 9, 19]",4.006422525620757,227.39477811893354,0.9502925020585238,0.44400492910666056,12.915797647482348,0.7382402061692412,4,,,0.0825852092097262,0.5469778125000001,0.9774074999999998,0.2483432193765831
43,20,QT-APP without tunneling,"[0, 13, 1, 9, 19]",3.633089992232449,191.05416436186763,0.868393659429898,0.41778239771676007,14.492898120143096,0.7598094975792206,4,,,0.08416196546567252,0.5743267031250001,0.9285371249999997,0.09318351496899689
43,21,QT-APP without tunneling,"[0, 1, 4, 5, 9, 19]",3.9166243933722535,210.27066805250433,0.7589296084032132,0.42082810062353837,21.12675861684228,0.7603922689904411,5,,,0.027516049780737982,0.5743267031250001,0.9285371249999997,0.07804221798689306
43,22,QT-APP without tunneling,"[0, 1, 9, 19]",2.3646124939065394,125.13087248464882,0.6199582920690873,0.2798720979840952,25.594679868274834,0.7828291900689434,3,,,0.45389491816488137,0.5743267031250001,0.9285371249999997,0.3962626342449489
43,23,QT-APP without tunneling,"[0, 1, 4, 5, 9, 19]",3.6129397935490184,174.7959847065572,0.6839958614200313,0.3895113157123916,23.09402399489049,0.786858373183785,5,,,0.032008819124640646,0.6030430382812502,0.8821102687499998,0.5279204532917514
43,24,QT-APP without tunneling,"[0, 4, 5, 9, 19]",2.7460130389747963,112.05721006314327,0.7101876777247185,0.36865750383565965,22.75442809031924,0.803932877661817,4,,,0.16321376495132722,0.6331951901953127,0.8380047553124997,0.23995051235620876
43,25,QT-APP without tunneling,"[0, 6, 9, 19]",2.9130496488661906,146.45889978467764,0.7040524193895329,0.26052833904924744,17.763565584708136,0.7745927644299129,3,,,0.12254015683821755,0.6648549497050783,0.7961045175468747,0.060828775217234995
43,26,QT-APP without tunneling,"[0, 1, 9, 19]",2.3387706226336378,126.45719071801253,0.6038238240957535,0.26725567845764897,25.681394683687273,0.7964293878581131,3,,,0.43556624010647466,0.6648549497050783,0.7961045175468747,0.19714014364845175
43,27,QT-APP without tunneling,"[0, 4, 1, 9, 19]",3.4362728698629526,172.26111156033917,0.6736509358396519,0.37377068335182173,21.727090029622822,0.7971911344779243,4,,,0.04902057748472264,0.6648549497050783,0.7961045175468747,0.46926459423089634
43,28,QT-APP without tunneling,"[0, 1, 9, 19]",2.3053402204467837,129.41782844206367,0.5980465876848646,0.2617170004113252,26.39053886521982,0.7990018953083302,3,,,0.4384983509624163,0.6980976971903322,0.7562992916695309,0.3291160778687734
43,29,QT-APP without tunneling,"[0, 1, 9, 19]",2.3256931476288276,129.93343341270355,0.5936408037089196,0.2607953342503574,25.93269971007044,0.8047641673492926,3,,,0.4285057555087343,0.7330025820498488,0.7184843270860544,0.008828600222009523
43,30,QT-APP without tunneling,"[0, 1, 9, 19]",2.3132473671258524,130.35746324057922,0.5775525748836824,0.26277067181423097,25.142375186691368,0.8032725178319068,3,,,0.43810950061113063,0.7330025820498488,0.7184843270860544,0.005351428461516662
43,31,QT-APP without tunneling,"[0, 4, 5, 9, 19]",2.863307435073567,117.47720644926856,0.7002760818289381,0.37607557707841244,22.67183674653949,0.8113593436150933,4,,,0.14689524594637898,0.7330025820498488,0.7184843270860544,0.23778696380022238
43,32,QT-APP without tunneling,"[0, 1, 9, 19]",2.3178739337075167,126.19667765762117,0.5893501267993674,0.2587084864045106,26.28337825569163,0.8029178532599294,3,,,0.475655439543273,0.7696527111523412,0.6825601107317516,0.19049072226225566
43,33,QT-APP without tunneling,"[0, 6, 9, 19]",2.9272556556857676,151.75401362836868,0.6889471949799857,0.26426921401368253,17.951889822989468,0.789576593427992,3,,,0.11742580376413955,0.7696527111523412,0.6825601107317516,0.2629054639755686
43,34,QT-APP without tunneling,"[0, 15, 1, 9, 19]",3.5134161938245647,177.72006377198318,0.6712458160478917,0.44765517929714727,25.555167315820146,0.7931129812952938,4,,,0.03254902918326467,0.8081353467099583,0.648432105195164,0.200242345420109
43,35,QT-APP without tunneling,"[0, 13, 14, 16, 9, 19]",3.299042725055691,167.2818526275445,0.5057089692311314,0.4372581406370698,17.69013288968876,0.7932105019046007,5,,,0.04911535369847187,0.8485421140454563,0.6160104999354058,0.06101567731875091
43,36,QT-APP without tunneling,"[0, 13, 14, 16, 9, 19]",3.353740736713619,165.8105503101771,0.5160899693137248,0.4408721918362686,17.524726539644302,0.793219528614298,5,,,0.04578521222755649,0.8485421140454563,0.6160104999354058,0.016579964618980415
43,37,QT-APP without tunneling,"[0, 4, 5, 9, 19]",2.8227040299381976,126.74722480750674,0.6627163636946948,0.37235993017250124,22.520439475071374,0.8068002995117713,4,,,0.1354183863299044,0.8485421140454563,0.6160104999354058,0.15834160970230288
43,38,QT-APP without tunneling,"[0, 1, 9, 19]",2.2055127581958924,123.86891232792368,0.5540484299394023,0.2737022088538892,26.765714498892493,0.805685832078968,3,,,0.4881936921599456,0.8485421140454563,0.6160104999354058,0.2186524925023111
43,39,QT-APP without tunneling,"[0, 1, 9, 19]",2.245662627731097,124.24964236323686,0.5421481423312233,0.27490317348586757,26.465724492235143,0.7979982115167088,3,,,0.46943583588108573,0.8909692197477291,0.5852099749386355,0.018204324316875537
43,0,QT-APP without adaptation,"[0, 1, 9, 19]",2.1133600468928426,69.0158982771708,0.23326517001522926,0.12477138748371086,74.19865241401662,0.9039278975094239,3,0.320972120966254,0.47350042091511174,0.29649756476870526,0.45,1.2,0.0
43,1,QT-APP without adaptation,"[0, 4, 5, 9, 19]",2.3786675609496766,57.608649224728474,0.30939018165000565,0.16736036559503975,73.14346803122426,0.9255762588856759,4,0.7311708485658671,0.13046171982167806,0.359651439998652,0.45,1.2,0.12553824628553048
43,2,QT-APP without adaptation,"[0, 1, 9, 19]",2.0207816175705156,67.76387969129034,0.23976826889174355,0.11644701854723394,73.61383285221201,0.9087486709560028,3,0.3670841650233775,0.41756838530478135,0.26642829270489726,0.45,1.2,0.1504564779267751
43,3,QT-APP without adaptation,"[0, 1, 9, 19]",1.9877584958156218,68.12209476779245,0.23220327316079,0.10898160606523521,74.1902291017115,0.9093201615825359,3,0.3598600559140134,0.42585002361693675,0.2536470436402792,0.45,1.2,0.01634175680724758
43,4,QT-APP without adaptation,"[0, 4, 5, 9, 19]",2.2450720351936906,56.69057247367639,0.29957084719189353,0.1556636046394384,75.65827630943653,0.9321296035421158,4,0.67881446678994,0.16141976397839106,0.3538868310125856,0.45,1.2,0.12944909551121667
43,5,QT-APP without adaptation,"[0, 13, 14, 16, 9, 19]",2.7605809568810002,91.13543674831753,0.16218914363752926,0.14533836830014701,58.987883411324006,0.9313513437741063,5,0.6699932272324276,0.16686986469022277,0.12443116728181944,0.45,1.2,0.22961798713190726
43,6,QT-APP without adaptation,"[0, 4, 5, 9, 19]",2.2961632586670477,57.676853564013264,0.3032219308109677,0.16711005305752236,76.44954589727774,0.925896341606072,4,0.7472226584275956,0.1214133616996725,0.3848485065867974,0.45,1.2,0.16823187056200942
43,7,QT-APP without adaptation,"[0, 4, 5, 9, 19]",2.2860222798093766,56.51151320879784,0.30913702716597696,0.1637206737729131,74.16298795324163,0.9259428342093704,4,1.0,0.0,0.4412096761917983,0.45,1.2,0.004416488600883783
43,8,QT-APP without adaptation,"[0, 1, 9, 19]",2.0439289789054853,70.17769126790512,0.23356596757582318,0.09705978930822723,73.32586014400533,0.9070777531323794,3,0.36577275517598046,0.4190595941285648,0.266032569479289,0.45,1.2,0.10590154918528553
43,9,QT-APP without adaptation,"[0, 4, 5, 9, 19]",2.251494876971777,56.8832384018269,0.2906072874649831,0.15150063443759076,73.07257221843928,0.9316852701198222,4,1.0,0.0,0.49862474107986987,0.45,1.2,0.10155240236255292
43,10,QT-APP without adaptation,"[0, 4, 5, 9, 19]",2.3757918398538695,73.35026239693713,0.4427443078003841,0.21770160723757692,54.491072172057386,0.8902894085155306,4,1.0,0.0,0.5032576101659982,0.45,1.2,0.05520641603647342
43,11,QT-APP without adaptation,"[0, 6, 9, 19]",2.722760653505907,136.02343931265392,0.5785920847484481,0.18374511790879489,34.7422577127162,0.8324733430913335,3,0.18340691628225314,0.7066866701700687,0.06224460097336076,0.45,1.2,0.1460434402676367
43,12,QT-APP without adaptation,"[0, 1, 9, 19]",2.603497184889952,140.61556018368947,0.6825558395619051,0.2577199347616619,32.44321110043761,0.7809350866697212,3,0.38007810885007576,0.40307437407444535,0.2618993360371739,0.45,1.2,0.04380240637838932
43,13,QT-APP without adaptation,"[0, 1, 9, 19]",2.9561861899550244,179.27221475513753,0.8161136299847435,0.2959036195008946,24.530371794476974,0.7342135099055657,3,0.35819852946453595,0.4277782894630931,0.3518367054054454,0.45,1.2,0.13546740404099192
43,14,QT-APP without adaptation,"[0, 13, 14, 16, 9, 19]",4.370555133011311,284.8891257980293,0.8262315710041118,0.5140964378650295,13.158300687180253,0.7248474655290255,5,0.6255079626222328,0.19549634131026408,0.15502640859280192,0.45,1.2,0.4784437962203608
43,15,QT-APP without adaptation,"[0, 1, 9, 19]",3.3183973656567796,224.10848569476224,0.8831912053767396,0.34050290188923016,18.626299813730697,0.7006393704068041,3,0.3556460808400849,0.43075799898895045,0.5359426168847352,0.45,1.2,0.24073778623851724
43,16,QT-APP without adaptation,"[0, 1, 9, 19]",3.2638955162839722,216.72623565035073,0.8774749948512834,0.3412273989244299,18.54050322648622,0.7059430924759474,3,0.3589298842139629,0.42692842423552896,0.5852015180020206,0.45,1.2,0.016424147974822265
43,17,QT-APP without adaptation,"[0, 1, 9, 19]",3.1878747846694746,209.4741625122527,0.8672236426086775,0.3434312654085041,18.532950287992353,0.7043145396928052,3,0.3394158693636978,0.4502204875680957,0.5937917220326042,0.45,1.2,0.023291410903082205
43,18,QT-APP without adaptation,"[0, 1, 9, 19]",3.2093918270502133,209.56807512033822,0.8934229085799851,0.3442061541688666,18.926770193211606,0.7112568868246284,3,0.3640149334751548,0.42106682756512337,0.5874512103652831,0.45,1.2,0.006749651047843661
43,19,QT-APP without adaptation,"[0, 13, 1, 9, 19]",4.006422525620757,227.39477811893354,0.9502925020585238,0.44400492910666056,12.915797647482348,0.7382402061692412,4,0.09142386431139118,0.9967703071263514,0.028007856155315338,0.45,1.2,0.2483432193765831
43,20,QT-APP without adaptation,"[0, 13, 14, 16, 9, 19]",3.804914252539849,230.0260509290568,0.7288621785292548,0.4942026369968161,14.203257595566251,0.7596164340553718,5,0.8065047799223188,0.08960227278598587,0.16124993728713058,0.45,1.2,0.05029631093382651
43,21,QT-APP without adaptation,"[0, 4, 1, 9, 19]",3.725601003385883,201.6122807262553,0.7802992121962476,0.40070267773593693,19.639733464804372,0.7650068979729931,4,0.0839904315417844,1.0321051653516407,0.009426156826516322,0.45,1.2,0.020844950474514186
43,22,QT-APP without adaptation,"[0, 1, 9, 19]",2.3646124939065394,125.13087248464882,0.6199582920690873,0.2798720979840952,25.594679868274834,0.7828291900689434,3,0.468841291429879,0.3156212356705878,0.5860001453042687,0.45,1.2,0.3653071029996117
43,23,QT-APP without adaptation,"[0, 13, 14, 16, 9, 19]",3.216144795768117,161.26109154255147,0.5434266584382439,0.4323062946875691,16.600948948110545,0.8010607837582621,5,1.0,0.0,0.1635178963980148,0.45,1.2,0.3601149465529443
43,24,QT-APP without adaptation,"[0, 1, 9, 19]",2.2500779592656532,121.2310965154964,0.5979667085218962,0.2829519325503609,24.78642056529186,0.7899619536345801,3,0.6322870810828077,0.1910048940635053,0.5584807780008614,0.45,1.2,0.3003803926283538
43,25,QT-APP without adaptation,"[0, 4, 5, 9, 19]",2.768542917727494,114.38354125161116,0.7007533260317995,0.36314065261670514,22.751326295272932,0.8041701119075736,4,0.5035018240073701,0.28590331007247277,0.15425205066387362,0.45,1.2,0.23042088667498864
43,26,QT-APP without adaptation,"[0, 1, 9, 19]",2.3387706226336378,126.45719071801253,0.6038238240957535,0.26725567845764897,25.681394683687273,0.7964293878581131,3,0.8003362243355823,0.0928013996615874,0.6275626447294016,0.45,1.2,0.15523410973402094
43,27,QT-APP without adaptation,"[0, 13, 14, 16, 9, 19]",3.3951924149039305,166.18638856259403,0.5347569037715199,0.4234641731466108,16.78052839797116,0.7960051583121718,5,1.0,0.0,0.09299494369159081,0.45,1.2,0.4516996160489991
43,28,QT-APP without adaptation,"[0, 1, 9, 19]",2.3053402204467837,129.41782844206367,0.5980465876848646,0.2617170004113252,26.39053886521982,0.7990018953083302,3,1.0,0.0,0.6659495809540408,0.45,1.2,0.3209986537649546
43,29,QT-APP without adaptation,"[0, 1, 9, 19]",2.3256931476288276,129.93343341270355,0.5936408037089196,0.2607953342503574,25.93269971007044,0.8047641673492926,3,0.7636051977442063,0.11237682510824147,0.6073556429816694,0.45,1.2,0.008828600222009523
43,30,QT-APP without adaptation,"[0, 1, 9, 19]",2.3132473671258524,130.35746324057922,0.5775525748836824,0.26277067181423097,25.142375186691368,0.8032725178319068,3,1.0,0.0,0.6696184563343698,0.45,1.2,0.005351428461516662
43,31,QT-APP without adaptation,"[0, 1, 9, 19]",2.2939577397591835,128.61461662867634,0.5739302681818632,0.2623211382284718,25.760232943071454,0.8052886844151615,3,1.0,0.0,0.6966231518132954,0.45,1.2,0.008338765512412877
43,32,QT-APP without adaptation,"[0, 1, 9, 19]",2.3178739337075167,126.19667765762117,0.5893501267993674,0.2587084864045106,26.28337825569163,0.8029178532599294,3,0.8118817412360484,0.08683357845778793,0.6950316499212067,0.45,1.2,0.010425734325360286
43,33,QT-APP without adaptation,"[0, 1, 9, 19]",2.229350861770646,124.28504838762018,0.5805871132343362,0.25909907586213554,26.623999063476656,0.8037176665900373,3,1.0,0.0,0.7027333209790839,0.45,1.2,0.038191495512128644
43,34,QT-APP without adaptation,"[0, 1, 4, 5, 9, 19]",3.5106695776643733,179.98038956622335,0.6581987442700948,0.36738315873796723,23.043449724557934,0.8051631122225125,5,0.5264489794322914,0.26733369052731465,0.025002071792264782,0.45,1.2,0.5747496896365828
43,35,QT-APP without adaptation,"[0, 13, 14, 16, 9, 19]",3.299042725055691,167.2818526275445,0.5057089692311314,0.4372581406370698,17.69013288968876,0.7932105019046007,5,1.0,0.0,0.07147147708910521,0.45,1.2,0.06028105121458802
43,36,QT-APP without adaptation,"[0, 13, 14, 16, 9, 19]",3.353740736713619,165.8105503101771,0.5160899693137248,0.4408721918362686,17.524726539644302,0.793219528614298,5,1.0,0.0,0.06680373311875,0.45,1.2,0.016579964618980415
43,37,QT-APP without adaptation,"[0, 1, 9, 19]",2.1857559130500426,124.46235030669426,0.5496504678357049,0.272536510820802,26.430549316674355,0.7995999940804664,3,1.0,0.0,0.6934426803021098,0.45,1.2,0.34826330219195845
43,38,QT-APP without adaptation,"[0, 1, 9, 19]",2.2055127581958924,123.86891232792368,0.5540484299394023,0.2737022088538892,26.765714498892493,0.805685832078968,3,1.0,0.0,0.720518758400913,0.45,1.2,0.009038907330819388
43,39,QT-APP without adaptation,"[0, 1, 9, 19]",2.245662627731097,124.24964236323686,0.5421481423312233,0.27490317348586757,26.465724492235143,0.7979982115167088,3,1.0,0.0,0.7230544336069484,0.45,1.2,0.018204324316875537
43,0,QT-APP,"[0, 1, 9, 19]",2.1133600468928426,69.0158982771708,0.23326517001522926,0.12477138748371086,74.19865241401662,0.9039278975094239,3,0.320972120966254,0.47350042091511174,0.29649756476870526,0.45,1.2,0.0
43,1,QT-APP,"[0, 4, 5, 9, 19]",2.3786675609496766,57.608649224728474,0.30939018165000565,0.16736036559503975,73.14346803122426,0.9255762588856759,4,0.7311708485658671,0.13046171982167806,0.359651439998652,0.45,1.2,0.12553824628553048
43,2,QT-APP,"[0, 1, 9, 19]",2.0207816175705156,67.76387969129034,0.23976826889174355,0.11644701854723394,73.61383285221201,0.9087486709560028,3,0.3670841650233775,0.41756838530478135,0.26642829270489726,0.45,1.2,0.1504564779267751
43,3,QT-APP,"[0, 1, 9, 19]",1.9877584958156218,68.12209476779245,0.23220327316079,0.10898160606523521,74.1902291017115,0.9093201615825359,3,0.3598600559140134,0.42585002361693675,0.2536470436402792,0.45,1.2,0.01634175680724758
43,4,QT-APP,"[0, 4, 5, 9, 19]",2.2450720351936906,56.69057247367639,0.29957084719189353,0.1556636046394384,75.65827630943653,0.9321296035421158,4,0.67881446678994,0.16141976397839106,0.3538868310125856,0.45,1.2,0.12944909551121667
43,5,QT-APP,"[0, 13, 14, 16, 9, 19]",2.7605809568810002,91.13543674831753,0.16218914363752926,0.14533836830014701,58.987883411324006,0.9313513437741063,5,0.6699932272324276,0.16686986469022277,0.12443116728181944,0.45,1.2,0.22961798713190726
43,6,QT-APP,"[0, 6, 9, 19]",2.3203341838582965,85.18838188147534,0.28509542957222717,0.067359684579263,62.131640479520506,0.9187483643546783,3,0.3077215116806829,0.5169123192470951,0.11807342567046006,0.47250000000000003,1.14,0.15947613198060664
43,7,QT-APP,"[0, 4, 5, 9, 19]",2.2860222798093766,56.51151320879784,0.30913702716597696,0.1637206737729131,74.16298795324163,0.9259428342093704,4,1.0,0.0,0.3779316885068301,0.47250000000000003,1.14,0.014787483754544972
43,8,QT-APP,"[0, 1, 9, 19]",2.0439289789054853,70.17769126790512,0.23356596757582318,0.09705978930822723,73.32586014400533,0.9070777531323794,3,0.40977372109612487,0.3912939348254678,0.26424879759815717,0.47250000000000003,1.14,0.10590154918528553
43,9,QT-APP,"[0, 6, 9, 19]",2.344762873046063,85.8388916981655,0.27508887172015234,0.06451076081367701,58.55286830814875,0.9161928539826637,3,0.2336970354717919,0.6376007555722847,0.08817662215575593,0.47250000000000003,1.14,0.14718412295405325
43,10,QT-APP,"[0, 4, 5, 9, 19]",2.3757918398538695,73.35026239693713,0.4427443078003841,0.21770160723757692,54.491072172057386,0.8902894085155306,4,1.0,0.0,0.46252779248547365,0.47250000000000003,1.14,0.013233306943101361
43,11,QT-APP,"[0, 6, 9, 19]",2.722760653505907,136.02343931265392,0.5785920847484481,0.18374511790879489,34.7422577127162,0.8324733430913335,3,0.24397313306306667,0.6187268290126307,0.07641877205427845,0.47250000000000003,1.14,0.1460434402676367
43,12,QT-APP,"[0, 1, 9, 19]",2.603497184889952,140.61556018368947,0.6825558395619051,0.2577199347616619,32.44321110043761,0.7809350866697212,3,0.5353526324293102,0.30449786704590537,0.27458800003298023,0.51975,1.026,0.04380240637838932
43,13,QT-APP,"[0, 1, 9, 19]",2.9561861899550244,179.27221475513753,0.8161136299847435,0.2959036195008946,24.530371794476974,0.7342135099055657,3,0.5013079816288134,0.33651785232877296,0.2924517503870036,0.51975,1.026,0.13546740404099192
43,14,QT-APP,"[0, 13, 14, 16, 9, 19]",4.370555133011311,284.8891257980293,0.8262315710041118,0.5140964378650295,13.158300687180253,0.7248474655290255,5,1.0,0.0,0.11261088612952365,0.51975,1.026,0.4784437962203608
43,15,QT-APP,"[0, 1, 9, 19]",3.3183973656567796,224.10848569476224,0.8831912053767396,0.34050290188923016,18.626299813730697,0.7006393704068041,3,0.557541424041332,0.29969143079668553,0.398841729053179,0.5457375000000001,0.9747,0.24073778623851724
43,16,QT-APP,"[0, 1, 9, 19]",3.2638955162839722,216.72623565035073,0.8774749948512834,0.3412273989244299,18.54050322648622,0.7059430924759474,3,0.6586055163823609,0.2255109713394951,0.4241057445238635,0.5730243750000001,0.9259649999999999,0.016424147974822265
43,17,QT-APP,"[0, 1, 9, 19]",3.1878747846694746,209.4741625122527,0.8672236426086775,0.3434312654085041,18.532950287992353,0.7043145396928052,3,0.7143410704468987,0.18164549469926952,0.46821264113778804,0.5730243750000001,0.9259649999999999,0.023291410903082205
43,18,QT-APP,"[0, 1, 9, 19]",3.2093918270502133,209.56807512033822,0.8934229085799851,0.3442061541688666,18.926770193211606,0.7112568868246284,3,0.6495758319007998,0.2329654443812584,0.4423346305331336,0.5730243750000001,0.9259649999999999,0.006749651047843661
43,19,QT-APP,"[0, 13, 1, 9, 19]",4.006422525620757,227.39477811893354,0.9502925020585238,0.44400492910666056,12.915797647482348,0.7382402061692412,4,0.5096752813889286,0.3639346299289199,0.06687983202774694,0.5730243750000001,0.9259649999999999,0.2483432193765831
43,20,QT-APP,"[0, 13, 1, 9, 19]",3.633089992232449,191.05416436186763,0.868393659429898,0.41778239771676007,14.492898120143096,0.7598094975792206,4,0.823741344916132,0.11021145232041495,0.08678186660692486,0.6016755937500001,0.8796667499999999,0.09318351496899689
43,21,QT-APP,"[0, 1, 4, 5, 9, 19]",3.9166243933722535,210.27066805250433,0.7589296084032132,0.42082810062353837,21.12675861684228,0.7603922689904411,5,1.0,0.0,0.030061677898525093,0.6016755937500001,0.8796667499999999,0.07804221798689306
43,22,QT-APP,"[0, 1, 9, 19]",2.3646124939065394,125.13087248464882,0.6199582920690873,0.2798720979840952,25.594679868274834,0.7828291900689434,3,1.0,0.0,0.49946544545471194,0.6016755937500001,0.8796667499999999,0.3962626342449489
43,23,QT-APP,"[0, 1, 4, 5, 9, 19]",3.6129397935490184,174.7959847065572,0.6839958614200313,0.3895113157123916,23.09402399489049,0.786858373183785,5,1.0,0.0,0.033839502897748085,0.6317593734375001,0.8356834124999999,0.5279204532917514
43,24,QT-APP,"[0, 1, 9, 19]",2.2500779592656532,121.2310965154964,0.5979667085218962,0.2829519325503609,24.78642056529186,0.7899619536345801,3,1.0,0.0,0.45955480770989643,0.6633473421093752,0.7938992418749998,0.37721686830120565
43,25,QT-APP,"[0, 6, 9, 19]",2.9130496488661906,146.45889978467764,0.7040524193895329,0.26052833904924744,17.763565584708136,0.7745927644299129,3,0.7276267293811678,0.2107964016973074,0.09224223143883803,0.6965147092148439,0.7542042797812498,0.2946438752801739
43,26,QT-APP,"[0, 1, 9, 19]",2.3387706226336378,126.45719071801253,0.6038238240957535,0.26725567845764897,25.681394683687273,0.7964293878581131,3,1.0,0.0,0.4449152538549567,0.7313404446755861,0.7164940657921873,0.19714014364845175
43,27,QT-APP,"[0, 4, 1, 9, 19]",3.4362728698629526,172.26111156033917,0.6736509358396519,0.37377068335182173,21.727090029622822,0.7971911344779243,4,1.0,0.0,0.05056122247725285,0.7313404446755861,0.7164940657921873,0.46926459423089634
43,28,QT-APP,"[0, 1, 9, 19]",2.3053402204467837,129.41782844206367,0.5980465876848646,0.2617170004113252,26.39053886521982,0.7990018953083302,3,1.0,0.0,0.43999323093609033,0.7679074669093655,0.6806693625025779,0.3291160778687734
43,29,QT-APP,"[0, 1, 9, 19]",2.3256931476288276,129.93343341270355,0.5936408037089196,0.2607953342503574,25.93269971007044,0.8047641673492926,3,1.0,0.0,0.4285057555087343,0.8063028402548338,0.646635894377449,0.008828600222009523
43,30,QT-APP,"[0, 1, 9, 19]",2.3132473671258524,130.35746324057922,0.5775525748836824,0.26277067181423097,25.142375186691368,0.8032725178319068,3,1.0,0.0,0.43810950061113063,0.8063028402548338,0.646635894377449,0.005351428461516662
43,31,QT-APP,"[0, 4, 5, 9, 19]",2.863307435073567,117.47720644926856,0.7002760818289381,0.37607557707841244,22.67183674653949,0.8113593436150933,4,1.0,0.0,0.14689524594637898,0.8063028402548338,0.646635894377449,0.23778696380022238
43,32,QT-APP,"[0, 1, 9, 19]",2.3178739337075167,126.19667765762117,0.5893501267993674,0.2587084864045106,26.28337825569163,0.8029178532599294,3,1.0,0.0,0.475655439543273,0.8466179822675756,0.6143040996585765,0.19049072226225566
43,33,QT-APP,"[0, 6, 9, 19]",2.9272556556857676,151.75401362836868,0.6889471949799857,0.26426921401368253,17.951889822989468,0.789576593427992,3,1.0,0.0,0.11742580376413955,0.8466179822675756,0.6143040996585765,0.2629054639755686
43,34,QT-APP,"[0, 15, 1, 9, 19]",3.5134161938245647,177.72006377198318,0.6712458160478917,0.44765517929714727,25.555167315820146,0.7931129812952938,4,1.0,0.0,0.03254902918326467,0.8889488813809544,0.5835888946756476,0.200242345420109
43,35,QT-APP,"[0, 13, 14, 16, 9, 19]",3.299042725055691,167.2818526275445,0.5057089692311314,0.4372581406370698,17.69013288968876,0.7932105019046007,5,1.0,0.0,0.04911535369847187,0.9333963254500022,0.5544094499418651,0.06101567731875091
43,36,QT-APP,"[0, 13, 14, 16, 9, 19]",3.353740736713619,165.8105503101771,0.5160899693137248,0.4408721918362686,17.524726539644302,0.793219528614298,5,1.0,0.0,0.04578521222755649,0.9333963254500022,0.5544094499418651,0.016579964618980415
43,37,QT-APP,"[0, 4, 5, 9, 19]",2.8227040299381976,126.74722480750674,0.6627163636946948,0.37235993017250124,22.520439475071374,0.8068002995117713,4,1.0,0.0,0.1354183863299044,0.9333963254500022,0.5544094499418651,0.15834160970230288
43,38,QT-APP,"[0, 1, 9, 19]",2.2055127581958924,123.86891232792368,0.5540484299394023,0.2737022088538892,26.765714498892493,0.805685832078968,3,1.0,0.0,0.4881936921599456,0.9333963254500022,0.5544094499418651,0.2186524925023111
43,39,QT-APP,"[0, 1, 9, 19]",2.245662627731097,124.24964236323686,0.5421481423312233,0.27490317348586757,26.465724492235143,0.7979982115167088,3,1.0,0.0,0.46943583588108573,0.9800661417225023,0.5266889774447718,0.018204324316875537
44,0,Dijkstra,"[0, 19]",1.0165652517592834,27.65311273995809,0.4147161919310649,0.03390890751011233,24.011622875133284,0.946107982543715,1,,,,,,0.0
44,1,Dijkstra,"[0, 19]",1.030876261566669,28.606681443485495,0.44352428446643427,0.033513974026079474,23.197964736809418,0.9518077603963113,1,,,,,,0.014077807383853305
44,2,Dijkstra,"[0, 19]",1.024721638165924,29.62223487500373,0.423558287524118,0.029267203680756637,22.437111018311835,0.948142779237863,1,,,,,,0.005970283369791966
44,3,Dijkstra,"[0, 19]",1.0228635042136474,28.920664445635865,0.42592576090867706,0.03166713543510624,23.503337949766365,0.9422298679568393,1,,,,,,0.0018133060560743914
44,4,Dijkstra,"[0, 19]",1.015688097266367,28.202335850174236,0.45344490514494507,0.027393191002047623,22.831855176476584,0.9445086967752383,1,,,,,,0.007015019030126144
44,5,Dijkstra,"[0, 19]",1.032673656949612,28.827219499813612,0.45442016569814164,0.027478663502805256,22.35021492168803,0.9376493224722608,1,,,,,,0.01672320442561057
44,6,Dijkstra,"[0, 19]",1.0535082989745757,28.935690545077083,0.4370652660136237,0.03246805069761938,22.827598631244783,0.9277343330904649,1,,,,,,0.020175436726551702
44,7,Dijkstra,"[0, 19]",1.0279627757320962,28.713159759306873,0.415628004185842,0.03411154140059236,23.599218276302068,0.934022269224084,1,,,,,,0.02424805126579832
44,8,Dijkstra,"[0, 19]",0.9850858087283474,28.156761568956693,0.39984551012401054,0.03073469249104721,24.59682311160023,0.9329606564237579,1,,,,,,0.04171062222872086
44,9,Dijkstra,"[0, 19]",1.0010784726499253,28.084674112109578,0.4285475066806636,0.033625571051790426,23.429563700270545,0.9385857137780765,1,,,,,,0.016234792725542315
44,10,Dijkstra,"[0, 19]",1.1009287218616106,34.848699272581456,0.583603628374059,0.05291183132748112,17.002577543309688,0.8890300277688988,1,,,,,,0.09974267945985756
44,11,Dijkstra,"[0, 19]",1.1748116262353956,44.838677194081086,0.7068700814411851,0.07102515806764309,13.103866283392998,0.8411150856190936,1,,,,,,0.06710961655070002
44,12,Dijkstra,"[0, 19]",1.2406886279535534,53.310135752808094,0.8503634118898941,0.09061184603432815,10.11569627986677,0.8043629204943241,1,,,,,,0.05607452313802529
44,13,Dijkstra,"[0, 19]",1.4343040861866767,66.86641679468589,1.0,0.10799816920159178,7.468863809958441,0.7567832953706419,1,,,,,,0.1560548342838293
44,14,Dijkstra,"[0, 19]",1.591860427948423,85.18642429850908,1.0,0.12316564143254771,5.5456773683435925,0.7223472799282699,1,,,,,,0.1098486320154289
44,15,Dijkstra,"[0, 19]",1.5718357470584428,86.2003127376777,0.9712230363417836,0.12116469992092027,5.654749328627264,0.7185370191039129,1,,,,,,0.012579419990851753
44,16,Dijkstra,"[0, 19]",1.6344374227397473,89.90093966401155,0.9840300995777088,0.12468640720024493,5.798456617536973,0.7101737386368481,1,,,,,,0.03982711030618709
44,17,Dijkstra,"[0, 19]",1.603556519954186,87.40071620155165,1.0,0.12070181936406765,5.782247361795268,0.7198461653993111,1,,,,,,0.018893903404265496
44,18,Dijkstra,"[0, 19]",1.5689831650501322,83.94960527761516,1.0,0.1254032231981026,6.0293456072750145,0.7217043368466493,1,,,,,,0.02156042177112749
44,19,Dijkstra,"[0, 19]",1.5479849398172851,83.14437606781117,0.9815842654567477,0.12976730833974703,6.05830527420428,0.7219919281129074,1,,,,,,0.013383333677883138
44,20,Dijkstra,"[0, 19]",1.426722789931088,70.1262491489021,0.9027735727171174,0.12251505081387304,6.428149556380196,0.7469077832189551,1,,,,,,0.0783354842589814
44,21,Dijkstra,"[0, 19]",1.3069571067329377,57.504007933530715,0.8256100866557626,0.10936769030118043,6.891364009862806,0.7655861887084844,1,,,,,,0.0839446065089736
44,22,Dijkstra,"[0, 19]",1.1723981417019627,46.73244801399338,0.7272175330602476,0.0956902137638308,7.422481375340578,0.7924789075506036,1,,,,,,0.10295591518480547
44,23,Dijkstra,"[0, 19]",1.1732265845990275,47.37906262908568,0.7352100896882706,0.09593086173814169,7.143125401116264,0.7943311322552837,1,,,,,,0.0007066224924770066
44,24,Dijkstra,"[0, 19]",1.1509224900186896,48.08402100424544,0.7144887952894822,0.10086328509479492,7.067235068001993,0.8004340650602366,1,,,,,,0.01901090111076944
44,25,Dijkstra,"[0, 19]",1.1009325719952565,47.14750668238884,0.6934697172891032,0.10000505623811706,7.245525818675366,0.8049121897699577,1,,,,,,0.043434652165517534
44,26,Dijkstra,"[0, 19]",1.0674196365532904,44.96720025580923,0.6951877036792578,0.09929090340266788,7.141596550552746,0.8123590779158493,1,,,,,,0.030440497714796007
44,27,Dijkstra,"[0, 19]",1.0662017495498464,46.14004472525929,0.6976031493996431,0.09429605552628573,7.328549137125536,0.8209653239941768,1,,,,,,0.0011409636489137691
44,28,Dijkstra,"[0, 19]",1.0542459375921698,44.481321984660475,0.7115522105418975,0.09217632446800872,7.373544779259334,0.8199891252158041,1,,,,,,0.011213461207247472
44,29,Dijkstra,"[0, 19]",1.016859405729214,43.45545409229243,0.6957236110273536,0.09126934466314707,7.1874070098576075,0.8270454453154115,1,,,,,,0.03546281804826705
44,30,Dijkstra,"[0, 19]",1.0520297034953439,45.01271134077686,0.7172103964909543,0.09441069001318825,7.004965669266979,0.8319011227651909,1,,,,,,0.03458717849092269
44,31,Dijkstra,"[0, 19]",1.0706051591860895,46.86778458453193,0.7274051851164965,0.09423280426415648,7.000224022104172,0.8377348715483158,1,,,,,,0.01765677872880307
44,32,Dijkstra,"[0, 19]",1.065401848772482,47.13693089765759,0.7099985602094974,0.08953447403891501,6.852772400607614,0.8300516032050067,1,,,,,,0.004860158172190472
44,33,Dijkstra,"[0, 19]",1.0592306007505123,45.2886875098645,0.7227127073424849,0.0919886964510036,7.0434010385858015,0.8253311401615756,1,,,,,,0.005792413472043293
44,34,Dijkstra,"[0, 19]",1.1008222297363124,44.80574851611543,0.7523695576186877,0.08986971735893479,6.799789615579116,0.8222578742359351,1,,,,,,0.039265886914832814
44,35,Dijkstra,"[0, 19]",1.0964850405317428,44.33582111822869,0.7554203840146776,0.09008383956607835,6.73348787013882,0.8240619368872393,1,,,,,,0.003939954233671789
44,36,Dijkstra,"[0, 19]",1.0671486444927953,42.62996666715821,0.7560777654109312,0.08994481503566165,6.757591218971953,0.822303603617033,1,,,,,,0.026754944166607775
44,37,Dijkstra,"[0, 19]",1.0916376414780478,44.710148317926354,0.749370845895491,0.09353314200047069,7.005147774028344,0.8158449401946317,1,,,,,,0.022948065493623698
44,38,Dijkstra,"[0, 19]",1.0785535209780102,43.62257693838703,0.7450731668573088,0.09239540177919014,6.93407580007942,0.8085940639584043,1,,,,,,0.01198577257039438
44,39,Dijkstra,"[0, 19]",1.0939423749322228,41.469171346143085,0.7463318843847854,0.09535975249482032,7.139741299805368,0.801032406494474,1,,,,,,0.014268048506538959
44,0,QT-APP without tunneling,"[0, 4, 14, 19]",1.8040930405697408,41.24655293589141,0.22995992146671318,0.07904898132380533,41.33720070645705,0.9005650609027601,3,,,0.12159657146520049,0.45,1.2,0.0
44,1,QT-APP without tunneling,"[0, 19]",1.030876261566669,28.606681443485495,0.44352428446643427,0.033513974026079474,23.197964736809418,0.9518077603963113,1,,,0.5713099668505521,0.45,1.2,0.42859030084107336
44,2,QT-APP without tunneling,"[0, 4, 14, 19]",1.7944077539698298,42.44527740382907,0.2343059580521928,0.06849966666073881,43.241751867373154,0.9016862901090211,3,,,0.12407456110894327,0.47250000000000003,1.14,0.7406626002259358
44,3,QT-APP without tunneling,"[0, 19]",1.0228635042136474,28.920664445635865,0.42592576090867706,0.03166713543510624,23.503337949766365,0.9422298679568393,1,,,0.5861453607378441,0.49612500000000004,1.083,0.42997153130288734
44,4,QT-APP without tunneling,"[0, 19]",1.015688097266367,28.202335850174236,0.45344490514494507,0.027393191002047623,22.831855176476584,0.9445086967752383,1,,,0.5938827782920059,0.5209312500000001,1.0288499999999998,0.007015019030126144
44,5,QT-APP without tunneling,"[0, 14, 19]",1.723567060647152,50.277880358090485,0.4623684931483515,0.0374326040366042,39.192755285655835,0.9269611413163754,2,,,0.14748837883666233,0.5209312500000001,1.0288499999999998,0.6969452189958485
44,6,QT-APP without tunneling,"[0, 19]",1.0535082989745757,28.935690545077083,0.4370652660136237,0.03246805069761938,22.827598631244783,0.9277343330904649,1,,,0.5940076998066226,0.5469778125000001,0.9774074999999998,0.388762803009816
44,7,QT-APP without tunneling,"[0, 19]",1.0279627757320962,28.713159759306873,0.415628004185842,0.03411154140059236,23.599218276302068,0.934022269224084,1,,,0.6236538477924433,0.5743267031250001,0.9285371249999997,0.02424805126579832
44,8,QT-APP without tunneling,"[0, 19]",0.9850858087283474,28.156761568956693,0.39984551012401054,0.03073469249104721,24.59682311160023,0.9329606564237579,1,,,0.6250001043506164,0.5743267031250001,0.9285371249999997,0.04171062222872086
44,9,QT-APP without tunneling,"[0, 14, 19]",1.6706295859257168,49.42895408505086,0.45796742414591046,0.039005676465900474,40.024923715549136,0.9352941950722644,2,,,0.1566416040449827,0.5743267031250001,0.9285371249999997,0.6959229045054882
44,10,QT-APP without tunneling,"[0, 4, 13, 6, 19]",2.748242751306197,107.94688110880622,0.31864171843522804,0.15177942085019458,39.200053374217006,0.8599345731160812,4,,,0.022887682668671135,0.6030430382812502,0.8821102687499998,0.6450341682314703
44,11,QT-APP without tunneling,"[0, 19]",1.1748116262353956,44.838677194081086,0.7068700814411851,0.07102515806764309,13.103866283392998,0.8411150856190936,1,,,0.627751676283292,0.6331951901953127,0.8380047553124997,0.5725226144317034
44,12,QT-APP without tunneling,"[0, 19]",1.2406886279535534,53.310135752808094,0.8503634118898941,0.09061184603432815,10.11569627986677,0.8043629204943241,1,,,0.6783888956103619,0.6648549497050783,0.7961045175468747,0.05607452313802529
44,13,QT-APP without tunneling,"[0, 19]",1.4343040861866767,66.86641679468589,1.0,0.10799816920159178,7.468863809958441,0.7567832953706419,1,,,0.7215302596551402,0.6648549497050783,0.7961045175468747,0.1560548342838293
44,14,QT-APP without tunneling,"[0, 19]",1.591860427948423,85.18642429850908,1.0,0.12316564143254771,5.5456773683435925,0.7223472799282699,1,,,0.7990050238941866,0.6648549497050783,0.7961045175468747,0.1098486320154289
44,15,QT-APP without tunneling,"[0, 4, 14, 19]",2.908867098370617,136.08963042987665,0.9449072294311689,0.31872341602342746,10.427611986301308,0.6961800882643047,3,,,0.05520706689676788,0.7313404446755862,0.7164940657921872,0.827338029955014
44,16,QT-APP without tunneling,"[0, 4, 14, 19]",2.824789865190322,133.75466224373554,0.9307953946614304,0.31636875971154976,10.824951537288397,0.6949388808970512,3,,,0.0700179385421954,0.7679074669093656,0.6806693625025778,0.02890377261559668
44,17,QT-APP without tunneling,"[0, 14, 19]",2.435933961041522,139.17095587536406,0.9824660264578129,0.23253101957280586,10.95581088924676,0.7435776514644781,2,,,0.14212185049981027,0.7679074669093656,0.6806693625025778,0.13765834724226497
44,18,QT-APP without tunneling,"[0, 19]",1.5689831650501322,83.94960527761516,1.0,0.1254032231981026,6.0293456072750145,0.7217043368466493,1,,,0.7544899785065039,0.7679074669093656,0.6806693625025778,0.3559007796831697
44,19,QT-APP without tunneling,"[0, 19]",1.5479849398172851,83.14437606781117,0.9815842654567477,0.12976730833974703,6.05830527420428,0.7219919281129074,1,,,0.7567892330079662,0.8063028402548339,0.6466358943774488,0.013383333677883138
44,20,QT-APP without tunneling,"[0, 19]",1.426722789931088,70.1262491489021,0.9027735727171174,0.12251505081387304,6.428149556380196,0.7469077832189551,1,,,0.7362322431933318,0.8063028402548339,0.6466358943774488,0.0783354842589814
44,21,QT-APP without tunneling,"[0, 19]",1.3069571067329377,57.504007933530715,0.8256100866557626,0.10936769030118043,6.891364009862806,0.7655861887084844,1,,,0.7096085330504409,0.8063028402548339,0.6466358943774488,0.0839446065089736
44,22,QT-APP without tunneling,"[0, 19]",1.1723981417019627,46.73244801399338,0.7272175330602476,0.0956902137638308,7.422481375340578,0.7924789075506036,1,,,0.7071424494528356,0.8063028402548339,0.6466358943774488,0.10295591518480547
44,23,QT-APP without tunneling,"[0, 4, 14, 19]",2.3224695989219146,84.39413086052016,0.722385841241329,0.25702613703937804,16.26230834332159,0.7638689469177994,3,,,0.06961500542292957,0.8063028402548339,0.6466358943774488,0.9809563972443702
44,24,QT-APP without tunneling,"[0, 19]",1.1509224900186896,48.08402100424544,0.7144887952894822,0.10086328509479492,7.067235068001993,0.8004340650602366,1,,,0.677958789618874,0.8466179822675757,0.6143040996585764,0.5044402344155784
44,25,QT-APP without tunneling,"[0, 19]",1.1009325719952565,47.14750668238884,0.6934697172891032,0.10000505623811706,7.245525818675366,0.8049121897699577,1,,,0.691148290578175,0.8889488813809545,0.5835888946756476,0.043434652165517534
44,26,QT-APP without tunneling,"[0, 4, 14, 19]",2.2280135545536432,80.47783045165212,0.7302894377607047,0.26027368395100947,16.62145775184007,0.768693089333787,3,,,0.06883613591497288,0.8889488813809545,0.5835888946756476,1.0237511462811393
44,27,QT-APP without tunneling,"[0, 19]",1.0662017495498464,46.14004472525929,0.6976031493996431,0.09429605552628573,7.328549137125536,0.8209653239941768,1,,,0.6910582106245245,0.9333963254500023,0.5544094499418651,0.5214563451058324
44,28,QT-APP without tunneling,"[0, 19]",1.0542459375921698,44.481321984660475,0.7115522105418975,0.09217632446800872,7.373544779259334,0.8199891252158041,1,,,0.6826784036481982,0.9800661417225024,0.5266889774447718,0.011213461207247472
44,29,QT-APP without tunneling,"[0, 19]",1.016859405729214,43.45545409229243,0.6957236110273536,0.09126934466314707,7.1874070098576075,0.8270454453154115,1,,,0.6823007467044899,0.9800661417225024,0.5266889774447718,0.03546281804826705
44,30,QT-APP without tunneling,"[0, 19]",1.0520297034953439,45.01271134077686,0.7172103964909543,0.09441069001318825,7.004965669266979,0.8319011227651909,1,,,0.6743806614110619,0.9800661417225024,0.5266889774447718,0.03458717849092269
44,31,QT-APP without tunneling,"[0, 19]",1.0706051591860895,46.86778458453193,0.7274051851164965,0.09423280426415648,7.000224022104172,0.8377348715483158,1,,,0.6701681424264612,0.9800661417225024,0.5266889774447718,0.01765677872880307
44,32,QT-APP without tunneling,"[0, 19]",1.065401848772482,47.13693089765759,0.7099985602094974,0.08953447403891501,6.852772400607614,0.8300516032050067,1,,,0.6691748432363726,0.9800661417225024,0.5266889774447718,0.004860158172190472
44,33,QT-APP without tunneling,"[0, 19]",1.0592306007505123,45.2886875098645,0.7227127073424849,0.0919886964510036,7.0434010385858015,0.8253311401615756,1,,,0.6469524559382667,0.9800661417225024,0.5266889774447718,0.005792413472043293
44,34,QT-APP without tunneling,"[0, 14, 19]",1.6896887689667752,76.21328066557312,0.692174023268288,0.1847446035156176,15.458147223627337,0.8069624873120955,2,,,0.20117790377757708,0.9800661417225024,0.5266889774447718,0.5952038845644707
44,35,QT-APP without tunneling,"[0, 4, 13, 6, 19]",3.3432953395580847,162.60892239108537,0.7214588153782215,0.2883244873925964,17.243338617941347,0.7608646209327448,4,,,0.007171515117577336,1.0290694488086276,0.5003545285725333,0.9786456541357438
44,36,QT-APP without tunneling,"[0, 14, 19]",1.6772871185248324,76.90399097470532,0.6971374497399008,0.18558519824843078,15.618947089042791,0.8091996432761734,2,,,0.1961316523900335,1.080522921249059,0.47533680214390656,0.49831320653037625
44,37,QT-APP without tunneling,"[0, 19]",1.0916376414780478,44.710148317926354,0.749370845895491,0.09353314200047069,7.005147774028344,0.8158449401946317,1,,,0.6683285533157965,1.134549067311512,0.4515699620367112,0.349164714006664
44,38,QT-APP without tunneling,"[0, 19]",1.0785535209780102,43.62257693838703,0.7450731668573088,0.09239540177919014,6.93407580007942,0.8085940639584043,1,,,0.6654282236989368,1.1912765206770877,0.4289914639348756,0.01198577257039438
44,39,QT-APP without tunneling,"[0, 19]",1.0939423749322228,41.469171346143085,0.7463318843847854,0.09535975249482032,7.139741299805368,0.801032406494474,1,,,0.6720513996562453,1.1912765206770877,0.4289914639348756,0.014268048506538959
44,0,QT-APP without adaptation,"[0, 4, 14, 19]",1.8040930405697408,41.24655293589141,0.22995992146671318,0.07904898132380533,41.33720070645705,0.9005650609027601,3,0.5604474192021917,0.241258271413671,0.18732623886790076,0.45,1.2,0.0
44,1,QT-APP without adaptation,"[0, 19]",1.030876261566669,28.606681443485495,0.44352428446643427,0.033513974026079474,23.197964736809418,0.9518077603963113,1,0.3641768856037187,0.4208814916332634,0.539830139749897,0.45,1.2,0.42859030084107336
44,2,QT-APP without adaptation,"[0, 4, 14, 19]",1.7944077539698298,42.44527740382907,0.2343059580521928,0.06849966666073881,43.241751867373154,0.9016862901090211,3,0.6823332776037965,0.15926544319329358,0.21589601194626956,0.45,1.2,0.7406626002259358
44,3,QT-APP without adaptation,"[0, 19]",1.0228635042136474,28.920664445635865,0.42592576090867706,0.03166713543510624,23.503337949766365,0.9422298679568393,1,0.3729150798445682,0.4110018971815161,0.5650634884538733,0.45,1.2,0.42997153130288734
44,4,QT-APP without adaptation,"[0, 19]",1.015688097266367,28.202335850174236,0.45344490514494507,0.027393191002047623,22.831855176476584,0.9445086967752383,1,0.37971259273828245,0.4034752697193761,0.6006991048975221,0.45,1.2,0.007015019030126144
44,5,QT-APP without adaptation,"[0, 14, 19]",1.723567060647152,50.277880358090485,0.4623684931483515,0.0374326040366042,39.192755285655835,0.9269611413163754,2,0.20914662214313443,0.6519665548448843,0.0849735638222234,0.45,1.2,0.6969452189958485
44,6,QT-APP without adaptation,"[0, 19]",1.0535082989745757,28.935690545077083,0.4370652660136237,0.03246805069761938,22.827598631244783,0.9277343330904649,1,0.34552192274861576,0.4427913273117922,0.6027875433052892,0.45,1.2,0.388762803009816
44,7,QT-APP without adaptation,"[0, 19]",1.0279627757320962,28.713159759306873,0.415628004185842,0.03411154140059236,23.599218276302068,0.934022269224084,1,0.36569379682757913,0.41914954851368763,0.6588685627684686,0.45,1.2,0.02424805126579832
44,8,QT-APP without adaptation,"[0, 19]",0.9850858087283474,28.156761568956693,0.39984551012401054,0.03073469249104721,24.59682311160023,0.9329606564237579,1,0.40886645969349567,0.3726527836126619,0.6574133464212998,0.45,1.2,0.04171062222872086
44,9,QT-APP without adaptation,"[0, 14, 19]",1.6706295859257168,49.42895408505086,0.45796742414591046,0.039005676465900474,40.024923715549136,0.9352941950722644,2,0.23956027056800133,0.5953959342288359,0.09815613320794594,0.45,1.2,0.6959229045054882
44,10,QT-APP without adaptation,"[0, 4, 13, 6, 19]",2.748242751306197,107.94688110880622,0.31864171843522804,0.15177942085019458,39.200053374217006,0.8599345731160812,4,0.5862658541514241,0.22249246510777376,0.03813464786387212,0.45,1.2,0.6450341682314703
44,11,QT-APP without adaptation,"[0, 19]",1.1748116262353956,44.838677194081086,0.7068700814411851,0.07102515806764309,13.103866283392998,0.8411150856190936,1,0.37998973423551696,0.4031712674151309,0.6362683791130153,0.45,1.2,0.5725226144317034
44,12,QT-APP without adaptation,"[0, 19]",1.2406886279535534,53.310135752808094,0.8503634118898941,0.09061184603432815,10.11569627986677,0.8043629204943241,1,0.398996011786107,0.3828349406940711,0.7119070566204763,0.45,1.2,0.05607452313802529
44,13,QT-APP without adaptation,"[0, 19]",1.4343040861866767,66.86641679468589,1.0,0.10799816920159178,7.468863809958441,0.7567832953706419,1,0.3215846908693402,0.4727059774285859,0.7483894564854991,0.45,1.2,0.1560548342838293
44,14,QT-APP without adaptation,"[0, 19]",1.591860427948423,85.18642429850908,1.0,0.12316564143254771,5.5456773683435925,0.7223472799282699,1,0.29502931766671237,0.5086168940247143,0.8922753571293978,0.45,1.2,0.1098486320154289
44,15,QT-APP without adaptation,"[0, 4, 14, 19]",2.908867098370617,136.08963042987665,0.9449072294311689,0.31872341602342746,10.427611986301308,0.6961800882643047,3,0.17403511436754954,0.7285409139240784,0.03456193782611843,0.45,1.2,0.827338029955014
44,16,QT-APP without adaptation,"[0, 4, 14, 19]",2.824789865190322,133.75466224373554,0.9307953946614304,0.31636875971154976,10.824951537288397,0.6949388808970512,3,0.22801307643494756,0.6159801245364361,0.061908266573267236,0.45,1.2,0.02890377261559668
44,17,QT-APP without adaptation,"[0, 14, 19]",2.435933961041522,139.17095587536406,0.9824660264578129,0.23253101957280586,10.95581088924676,0.7435776514644781,2,0.17761408546033972,0.7200592256435441,0.09329418471342098,0.45,1.2,0.13765834724226497
44,18,QT-APP without adaptation,"[0, 19]",1.5689831650501322,83.94960527761516,1.0,0.1254032231981026,6.0293456072750145,0.7217043368466493,1,0.30618677812349504,0.4931499905062678,0.82648280477039,0.45,1.2,0.3559007796831697
44,19,QT-APP without adaptation,"[0, 19]",1.5479849398172851,83.14437606781117,0.9815842654567477,0.12976730833974703,6.05830527420428,0.7219919281129074,1,0.31662739620070607,0.4791790011431476,0.8187484297842438,0.45,1.2,0.013383333677883138
44,20,QT-APP without adaptation,"[0, 19]",1.426722789931088,70.1262491489021,0.9027735727171174,0.12251505081387304,6.428149556380196,0.7469077832189551,1,0.3356723406433532,0.4548415714457179,0.8088701074607639,0.45,1.2,0.0783354842589814
44,21,QT-APP without adaptation,"[0, 19]",1.3069571067329377,57.504007933530715,0.8256100866557626,0.10936769030118043,6.891364009862806,0.7655861887084844,1,0.35903884530073127,0.42680195506966595,0.7695190073539635,0.45,1.2,0.0839446065089736
44,22,QT-APP without adaptation,"[0, 19]",1.1723981417019627,46.73244801399338,0.7272175330602476,0.0956902137638308,7.422481375340578,0.7924789075506036,1,0.41337905215825577,0.368079293794879,0.7787899361479901,0.45,1.2,0.10295591518480547
44,23,QT-APP without adaptation,"[0, 4, 14, 19]",2.3224695989219146,84.39413086052016,0.722385841241329,0.25702613703937804,16.26230834332159,0.7638689469177994,3,0.46277310951274037,0.3210493288565701,0.08200027878306486,0.45,1.2,0.9809563972443702
44,24,QT-APP without adaptation,"[0, 19]",1.1509224900186896,48.08402100424544,0.7144887952894822,0.10086328509479492,7.067235068001993,0.8004340650602366,1,0.4540851722240635,0.3289460393826921,0.69954385411285,0.45,1.2,0.5044402344155784
44,25,QT-APP without adaptation,"[0, 19]",1.1009325719952565,47.14750668238884,0.6934697172891032,0.10000505623811706,7.245525818675366,0.8049121897699577,1,0.5348039176422944,0.260772961811176,0.7023097774749363,0.45,1.2,0.043434652165517534
44,26,QT-APP without adaptation,"[0, 14, 19]",1.830997655634595,80.75086555095587,0.7367960657886231,0.189368577852995,15.03264334429796,0.7999559820241864,2,0.5149368128565054,0.2765462830534899,0.1395688129664547,0.45,1.2,0.663133330968869
44,27,QT-APP without adaptation,"[0, 19]",1.0662017495498464,46.14004472525929,0.6976031493996431,0.09429605552628573,7.328549137125536,0.8209653239941768,1,0.6116760983093243,0.20481349487549155,0.7122936306982716,0.45,1.2,0.41769354741182474
44,28,QT-APP without adaptation,"[0, 19]",1.0542459375921698,44.481321984660475,0.7115522105418975,0.09217632446800872,7.373544779259334,0.8199891252158041,1,0.6250647809001961,0.19579166049027244,0.672482350210468,0.45,1.2,0.011213461207247472
44,29,QT-APP without adaptation,"[0, 19]",1.016859405729214,43.45545409229243,0.6957236110273536,0.09126934466314707,7.1874070098576075,0.8270454453154115,1,0.778672474951542,0.10423531852499564,0.6653412464825452,0.45,1.2,0.03546281804826705
44,30,QT-APP without adaptation,"[0, 19]",1.0520297034953439,45.01271134077686,0.7172103964909543,0.09441069001318825,7.004965669266979,0.8319011227651909,1,0.6446277981498482,0.1829509107833041,0.6415102576195612,0.45,1.2,0.03458717849092269
44,31,QT-APP without adaptation,"[0, 19]",1.0706051591860895,46.86778458453193,0.7274051851164965,0.09423280426415648,7.000224022104172,0.8377348715483158,1,0.6196095373648092,0.19944407407525028,0.6496741952429486,0.45,1.2,0.01765677872880307
44,32,QT-APP without adaptation,"[0, 19]",1.065401848772482,47.13693089765759,0.7099985602094974,0.08953447403891501,6.852772400607614,0.8300516032050067,1,0.6388064743472238,0.1867307198006906,0.6184705540057304,0.45,1.2,0.004860158172190472
44,33,QT-APP without adaptation,"[0, 19]",1.0592306007505123,45.2886875098645,0.7227127073424849,0.0919886964510036,7.0434010385858015,0.8253311401615756,1,0.62864938753844,0.19340899591345997,0.5805108466075162,0.45,1.2,0.005792413472043293
44,34,QT-APP without adaptation,"[0, 14, 19]",1.6896887689667752,76.21328066557312,0.692174023268288,0.1847446035156176,15.458147223627337,0.8069624873120955,2,0.7862462868220916,0.10020216400893635,0.2726205093557328,0.45,1.2,0.5952038845644707
44,35,QT-APP without adaptation,"[0, 4, 14, 17, 19]",2.955465953918833,114.37510806821751,0.7166318619300651,0.3820700852197706,20.457018792751736,0.7620077128869869,4,0.38923257294329533,0.3931576000536918,0.009638005309623691,0.45,1.2,0.7491185407630221
44,36,QT-APP without adaptation,"[0, 14, 19]",1.6772871185248324,76.90399097470532,0.6971374497399008,0.18558519824843078,15.618947089042791,0.8091996432761734,2,0.7291251763754134,0.13162910500344188,0.2392830387347182,0.45,1.2,0.43247963445465687
44,37,QT-APP without adaptation,"[0, 19]",1.0916376414780478,44.710148317926354,0.749370845895491,0.09353314200047069,7.005147774028344,0.8158449401946317,1,0.5351353759648516,0.2605148020452114,0.6467038813238819,0.45,1.2,0.349164714006664
44,38,QT-APP without adaptation,"[0, 19]",1.0785535209780102,43.62257693838703,0.7450731668573088,0.09239540177919014,6.93407580007942,0.8085940639584043,1,0.552156703051887,0.2474680794381808,0.6335491399944702,0.45,1.2,0.01198577257039438
44,39,QT-APP without adaptation,"[0, 19]",1.0939423749322228,41.469171346143085,0.7463318843847854,0.09535975249482032,7.139741299805368,0.801032406494474,1,0.4898215351468121,0.29738090341899387,0.6300594490942995,0.45,1.2,0.014268048506538959
44,0,QT-APP,"[0, 4, 14, 19]",1.8040930405697408,41.24655293589141,0.22995992146671318,0.07904898132380533,41.33720070645705,0.9005650609027601,3,0.5604474192021917,0.241258271413671,0.18732623886790076,0.45,1.2,0.0
44,1,QT-APP,"[0, 19]",1.030876261566669,28.606681443485495,0.44352428446643427,0.033513974026079474,23.197964736809418,0.9518077603963113,1,0.3641768856037187,0.4208814916332634,0.539830139749897,0.45,1.2,0.42859030084107336
44,2,QT-APP,"[0, 4, 14, 19]",1.7944077539698298,42.44527740382907,0.2343059580521928,0.06849966666073881,43.241751867373154,0.9016862901090211,3,0.8851051420256054,0.05353019143956242,0.23125973378676504,0.47250000000000003,1.14,0.7406626002259358
44,3,QT-APP,"[0, 19]",1.0228635042136474,28.920664445635865,0.42592576090867706,0.03166713543510624,23.503337949766365,0.9422298679568393,1,0.4681248825438589,0.3504248271552766,0.5096845932257866,0.49612500000000004,1.083,0.42997153130288734
44,4,QT-APP,"[0, 19]",1.015688097266367,28.202335850174236,0.45344490514494507,0.027393191002047623,22.831855176476584,0.9445086967752383,1,0.5359792720416803,0.30308586782481833,0.5360589665162105,0.5209312500000001,1.0288499999999998,0.007015019030126144
44,5,QT-APP,"[0, 14, 19]",1.723567060647152,50.277880358090485,0.4623684931483515,0.0374326040366042,39.192755285655835,0.9269611413163754,2,0.5195961720714484,0.3181724067069378,0.13177533660667873,0.5209312500000001,1.0288499999999998,0.6969452189958485
44,6,QT-APP,"[0, 19]",1.0535082989745757,28.935690545077083,0.4370652660136237,0.03246805069761938,22.827598631244783,0.9277343330904649,1,0.5404590807928223,0.3147798390026569,0.524924657136821,0.5469778125000001,0.9774074999999998,0.388762803009816
44,7,QT-APP,"[0, 19]",1.0279627757320962,28.713159759306873,0.415628004185842,0.03411154140059236,23.599218276302068,0.934022269224084,1,0.6564803442317997,0.22662665530388976,0.5860300818737652,0.5743267031250001,0.9285371249999997,0.02424805126579832
44,8,QT-APP,"[0, 19]",0.9850858087283474,28.156761568956693,0.39984551012401054,0.03073469249104721,24.59682311160023,0.9329606564237579,1,0.7993505312558383,0.12059599499678793,0.6221950727758628,0.5743267031250001,0.9285371249999997,0.04171062222872086
44,9,QT-APP,"[0, 14, 19]",1.6706295859257168,49.42895408505086,0.45796742414591046,0.039005676465900474,40.024923715549136,0.9352941950722644,2,1.0,0.0,0.18822098514588098,0.5743267031250001,0.9285371249999997,0.6959229045054882
44,10,QT-APP,"[0, 4, 13, 6, 19]",2.748242751306197,107.94688110880622,0.31864171843522804,0.15177942085019458,39.200053374217006,0.8599345731160812,4,1.0,0.0,0.027148307847588295,0.6030430382812502,0.8821102687499998,0.6450341682314703
44,11,QT-APP,"[0, 19]",1.1748116262353956,44.838677194081086,0.7068700814411851,0.07102515806764309,13.103866283392998,0.8411150856190936,1,1.0,0.0,0.6289061430829316,0.6331951901953127,0.8380047553124997,0.5725226144317034
44,12,QT-APP,"[0, 19]",1.2406886279535534,53.310135752808094,0.8503634118898941,0.09061184603432815,10.11569627986677,0.8043629204943241,1,1.0,0.0,0.6783888956103619,0.6648549497050783,0.7961045175468747,0.05607452313802529
44,13,QT-APP,"[0, 19]",1.4343040861866767,66.86641679468589,1.0,0.10799816920159178,7.468863809958441,0.7567832953706419,1,0.8627580596861635,0.09271456946799932,0.6914762512862277,0.6648549497050783,0.7961045175468747,0.1560548342838293
44,14,QT-APP,"[0, 19]",1.591860427948423,85.18642429850908,1.0,0.12316564143254771,5.5456773683435925,0.7223472799282699,1,0.7165105409524248,0.20937095114239038,0.745998713921482,0.6648549497050783,0.7961045175468747,0.1098486320154289
44,15,QT-APP,"[0, 4, 14, 19]",2.908867098370617,136.08963042987665,0.9449072294311689,0.31872341602342746,10.427611986301308,0.6961800882643047,3,1.0,0.0,0.05522416922677522,0.7313404446755862,0.7164940657921872,0.827338029955014
44,16,QT-APP,"[0, 4, 14, 19]",2.824789865190322,133.75466224373554,0.9307953946614304,0.31636875971154976,10.824951537288397,0.6949388808970512,3,1.0,0.0,0.0700179385421954,0.7679074669093656,0.6806693625025778,0.02890377261559668
44,17,QT-APP,"[0, 14, 19]",2.435933961041522,139.17095587536406,0.9824660264578129,0.23253101957280586,10.95581088924676,0.7435776514644781,2,1.0,0.0,0.14212185049981027,0.7679074669093656,0.6806693625025778,0.13765834724226497
44,18,QT-APP,"[0, 19]",1.5689831650501322,83.94960527761516,1.0,0.1254032231981026,6.0293456072750145,0.7217043368466493,1,1.0,0.0,0.7544899785065039,0.7679074669093656,0.6806693625025778,0.3559007796831697
44,19,QT-APP,"[0, 19]",1.5479849398172851,83.14437606781117,0.9815842654567477,0.12976730833974703,6.05830527420428,0.7219919281129074,1,1.0,0.0,0.7567892330079662,0.8063028402548339,0.6466358943774488,0.013383333677883138
44,20,QT-APP,"[0, 19]",1.426722789931088,70.1262491489021,0.9027735727171174,0.12251505081387304,6.428149556380196,0.7469077832189551,1,1.0,0.0,0.7362322431933318,0.8063028402548339,0.6466358943774488,0.0783354842589814
44,21,QT-APP,"[0, 19]",1.3069571067329377,57.504007933530715,0.8256100866557626,0.10936769030118043,6.891364009862806,0.7655861887084844,1,1.0,0.0,0.7096085330504409,0.8063028402548339,0.6466358943774488,0.0839446065089736
44,22,QT-APP,"[0, 19]",1.1723981417019627,46.73244801399338,0.7272175330602476,0.0956902137638308,7.422481375340578,0.7924789075506036,1,1.0,0.0,0.7071424494528356,0.8063028402548339,0.6466358943774488,0.10295591518480547
44,23,QT-APP,"[0, 4, 14, 19]",2.3224695989219146,84.39413086052016,0.722385841241329,0.25702613703937804,16.26230834332159,0.7638689469177994,3,1.0,0.0,0.06961500542292957,0.8063028402548339,0.6466358943774488,0.9809563972443702
44,24,QT-APP,"[0, 19]",1.1509224900186896,48.08402100424544,0.7144887952894822,0.10086328509479492,7.067235068001993,0.8004340650602366,1,1.0,0.0,0.677958789618874,0.8466179822675757,0.6143040996585764,0.5044402344155784
44,25,QT-APP,"[0, 19]",1.1009325719952565,47.14750668238884,0.6934697172891032,0.10000505623811706,7.245525818675366,0.8049121897699577,1,1.0,0.0,0.691148290578175,0.8889488813809545,0.5835888946756476,0.043434652165517534
44,26,QT-APP,"[0, 4, 14, 19]",2.2280135545536432,80.47783045165212,0.7302894377607047,0.26027368395100947,16.62145775184007,0.768693089333787,3,1.0,0.0,0.06883613591497288,0.8889488813809545,0.5835888946756476,1.0237511462811393
44,27,QT-APP,"[0, 19]",1.0662017495498464,46.14004472525929,0.6976031493996431,0.09429605552628573,7.328549137125536,0.8209653239941768,1,1.0,0.0,0.6910582106245245,0.9333963254500023,0.5544094499418651,0.5214563451058324
44,28,QT-APP,"[0, 19]",1.0542459375921698,44.481321984660475,0.7115522105418975,0.09217632446800872,7.373544779259334,0.8199891252158041,1,1.0,0.0,0.6826784036481982,0.9800661417225024,0.5266889774447718,0.011213461207247472
44,29,QT-APP,"[0, 19]",1.016859405729214,43.45545409229243,0.6957236110273536,0.09126934466314707,7.1874070098576075,0.8270454453154115,1,1.0,0.0,0.6823007467044899,0.9800661417225024,0.5266889774447718,0.03546281804826705
44,30,QT-APP,"[0, 19]",1.0520297034953439,45.01271134077686,0.7172103964909543,0.09441069001318825,7.004965669266979,0.8319011227651909,1,1.0,0.0,0.6743806614110619,0.9800661417225024,0.5266889774447718,0.03458717849092269
44,31,QT-APP,"[0, 19]",1.0706051591860895,46.86778458453193,0.7274051851164965,0.09423280426415648,7.000224022104172,0.8377348715483158,1,1.0,0.0,0.6701681424264612,0.9800661417225024,0.5266889774447718,0.01765677872880307
44,32,QT-APP,"[0, 19]",1.065401848772482,47.13693089765759,0.7099985602094974,0.08953447403891501,6.852772400607614,0.8300516032050067,1,1.0,0.0,0.6691748432363726,0.9800661417225024,0.5266889774447718,0.004860158172190472
44,33,QT-APP,"[0, 19]",1.0592306007505123,45.2886875098645,0.7227127073424849,0.0919886964510036,7.0434010385858015,0.8253311401615756,1,1.0,0.0,0.6469524559382667,0.9800661417225024,0.5266889774447718,0.005792413472043293
44,34,QT-APP,"[0, 14, 19]",1.6896887689667752,76.21328066557312,0.692174023268288,0.1847446035156176,15.458147223627337,0.8069624873120955,2,1.0,0.0,0.20117790377757708,0.9800661417225024,0.5266889774447718,0.5952038845644707
44,35,QT-APP,"[0, 4, 13, 6, 19]",3.3432953395580847,162.60892239108537,0.7214588153782215,0.2883244873925964,17.243338617941347,0.7608646209327448,4,1.0,0.0,0.007171515117577336,1.0290694488086276,0.5003545285725333,0.9786456541357438
44,36,QT-APP,"[0, 14, 19]",1.6772871185248324,76.90399097470532,0.6971374497399008,0.18558519824843078,15.618947089042791,0.8091996432761734,2,1.0,0.0,0.1961316523900335,1.080522921249059,0.47533680214390656,0.49831320653037625
44,37,QT-APP,"[0, 19]",1.0916376414780478,44.710148317926354,0.749370845895491,0.09353314200047069,7.005147774028344,0.8158449401946317,1,1.0,0.0,0.6683285533157965,1.134549067311512,0.4515699620367112,0.349164714006664
44,38,QT-APP,"[0, 19]",1.0785535209780102,43.62257693838703,0.7450731668573088,0.09239540177919014,6.93407580007942,0.8085940639584043,1,1.0,0.0,0.6654282236989368,1.1912765206770877,0.4289914639348756,0.01198577257039438
44,39,QT-APP,"[0, 19]",1.0939423749322228,41.469171346143085,0.7463318843847854,0.09535975249482032,7.139741299805368,0.801032406494474,1,1.0,0.0,0.6720513996562453,1.1912765206770877,0.4289914639348756,0.014268048506538959
45,0,Dijkstra,"[0, 9, 16, 19]",2.3386348297156574,61.6221077994721,0.2597819978399712,0.18540883872643898,44.385515401994695,0.9132238322805488,3,,,,,,0.0
45,1,Dijkstra,"[0, 9, 16, 19]",2.2995576445510943,60.32692445421541,0.2557256244780533,0.17691973000831274,43.75037275289759,0.9098051393659786,3,,,,,,0.016709400145774038
45,2,Dijkstra,"[0, 9, 16, 19]",2.2523841342734863,58.714787267519135,0.2533140775083789,0.17322260249701849,43.086905500670404,0.9114283424566363,3,,,,,,0.020514167317956928
45,3,Dijkstra,"[0, 9, 16, 19]",2.2629802197327766,57.2681450475842,0.26077544424532584,0.16840177741284434,43.39379033803252,0.9104498245553353,3,,,,,,0.004704386475670218
45,4,Dijkstra,"[0, 9, 16, 19]",2.2326012834095867,55.89468321748663,0.23904217423772453,0.16270865310351923,43.514239750695644,0.9039368832109066,3,,,,,,0.013424304842919562
45,5,Dijkstra,"[0, 9, 16, 19]",2.254504196272029,57.04203984140071,0.24129571294710592,0.170280562501533,42.62348841657516,0.9062427381645097,3,,,,,,0.00981049013328196
45,6,Dijkstra,"[0, 9, 16, 19]",2.238205684066377,56.11361838598304,0.24565759594667633,0.1735614083637076,43.31681538478037,0.9069588474235396,3,,,,,,0.007229311097580878
45,7,Dijkstra,"[0, 9, 16, 19]",2.2651703710722453,57.24711917257313,0.25512671348230054,0.16571846452917693,43.49346930778332,0.9040658284942786,3,,,,,,0.012047457120597906
45,8,Dijkstra,"[0, 9, 16, 19]",2.3007015432918614,58.807831794215055,0.2571011635518654,0.16631587487176203,43.37172014284556,0.9028443915676129,3,,,,,,0.015685871876735258
45,9,Dijkstra,"[0, 9, 16, 19]",2.288283888611545,57.7989746266951,0.25760272452684485,0.1616682357446969,43.52640193691692,0.9030465083309483,3,,,,,,0.005397334007325882
45,10,Dijkstra,"[0, 9, 16, 19]",2.383788112682169,70.52780084653804,0.41301535242463755,0.21618054889191496,33.60301064062457,0.8641774403762726,3,,,,,,0.04173617816650043
45,11,Dijkstra,"[0, 9, 16, 19]",2.519327776267893,89.89973760521087,0.548960058849222,0.2700827830251751,24.973516764300246,0.8277435663723223,3,,,,,,0.056858939292728894
45,12,Dijkstra,"[0, 9, 16, 19]",2.7184069527074017,110.59546447392509,0.7108935509392591,0.31498526425368756,19.366214387265302,0.7831219899883045,3,,,,,,0.07902075240658937
45,13,Dijkstra,"[0, 9, 16, 19]",2.9790624097831357,134.2080382325185,0.8280837565236064,0.3573639257074964,14.469080565575297,0.7380778628106254,3,,,,,,0.09588537022248776
45,14,Dijkstra,"[0, 9, 16, 19]",3.34437259577685,165.4269559405921,0.9229862950111635,0.399946425969786,10.909521076268566,0.6965626735418499,3,,,,,,0.12262589222503312
45,15,Dijkstra,"[0, 9, 16, 19]",3.2585859590893675,163.53378946662167,0.8976958490135495,0.39822233189416345,10.925113825727095,0.6897130709505616,3,,,,,,0.025651040436047892
45,16,Dijkstra,"[0, 9, 16, 19]",3.2265184900364168,161.4577235410761,0.8988884552644181,0.39603800579112347,11.186747503558431,0.6835323181857053,3,,,,,,0.009840915493882576
45,17,Dijkstra,"[0, 9, 16, 19]",3.2797077272951722,163.6866988066393,0.9041096560638314,0.39461495639897803,10.905541155713811,0.6900822716563509,3,,,,,,0.016485024779187032
45,18,Dijkstra,"[0, 9, 16, 19]",3.3242105721152857,166.64446699033982,0.9057165492932517,0.39836245449670193,10.721170661077233,0.6889944137309726,3,,,,,,0.013569149607369336
45,19,Dijkstra,"[0, 9, 16, 19]",3.3508911720788093,167.16702091869738,0.909559746507869,0.4002651410507696,10.949138306158924,0.6907704880850049,3,,,,,,0.008026146173569858
45,20,Dijkstra,"[0, 9, 16, 19]",3.121137649923783,141.64168915105301,0.8376543130252544,0.3719934078636915,12.422665376890384,0.7044225194510964,3,,,,,,0.06856490120283228
45,21,Dijkstra,"[0, 9, 16, 19]",2.963501585170707,119.86686391187689,0.752819216305603,0.35677048718804016,13.484629607567555,0.724235167605021,3,,,,,,0.05050596366902476
45,22,Dijkstra,"[0, 9, 16, 19]",2.8406465301453276,102.69812552395113,0.6914463857393872,0.34112416739819873,15.283326357555987,0.7436083400686643,3,,,,,,0.04145604498413064
45,23,Dijkstra,"[0, 9, 16, 19]",2.8368201186117306,104.42008370600098,0.683926959419168,0.34218681713078114,15.359511353027528,0.7383300806593825,3,,,,,,0.0013470213534104594
45,24,Dijkstra,"[0, 9, 16, 19]",2.8661242048727074,106.92373952364488,0.68166570698627,0.3414156175618468,15.282269174155845,0.7371466736647457,3,,,,,,0.010329906386633177
45,25,Dijkstra,"[0, 9, 16, 19]",2.875465110924668,106.76338437055858,0.6835156182453419,0.3412508704638988,15.419664217707378,0.7361843525052324,3,,,,,,0.003259072316573011
45,26,Dijkstra,"[0, 9, 16, 19]",2.85298016440934,105.16127517863336,0.67952478090262,0.33924095013316025,15.775825341988336,0.734633046456833,3,,,,,,0.007819585927125828
45,27,Dijkstra,"[0, 9, 16, 19]",2.8182549129947376,103.57129868118454,0.6704555219453762,0.33585789470202065,15.746045057203679,0.7298955236629596,3,,,,,,0.012171571274065141
45,28,Dijkstra,"[0, 9, 16, 19]",2.778386915749344,104.47475967611847,0.6478518267752547,0.3334256029758075,16.175091392203296,0.7305411323624246,3,,,,,,0.01414634178816312
45,29,Dijkstra,"[0, 9, 16, 19]",2.760609422917941,104.91738346050622,0.6461106479261626,0.33576283042268396,15.859987721763794,0.7330400724077175,3,,,,,,0.006398494295603994
45,30,Dijkstra,"[0, 9, 16, 19]",2.771139107071007,103.89838558566592,0.645379459142129,0.3438709398372477,16.05071188698898,0.7350030744724488,3,,,,,,0.003814260744620649
45,31,Dijkstra,"[0, 9, 16, 19]",2.744656386683073,105.47016684888561,0.6459790548829295,0.3473344921667654,16.28206610245055,0.7364028826064436,3,,,,,,0.009556618908216822
45,32,Dijkstra,"[0, 9, 16, 19]",2.6748362633365597,101.9570121659784,0.6393345146763281,0.3461987888213164,16.571963965878904,0.7371467076563031,3,,,,,,0.02543856625742915
45,33,Dijkstra,"[0, 9, 16, 19]",2.6707647706123487,103.70551163412497,0.6335470383457489,0.3424231786251405,16.877464185501452,0.7395192080593543,3,,,,,,0.001522146525384769
45,34,Dijkstra,"[0, 9, 16, 19]",2.6516573270954082,104.75466392782408,0.6464608136316788,0.34371109945034717,16.86235876295792,0.7373871670432538,3,,,,,,0.0071542966745662025
45,35,Dijkstra,"[0, 9, 16, 19]",2.606240448261099,104.01824246618571,0.6481397513502284,0.3424463785015658,16.30586807986109,0.7362273842257933,3,,,,,,0.017127733048394416
45,36,Dijkstra,"[0, 9, 16, 19]",2.6179298587955313,104.7434640726712,0.6491036917127798,0.35007087828608685,16.595292348591858,0.7392082298698718,3,,,,,,0.004485161966629572
45,37,Dijkstra,"[0, 9, 16, 19]",2.6112045613177424,104.6706247703382,0.6337413403543173,0.354140010462591,16.50679853261218,0.7475699833506867,3,,,,,,0.0025689372292362115
45,38,Dijkstra,"[0, 9, 16, 19]",2.667902875223943,107.82488761939713,0.6357121020378803,0.35504469430124774,15.950953265859402,0.7512931092339069,3,,,,,,0.02171347076599305
45,39,Dijkstra,"[0, 9, 16, 19]",2.6730607604931675,108.31180959726933,0.6255705601725786,0.36029512970351785,16.309448635231874,0.745686538818076,3,,,,,,0.0019333107352312142
45,0,QT-APP without tunneling,"[0, 9, 1, 8, 19]",3.273052740904447,112.83579422265981,0.30859696536007475,0.18451130780019787,62.45757549203729,0.923550045469564,4,,,0.038283001234400385,0.45,1.2,0.0
45,1,QT-APP without tunneling,"[0, 9, 16, 19]",2.2995576445510943,60.32692445421541,0.2557256244780533,0.17691973000831274,43.75037275289759,0.9098051393659786,3,,,0.2600638923991495,0.45,1.2,0.29742725626973715
45,2,QT-APP without tunneling,"[0, 9, 16, 19]",2.2523841342734863,58.714787267519135,0.2533140775083789,0.17322260249701849,43.086905500670404,0.9114283424566363,3,,,0.2849465049103736,0.47250000000000003,1.14,0.020514167317956928
45,3,QT-APP without tunneling,"[0, 9, 16, 19]",2.2629802197327766,57.2681450475842,0.26077544424532584,0.16840177741284434,43.39379033803252,0.9104498245553353,3,,,0.2858135654040184,0.47250000000000003,1.14,0.004704386475670218
45,4,QT-APP without tunneling,"[0, 9, 16, 19]",2.2326012834095867,55.89468321748663,0.23904217423772453,0.16270865310351923,43.514239750695644,0.9039368832109066,3,,,0.28054132494945744,0.47250000000000003,1.14,0.013424304842919562
45,5,QT-APP without tunneling,"[0, 9, 16, 19]",2.254504196272029,57.04203984140071,0.24129571294710592,0.170280562501533,42.62348841657516,0.9062427381645097,3,,,0.270612579290894,0.47250000000000003,1.14,0.00981049013328196
45,6,QT-APP without tunneling,"[0, 3, 16, 19]",2.147055960470244,81.46039927698965,0.1749585555477974,0.062244463537417305,41.13092490343636,0.9300378192986963,3,,,0.32675304531535154,0.47250000000000003,1.14,0.04765936385457064
45,7,QT-APP without tunneling,"[0, 3, 16, 19]",2.1669000803733525,84.44651286302177,0.15903663063195606,0.06183701280967502,42.62465774603607,0.9266713343074233,3,,,0.3180797429324849,0.47250000000000003,1.14,0.009242479128844915
45,8,QT-APP without tunneling,"[0, 3, 16, 19]",2.182688391856142,83.1822727089637,0.1711374862178527,0.05977314323344862,42.748712223495374,0.9248016322649666,3,,,0.3191163063922049,0.47250000000000003,1.14,0.007286128061829773
45,9,QT-APP without tunneling,"[0, 12, 1, 8, 19]",2.703931151143314,101.34666325462915,0.2337203704249065,0.1404614262148708,75.71745870364413,0.9517865041961487,4,,,0.1136261554158662,0.47250000000000003,1.14,0.23880768378664957
45,10,QT-APP without tunneling,"[0, 9, 16, 8, 19]",3.0465412834138825,90.72665782795245,0.4400708002905249,0.2865726512759783,36.73895223572864,0.8866130631621878,4,,,0.07541137503672252,0.5457375000000001,0.9747,0.12670815679818664
45,11,QT-APP without tunneling,"[0, 12, 1, 8, 19]",3.1549207610159002,155.8703579995388,0.5506902619215492,0.2852233689248651,42.41934654986755,0.8773939368824307,4,,,0.08917690951341455,0.5457375000000001,0.9747,0.035574596737638894
45,12,QT-APP without tunneling,"[0, 12, 4, 9, 16, 19]",3.9577381965749208,185.9972085831482,0.7532477479172863,0.39817902450118403,25.995017148761356,0.8250719796928736,5,,,0.02926667124453176,0.5457375000000001,0.9747,0.25446516612369985
45,13,QT-APP without tunneling,"[0, 3, 16, 19]",3.1385854802713347,189.730948018033,0.7954594500029059,0.2560085078291868,14.021725789118008,0.765045157208521,3,,,0.30617839123986235,0.6303268125000002,0.8333685000000001,0.20697496287462666
45,14,QT-APP without tunneling,"[0, 3, 16, 19]",3.751010973644269,232.48724399244455,0.9520401681223345,0.30577518644562374,10.435104610876968,0.7265282118004083,3,,,0.23086588138328135,0.6618431531250003,0.7917000750000001,0.19512786802288704
45,15,QT-APP without tunneling,"[0, 9, 16, 19]",3.2585859590893675,163.53378946662167,0.8976958490135495,0.39822233189416345,10.925113825727095,0.6897130709505616,3,,,0.5177871372621654,0.6618431531250003,0.7917000750000001,0.1312779456031528
45,16,QT-APP without tunneling,"[0, 12, 4, 9, 16, 19]",4.894913526127684,274.65085070110297,0.93572749104249,0.5064045445804122,14.27402268506836,0.738408136687306,5,,,0.017719884424603913,0.6618431531250003,0.7917000750000001,0.5021587853080908
45,17,QT-APP without tunneling,"[0, 3, 16, 19]",3.5844019508441933,221.96308152410958,0.9360105298470908,0.2891438050984445,10.891563175182506,0.7249321751030163,3,,,0.26427492346073794,0.6949353107812504,0.75211507125,0.26772925983030044
45,18,QT-APP without tunneling,"[0, 9, 16, 19]",3.3242105721152857,166.64446699033982,0.9057165492932517,0.39836245449670193,10.721170661077233,0.6889944137309726,3,,,0.4799370263970649,0.7296820763203129,0.7145093176874999,0.07258989987649898
45,19,QT-APP without tunneling,"[0, 9, 16, 19]",3.3508911720788093,167.16702091869738,0.909559746507869,0.4002651410507696,10.949138306158924,0.6907704880850049,3,,,0.4748360438279299,0.7296820763203129,0.7145093176874999,0.008026146173569858
45,20,QT-APP without tunneling,"[0, 3, 16, 19]",3.35212362220411,194.8573796704859,0.8554902587446424,0.25673568707902816,12.540355633480393,0.7468366384486603,3,,,0.2669566276562244,0.7296820763203129,0.7145093176874999,0.0003677977176848602
45,21,QT-APP without tunneling,"[0, 9, 16, 19]",2.963501585170707,119.86686391187689,0.752819216305603,0.35677048718804016,13.484629607567555,0.724235167605021,3,,,0.3731901634476773,0.7296820763203129,0.7145093176874999,0.1159330862558923
45,22,QT-APP without tunneling,"[0, 9, 16, 19]",2.8406465301453276,102.69812552395113,0.6914463857393872,0.34112416739819873,15.283326357555987,0.7436083400686643,3,,,0.32053364023943454,0.7296820763203129,0.7145093176874999,0.04145604498413064
45,23,QT-APP without tunneling,"[0, 3, 16, 19]",2.827176161436302,135.28187546731795,0.6786094953621737,0.21018198839853586,15.21462238629024,0.787138265757834,3,,,0.32618427618188506,0.7296820763203129,0.7145093176874999,0.004742008048546858
45,24,QT-APP without tunneling,"[0, 9, 16, 19]",2.8661242048727074,106.92373952364488,0.68166570698627,0.3414156175618468,15.282269174155845,0.7371466736647457,3,,,0.3222137121233465,0.7296820763203129,0.7145093176874999,0.013776305830415121
45,25,QT-APP without tunneling,"[0, 9, 16, 19]",2.875465110924668,106.76338437055858,0.6835156182453419,0.3412508704638988,15.419664217707378,0.7361843525052324,3,,,0.31186309145956675,0.7296820763203129,0.7145093176874999,0.003259072316573011
45,26,QT-APP without tunneling,"[0, 9, 16, 8, 19]",3.5114374342596752,135.58595951933117,0.6605583122168988,0.4312511196684875,17.713213605814055,0.7735282540984846,4,,,0.08438737368204058,0.7296820763203129,0.7145093176874999,0.2211719839405378
45,27,QT-APP without tunneling,"[0, 9, 16, 19]",2.8182549129947376,103.57129868118454,0.6704555219453762,0.33585789470202065,15.746045057203679,0.7298955236629596,3,,,0.3282478051946272,0.8427827981499615,0.6109054666228124,0.1974070545873425
45,28,QT-APP without tunneling,"[0, 12, 1, 8, 19]",3.58111551801489,185.94973014651157,0.6108853874698353,0.3737638443847018,23.457815291441484,0.813828459052753,4,,,0.0681761635949251,0.8427827981499615,0.6109054666228124,0.27068545201595007
45,29,QT-APP without tunneling,"[0, 3, 16, 19]",2.7247764074077874,136.52375910101466,0.6585420333746798,0.20928552658932342,15.881334642487202,0.7941217102561464,3,,,0.3570181891842299,0.8849219380574596,0.5803601932916718,0.2391263577785379
45,30,QT-APP without tunneling,"[0, 3, 16, 8, 19]",3.420075216581227,171.00395583362874,0.6456149588138497,0.3088583080435422,18.289483934995758,0.8150794420845358,4,,,0.08890791849859206,0.9291680349603326,0.5513421836270882,0.25517646412496325
45,31,QT-APP without tunneling,"[0, 9, 16, 19]",2.744656386683073,105.47016684888561,0.6459790548829295,0.3473344921667654,16.28206610245055,0.7364028826064436,3,,,0.32999650782914586,0.9756264367083493,0.5237750744457338,0.19748654258350362
45,32,QT-APP without tunneling,"[0, 3, 16, 19]",2.680999627237696,139.2817310278034,0.6467651806188072,0.21531021760486746,16.438754671419314,0.7931248035188733,3,,,0.34068582796498437,0.9756264367083493,0.5237750744457338,0.023192979549001617
45,33,QT-APP without tunneling,"[0, 3, 16, 19]",2.6677027557270963,138.71919301544494,0.6464790041293322,0.21252726957555212,16.684087641718794,0.7968811963339136,3,,,0.3405490163517091,0.9756264367083493,0.5237750744457338,0.004959669287347039
45,34,QT-APP without tunneling,"[0, 9, 16, 8, 19]",3.2410029078559437,135.53955772597476,0.6298695785500281,0.424998164203947,18.578178561922634,0.7684202944105295,4,,,0.09676058449367403,0.9756264367083493,0.5237750744457338,0.2149040596438532
45,35,QT-APP without tunneling,"[0, 3, 16, 19]",2.5583040277532247,137.96573165384612,0.6338267180550821,0.20876274354785518,16.340854710935634,0.792902304231908,3,,,0.3510698378808063,1.0244077585437668,0.49758632072344705,0.21064432816394857
45,36,QT-APP without tunneling,"[0, 9, 16, 19]",2.6179298587955313,104.7434640726712,0.6491036917127798,0.35007087828608685,16.595292348591858,0.7392082298698718,3,,,0.31344757666122575,1.0756281464709552,0.47270700468727467,0.023306780740470344
45,37,QT-APP without tunneling,"[0, 9, 16, 19]",2.6112045613177424,104.6706247703382,0.6337413403543173,0.354140010462591,16.50679853261218,0.7475699833506867,3,,,0.3242927282328888,1.0756281464709552,0.47270700468727467,0.0025689372292362115
45,38,QT-APP without tunneling,"[0, 3, 16, 19]",2.5941899429002295,136.3924634734649,0.6384543655508266,0.21815075962899388,16.418593370716533,0.7967208546757277,3,,,0.3672933249036701,1.0756281464709552,0.47270700468727467,0.006516003636622948
45,39,QT-APP without tunneling,"[0, 3, 16, 19]",2.6053886967703317,136.88244965183864,0.6432838969278502,0.22511804814752245,16.91400010585937,0.7992854885458581,3,,,0.37169691624579143,1.0756281464709552,0.47270700468727467,0.0043168596427377555
45,0,QT-APP without adaptation,"[0, 9, 18, 16, 19]",3.192164445392117,106.87645370139492,0.2865762405525054,0.1575160650080205,44.146063314224776,0.9313015907000979,4,0.07370570786647355,1.0865312647831018,0.0163194943349504,0.45,1.2,0.0
45,1,QT-APP without adaptation,"[0, 9, 16, 19]",2.2995576445510943,60.32692445421541,0.2557256244780533,0.17691973000831274,43.75037275289759,0.9098051393659786,3,0.19871532043554632,0.6732841787696554,0.21495519036855645,0.45,1.2,0.27962431638805413
45,2,QT-APP without adaptation,"[0, 3, 16, 19]",2.2712783610031857,87.39061637695903,0.19502131424642263,0.05626068300496301,38.82439366833958,0.9255046831455086,3,0.2957901654501745,0.5075437402304255,0.3349397890081863,0.45,1.2,0.012297705871786989
45,3,QT-APP without adaptation,"[0, 9, 16, 19]",2.2629802197327766,57.2681450475842,0.26077544424532584,0.16840177741284434,43.39379033803252,0.9104498245553353,3,0.2001911501939803,0.6702010907930634,0.2503259705422168,0.45,1.2,0.0036535113497686454
45,4,QT-APP without adaptation,"[0, 9, 16, 19]",2.2326012834095867,55.89468321748663,0.23904217423772453,0.16270865310351923,43.514239750695644,0.9039368832109066,3,0.24376050298825697,0.5881537836874583,0.2404275063502508,0.45,1.2,0.013424304842919562
45,5,QT-APP without adaptation,"[0, 9, 16, 19]",2.254504196272029,57.04203984140071,0.24129571294710592,0.170280562501533,42.62348841657516,0.9062427381645097,3,0.21754734178435117,0.6355578286509612,0.2181608983290449,0.45,1.2,0.00981049013328196
45,6,QT-APP without adaptation,"[0, 3, 16, 19]",2.147055960470244,81.46039927698965,0.1749585555477974,0.062244463537417305,41.13092490343636,0.9300378192986963,3,0.4666244308572979,0.31759606727022477,0.4469584691065247,0.45,1.2,0.04765936385457064
45,7,QT-APP without adaptation,"[0, 3, 16, 19]",2.1669000803733525,84.44651286302177,0.15903663063195606,0.06183701280967502,42.62465774603607,0.9266713343074233,3,0.4437283557503831,0.3385594646482803,0.40879899964649447,0.45,1.2,0.009242479128844915
45,8,QT-APP without adaptation,"[0, 3, 16, 19]",2.182688391856142,83.1822727089637,0.1711374862178527,0.05977314323344862,42.748712223495374,0.9248016322649666,3,0.3264204220853235,0.4664871209108713,0.37042700079846713,0.45,1.2,0.007286128061829773
45,9,QT-APP without adaptation,"[0, 12, 1, 8, 19]",2.703931151143314,101.34666325462915,0.2337203704249065,0.1404614262148708,75.71745870364413,0.9517865041961487,4,0.39732172015377226,0.3845870617720837,0.16128670114251203,0.45,1.2,0.23880768378664957
45,10,QT-APP without adaptation,"[0, 12, 1, 8, 16, 19]",3.1784978375671025,133.6086797711119,0.30686371838835597,0.2643061410791008,49.91454688219559,0.9135688883960601,5,0.9320674678966158,0.02931253186233136,0.16106909683624718,0.45,1.2,0.1755099001774233
45,11,QT-APP without adaptation,"[0, 12, 1, 8, 19]",3.1549207610159002,155.8703579995388,0.5506902619215492,0.2852233689248651,42.41934654986755,0.8773939368824307,4,0.3941604386726616,0.38791551992358764,0.10251032247556424,0.45,1.2,0.007417678965372107
45,12,QT-APP without adaptation,"[0, 12, 4, 9, 16, 19]",3.9577381965749208,185.9972085831482,0.7532477479172863,0.39817902450118403,25.995017148761356,0.8250719796928736,5,0.32431069566563453,0.46918886893199474,0.031392561338168194,0.45,1.2,0.25446516612369985
45,13,QT-APP without adaptation,"[0, 3, 16, 19]",3.1385854802713347,189.730948018033,0.7954594500029059,0.2560085078291868,14.021725789118008,0.765045157208521,3,0.19658116558449504,0.6777832818947883,0.3500361369529238,0.45,1.2,0.20697496287462666
45,14,QT-APP without adaptation,"[0, 3, 16, 19]",3.751010973644269,232.48724399244455,0.9520401681223345,0.30577518644562374,10.435104610876968,0.7265282118004083,3,0.09438853389614685,0.9834731984051881,0.24578137053539537,0.45,1.2,0.19512786802288704
45,15,QT-APP without adaptation,"[0, 9, 16, 19]",3.2585859590893675,163.53378946662167,0.8976958490135495,0.39822233189416345,10.925113825727095,0.6897130709505616,3,0.1060031202484847,0.9351194787486876,0.5343266193562533,0.45,1.2,0.1312779456031528
45,16,QT-APP without adaptation,"[0, 12, 4, 9, 16, 19]",4.894913526127684,274.65085070110297,0.93572749104249,0.5064045445804122,14.27402268506836,0.738408136687306,5,0.053757639557548,1.2180289544878513,0.008710752659046384,0.45,1.2,0.5021587853080908
45,17,QT-APP without adaptation,"[0, 3, 16, 19]",3.5844019508441933,221.96308152410958,0.9360105298470908,0.2891438050984445,10.891563175182506,0.7249321751030163,3,0.12110324291212765,0.8796299374942488,0.3045770847418892,0.45,1.2,0.26772925983030044
45,18,QT-APP without adaptation,"[0, 9, 16, 19]",3.3242105721152857,166.64446699033982,0.9057165492932517,0.39836245449670193,10.721170661077233,0.6889944137309726,3,0.09725465857617496,0.9710093310558264,0.5124700598403856,0.45,1.2,0.07258989987649898
45,19,QT-APP without adaptation,"[0, 9, 16, 19]",3.3508911720788093,167.16702091869738,0.909559746507869,0.4002651410507696,10.949138306158924,0.6907704880850049,3,0.09803576629689638,0.9676762102836858,0.47605539824806786,0.45,1.2,0.008026146173569858
45,20,QT-APP without adaptation,"[0, 3, 16, 19]",3.35212362220411,194.8573796704859,0.8554902587446424,0.25673568707902816,12.540355633480393,0.7468366384486603,3,0.13153395783928248,0.8452042609091058,0.3053722801350183,0.45,1.2,0.0003677977176848602
45,21,QT-APP without adaptation,"[0, 9, 16, 19]",2.963501585170707,119.86686391187689,0.752819216305603,0.35677048718804016,13.484629607567555,0.724235167605021,3,0.0995644849377418,0.9612290645460659,0.32539898810159285,0.45,1.2,0.1159330862558923
45,22,QT-APP without adaptation,"[0, 3, 16, 19]",2.856118009685735,136.15814206937273,0.686402805279381,0.20613826299842875,14.977462221314497,0.7875154175848369,3,0.1638372298676358,0.7537007686750402,0.3700129213738629,0.45,1.2,0.036235369679677935
45,23,QT-APP without adaptation,"[0, 3, 16, 19]",2.827176161436302,135.28187546731795,0.6786094953621737,0.21018198839853586,15.21462238629024,0.787138265757834,3,0.17102227111741636,0.7358172877113756,0.3883912645551421,0.45,1.2,0.01013328166108149
45,24,QT-APP without adaptation,"[0, 3, 16, 19]",2.86053153104047,137.32992692942037,0.6828197860492242,0.21103914713607608,15.175278520447533,0.7865924763023661,3,0.1652142141335834,0.7502134915107557,0.4160214237353468,0.45,1.2,0.01179812211886462
45,25,QT-APP without adaptation,"[0, 3, 16, 19]",2.8365200137445084,136.54377135104855,0.6786520455545046,0.21221118308501175,15.53948304725973,0.788607976220098,3,0.17661095065340782,0.7224191602103192,0.462981458273086,0.45,1.2,0.008394075379140485
45,26,QT-APP without adaptation,"[0, 3, 16, 8, 19]",3.454540940892335,165.7706787424102,0.6529274658481814,0.3178084867984602,17.802357377615337,0.8141304030318466,4,0.17582195225324307,0.7242847628819655,0.12897885231085865,0.45,1.2,0.21787998115760626
45,27,QT-APP without adaptation,"[0, 9, 16, 19]",2.8182549129947376,103.57129868118454,0.6704555219453762,0.33585789470202065,15.746045057203679,0.7298955236629596,3,0.09161643092056904,0.9958936027191878,0.22698713655844557,0.45,1.2,0.1841883013646495
45,28,QT-APP without adaptation,"[0, 12, 1, 8, 19]",3.58111551801489,185.94973014651157,0.6108853874698353,0.3737638443847018,23.457815291441484,0.813828459052753,4,0.11028133316934005,0.9186335849792542,0.050765045182820025,0.45,1.2,0.27068545201595007
45,29,QT-APP without adaptation,"[0, 3, 16, 19]",2.7247764074077874,136.52375910101466,0.6585420333746798,0.20928552658932342,15.881334642487202,0.7941217102561464,3,0.22542147925701048,0.620743078318176,0.4830435821157223,0.45,1.2,0.2391263577785379
45,30,QT-APP without adaptation,"[0, 9, 16, 19]",2.771139107071007,103.89838558566592,0.645379459142129,0.3438709398372477,16.05071188698898,0.7350030744724488,3,0.11468459848804326,0.9023206418083735,0.23152497632335498,0.45,1.2,0.017015230878091276
45,31,QT-APP without adaptation,"[0, 9, 16, 19]",2.744656386683073,105.47016684888561,0.6459790548829295,0.3473344921667654,16.28206610245055,0.7364028826064436,3,0.1506118711534478,0.7887704754178428,0.2777850195517163,0.45,1.2,0.009556618908216822
45,32,QT-APP without adaptation,"[0, 3, 16, 19]",2.680999627237696,139.2817310278034,0.6467651806188072,0.21531021760486746,16.438754671419314,0.7931248035188733,3,0.26328523288516553,0.5560488745013697,0.44253798354800084,0.45,1.2,0.023192979549001617
45,33,QT-APP without adaptation,"[0, 3, 16, 19]",2.6677027557270963,138.71919301544494,0.6464790041293322,0.21252726957555212,16.684087641718794,0.7968811963339136,3,0.2672053151776669,0.5498908105772939,0.4354741019622313,0.45,1.2,0.004959669287347039
45,34,QT-APP without adaptation,"[0, 9, 16, 8, 19]",3.2410029078559437,135.53955772597476,0.6298695785500281,0.424998164203947,18.578178561922634,0.7684202944105295,4,0.20725893554910121,0.6557443212763892,0.07263744647329569,0.45,1.2,0.2149040596438532
45,35,QT-APP without adaptation,"[0, 3, 16, 19]",2.5583040277532247,137.96573165384612,0.6338267180550821,0.20876274354785518,16.340854710935634,0.792902304231908,3,0.45210569450785015,0.33076637044952617,0.4828552598174401,0.45,1.2,0.21064432816394857
45,36,QT-APP without adaptation,"[0, 3, 16, 19]",2.5506330811659854,138.80766041943423,0.6255348507029627,0.21221248548628846,16.767765622436812,0.7913834421585643,3,0.5091367216668343,0.28126612088233693,0.5077858141763472,0.45,1.2,0.0029984499512265427
45,37,QT-APP without adaptation,"[0, 9, 16, 19]",2.6112045613177424,104.6706247703382,0.6337413403543173,0.354140010462591,16.50679853261218,0.7475699833506867,3,0.22333318070652036,0.6246210577787953,0.21597470091940266,0.45,1.2,0.02374762587336457
45,38,QT-APP without adaptation,"[0, 3, 16, 19]",2.5941899429002295,136.3924634734649,0.6384543655508266,0.21815075962899388,16.418593370716533,0.7967208546757277,3,0.36304234581942274,0.4221815818212685,0.4913055602532631,0.45,1.2,0.006516003636622948
45,39,QT-APP without adaptation,"[0, 3, 16, 19]",2.6053886967703317,136.88244965183864,0.6432838969278502,0.22511804814752245,16.91400010585937,0.7992854885458581,3,0.33003939785456377,0.4618930184206884,0.48257920729170684,0.45,1.2,0.0043168596427377555
45,0,QT-APP,"[0, 9, 18, 16, 19]",3.192164445392117,106.87645370139492,0.2865762405525054,0.1575160650080205,44.146063314224776,0.9313015907000979,4,0.07370570786647355,1.0865312647831018,0.0163194943349504,0.45,1.2,0.0
45,1,QT-APP,"[0, 9, 16, 19]",2.2995576445510943,60.32692445421541,0.2557256244780533,0.17691973000831274,43.75037275289759,0.9098051393659786,3,0.19871532043554632,0.6732841787696554,0.21495519036855645,0.45,1.2,0.27962431638805413
45,2,QT-APP,"[0, 3, 16, 19]",2.2712783610031857,87.39061637695903,0.19502131424642263,0.05626068300496301,38.82439366833958,0.9255046831455086,3,0.44445832392105666,0.35565745082524597,0.3462030354771209,0.47250000000000003,1.14,0.012297705871786989
45,3,QT-APP,"[0, 9, 16, 19]",2.2629802197327766,57.2681450475842,0.26077544424532584,0.16840177741284434,43.39379033803252,0.9104498245553353,3,0.2794821958243345,0.5591301265384855,0.2529620127834535,0.47250000000000003,1.14,0.0036535113497686454
45,4,QT-APP,"[0, 9, 16, 19]",2.2326012834095867,55.89468321748663,0.23904217423772453,0.16270865310351923,43.514239750695644,0.9039368832109066,3,0.33897333996323953,0.474488516609872,0.2407977630773363,0.47250000000000003,1.14,0.013424304842919562
45,5,QT-APP,"[0, 9, 16, 19]",2.254504196272029,57.04203984140071,0.24129571294710592,0.170280562501533,42.62348841657516,0.9062427381645097,3,0.3232960090766138,0.49525742923753185,0.22009555290422458,0.47250000000000003,1.14,0.00981049013328196
45,6,QT-APP,"[0, 3, 16, 19]",2.147055960470244,81.46039927698965,0.1749585555477974,0.062244463537417305,41.13092490343636,0.9300378192986963,3,0.5282071749523138,0.27994153308416586,0.4176157032274984,0.47250000000000003,1.14,0.04765936385457064
45,7,QT-APP,"[0, 3, 16, 19]",2.1669000803733525,84.44651286302177,0.15903663063195606,0.06183701280967502,42.62465774603607,0.9266713343074233,3,0.5005646381288834,0.3035169041469192,0.3912465223734209,0.47250000000000003,1.14,0.009242479128844915
45,8,QT-APP,"[0, 3, 16, 19]",2.182688391856142,83.1822727089637,0.1711374862178527,0.05977314323344862,42.748712223495374,0.9248016322649666,3,0.5155347003966173,0.2905923963741923,0.4042823368662893,0.47250000000000003,1.14,0.007286128061829773
45,9,QT-APP,"[0, 12, 1, 8, 19]",2.703931151143314,101.34666325462915,0.2337203704249065,0.1404614262148708,75.71745870364413,0.9517865041961487,4,0.4460101062262475,0.3541288015432867,0.12387303765088664,0.47250000000000003,1.14,0.23880768378664957
45,10,QT-APP,"[0, 12, 1, 8, 16, 19]",3.1784978375671025,133.6086797711119,0.30686371838835597,0.2643061410791008,49.91454688219559,0.9135688883960601,5,1.0,0.0,0.10201346663739914,0.5457375000000001,0.9747,0.1755099001774233
45,11,QT-APP,"[0, 12, 1, 8, 19]",3.1549207610159002,155.8703579995388,0.5506902619215492,0.2852233689248651,42.41934654986755,0.8773939368824307,4,0.6337524177189615,0.23396784094739861,0.10302338459105177,0.5457375000000001,0.9747,0.007417678965372107
45,12,QT-APP,"[0, 12, 4, 9, 16, 19]",3.9577381965749208,185.9972085831482,0.7532477479172863,0.39817902450118403,25.995017148761356,0.8250719796928736,5,0.7633380129810056,0.13853203066479483,0.04343473964740015,0.5457375000000001,0.9747,0.25446516612369985
45,13,QT-APP,"[0, 3, 16, 19]",3.1385854802713347,189.730948018033,0.7954594500029059,0.2560085078291868,14.021725789118008,0.765045157208521,3,0.5889960998787981,0.2858292251599354,0.3654801834092987,0.5730243750000001,0.9259649999999999,0.20697496287462666
45,14,QT-APP,"[0, 3, 16, 19]",3.751010973644269,232.48724399244455,0.9520401681223345,0.30577518644562374,10.435104610876968,0.7265282118004083,3,0.3770652736064254,0.5543786706621893,0.22422602157217486,0.6016755937500001,0.8796667499999999,0.19512786802288704
45,15,QT-APP,"[0, 9, 16, 19]",3.2585859590893675,163.53378946662167,0.8976958490135495,0.39822233189416345,10.925113825727095,0.6897130709505616,3,0.4968359649138065,0.39759110926915925,0.5102110258746684,0.6016755937500001,0.8796667499999999,0.1312779456031528
45,16,QT-APP,"[0, 12, 1, 8, 16, 19]",4.934699236916348,313.34977103320307,0.8777078870005026,0.5270948726665834,16.013197352353096,0.7485919005565843,5,1.0,0.0,0.03155151017555712,0.6016755937500001,0.8796667499999999,0.5143682870024338
45,17,QT-APP,"[0, 3, 16, 19]",3.5844019508441933,221.96308152410958,0.9360105298470908,0.2891438050984445,10.891563175182506,0.7249321751030163,3,0.6263041570482337,0.2799619718439511,0.2765781990205559,0.6317593734375001,0.8356834124999999,0.2736331478868293
45,18,QT-APP,"[0, 3, 16, 19]",3.6180326895624577,224.2876767681673,0.9357205421151501,0.28475909255756027,10.851168197744784,0.724641157029542,3,0.7493605997788845,0.1817201443674103,0.29791964519224456,0.6633473421093752,0.7938992418749998,0.009382524387462662
45,19,QT-APP,"[0, 9, 16, 19]",3.3508911720788093,167.16702091869738,0.909559746507869,0.4002651410507696,10.949138306158924,0.6907704880850049,3,0.5676577172681904,0.3566174537524732,0.39748423414189143,0.6633473421093752,0.7938992418749998,0.07383612598479725
45,20,QT-APP,"[0, 3, 16, 19]",3.35212362220411,194.8573796704859,0.8554902587446424,0.25673568707902816,12.540355633480393,0.7468366384486603,3,1.0,0.0,0.34079381895777866,0.6633473421093752,0.7938992418749998,0.0003677977176848602
45,21,QT-APP,"[0, 9, 16, 19]",2.963501585170707,119.86686391187689,0.752819216305603,0.35677048718804016,13.484629607567555,0.724235167605021,3,0.6340848362448565,0.286920870026973,0.28908849838414763,0.6633473421093752,0.7938992418749998,0.1159330862558923
45,22,QT-APP,"[0, 9, 16, 19]",2.8406465301453276,102.69812552395113,0.6914463857393872,0.34112416739819873,15.283326357555987,0.7436083400686643,3,0.618263374557961,0.3028348652598567,0.2387206050364248,0.6633473421093752,0.7938992418749998,0.04145604498413064
45,23,QT-APP,"[0, 3, 16, 19]",2.827176161436302,135.28187546731795,0.6786094953621737,0.21018198839853586,15.21462238629024,0.787138265757834,3,1.0,0.0,0.3844946547568621,0.6633473421093752,0.7938992418749998,0.004742008048546858
45,24,QT-APP,"[0, 9, 16, 19]",2.8661242048727074,106.92373952364488,0.68166570698627,0.3414156175618468,15.282269174155845,0.7371466736647457,3,0.6310564701344887,0.28993599129552783,0.24298425592775888,0.6633473421093752,0.7938992418749998,0.013776305830415121
45,25,QT-APP,"[0, 3, 16, 19]",2.8365200137445084,136.54377135104855,0.6786520455545046,0.21221118308501175,15.53948304725973,0.788607976220098,3,1.0,0.0,0.39679386464833444,0.6633473421093752,0.7938992418749998,0.010328997981967713
45,26,QT-APP,"[0, 9, 16, 8, 19]",3.5114374342596752,135.58595951933117,0.6605583122168988,0.4312511196684875,17.713213605814055,0.7735282540984846,4,0.6576452524287935,0.2639438363093261,0.0649414088489174,0.6633473421093752,0.7938992418749998,0.23793853639135937
45,27,QT-APP,"[0, 9, 16, 19]",2.8182549129947376,103.57129868118454,0.6704555219453762,0.33585789470202065,15.746045057203679,0.7298955236629596,3,0.8430124446145008,0.11321439255422486,0.2976855147468295,0.6965147092148439,0.7542042797812498,0.1974070545873425
45,28,QT-APP,"[0, 12, 1, 8, 19]",3.58111551801489,185.94973014651157,0.6108853874698353,0.3737638443847018,23.457815291441484,0.813828459052753,4,1.0,0.0,0.0681761635949251,0.6965147092148439,0.7542042797812498,0.27068545201595007
45,29,QT-APP,"[0, 3, 16, 19]",2.7247764074077874,136.52375910101466,0.6585420333746798,0.20928552658932342,15.881334642487202,0.7941217102561464,3,1.0,0.0,0.3570181891842299,0.7313404446755861,0.7164940657921873,0.2391263577785379
45,30,QT-APP,"[0, 3, 16, 8, 19]",3.420075216581227,171.00395583362874,0.6456149588138497,0.3088583080435422,18.289483934995758,0.8150794420845358,4,1.0,0.0,0.08890791849859206,0.7679074669093655,0.6806693625025779,0.25517646412496325
45,31,QT-APP,"[0, 9, 16, 19]",2.744656386683073,105.47016684888561,0.6459790548829295,0.3473344921667654,16.28206610245055,0.7364028826064436,3,1.0,0.0,0.32999650782914586,0.8063028402548338,0.646635894377449,0.19748654258350362
45,32,QT-APP,"[0, 3, 16, 19]",2.680999627237696,139.2817310278034,0.6467651806188072,0.21531021760486746,16.438754671419314,0.7931248035188733,3,1.0,0.0,0.34068582796498437,0.8063028402548338,0.646635894377449,0.023192979549001617
45,33,QT-APP,"[0, 3, 16, 19]",2.6677027557270963,138.71919301544494,0.6464790041293322,0.21252726957555212,16.684087641718794,0.7968811963339136,3,1.0,0.0,0.3405490163517091,0.8063028402548338,0.646635894377449,0.004959669287347039
45,34,QT-APP,"[0, 9, 16, 8, 19]",3.2410029078559437,135.53955772597476,0.6298695785500281,0.424998164203947,18.578178561922634,0.7684202944105295,4,1.0,0.0,0.09676058449367403,0.8063028402548338,0.646635894377449,0.2149040596438532
45,35,QT-APP,"[0, 3, 16, 19]",2.5583040277532247,137.96573165384612,0.6338267180550821,0.20876274354785518,16.340854710935634,0.792902304231908,3,1.0,0.0,0.3510698378808063,0.8466179822675756,0.6143040996585765,0.21064432816394857
45,36,QT-APP,"[0, 9, 16, 19]",2.6179298587955313,104.7434640726712,0.6491036917127798,0.35007087828608685,16.595292348591858,0.7392082298698718,3,1.0,0.0,0.31344757666122575,0.8889488813809544,0.5835888946756476,0.023306780740470344
45,37,QT-APP,"[0, 9, 16, 19]",2.6112045613177424,104.6706247703382,0.6337413403543173,0.354140010462591,16.50679853261218,0.7475699833506867,3,1.0,0.0,0.3242927282328888,0.8889488813809544,0.5835888946756476,0.0025689372292362115
45,38,QT-APP,"[0, 3, 16, 19]",2.5941899429002295,136.3924634734649,0.6384543655508266,0.21815075962899388,16.418593370716533,0.7967208546757277,3,1.0,0.0,0.3672933249036701,0.8889488813809544,0.5835888946756476,0.006516003636622948
45,39,QT-APP,"[0, 3, 16, 19]",2.6053886967703317,136.88244965183864,0.6432838969278502,0.22511804814752245,16.91400010585937,0.7992854885458581,3,1.0,0.0,0.37169691624579143,0.8889488813809544,0.5835888946756476,0.0043168596427377555
46,0,Dijkstra,"[0, 19]",0.8042168977728361,15.967468624417753,0.4637881523755039,0.020315430411316338,44.19115154332384,0.9677225734784207,1,,,,,,0.0
46,1,Dijkstra,"[0, 19]",0.8264068508036402,16.227372903218267,0.4708680859476926,0.020393183970777273,45.43740978051823,0.9654211611750573,1,,,,,,0.02759200048178044
46,2,Dijkstra,"[0, 19]",0.8277661108895569,17.0240424426321,0.4452002958590882,0.025174795072015588,46.348787089571466,0.965610816785748,1,,,,,,0.0016447831774323719
46,3,Dijkstra,"[0, 19]",0.8103016090913908,17.0961348598426,0.4170470710010056,0.02953820483098535,44.66481321190393,0.9657617230859472,1,,,,,,0.021098353228544073
46,4,Dijkstra,"[0, 19]",0.8199147366443652,17.142338196790924,0.44629050244237056,0.026051877412339053,44.78410772174537,0.9750498944174629,1,,,,,,0.011863641198681317
46,5,Dijkstra,"[0, 19]",0.8204904347294784,16.71027771901438,0.47320068125638126,0.027033880457193904,45.28265786132396,0.9830443681813467,1,,,,,,0.0007021438442115219
46,6,Dijkstra,"[0, 19]",0.8287184430225124,17.050747171768755,0.4874065004336255,0.024358735864965175,44.92952393125522,0.9820570572580426,1,,,,,,0.010028158702114405
46,7,Dijkstra,"[0, 19]",0.8163381916301212,16.934076394224327,0.4819100478482376,0.028084072030889917,45.56175921306956,0.9920239552819206,1,,,,,,0.01493903206405999
46,8,Dijkstra,"[0, 19]",0.8324913512904739,16.80026754892214,0.5045915479732817,0.02969511094745958,43.309325070756735,0.9847202481711314,1,,,,,,0.019787337926817965
46,9,Dijkstra,"[0, 19]",0.8255418092035994,17.31877072552865,0.5026303503818078,0.02548920436898594,43.22775720733396,0.9818213076086946,1,,,,,,0.008347885027396086
46,10,Dijkstra,"[0, 19]",0.8669316146903492,20.76487162644339,0.6254922533171932,0.042813966092961175,33.52082448939686,0.9373673845833147,1,,,,,,0.050136534607106716
46,11,Dijkstra,"[0, 19]",0.9190539934867683,26.523028740520584,0.7845546183399859,0.05851806819314209,25.83986024789329,0.9026079394397146,1,,,,,,0.06012282619896865
46,12,Dijkstra,"[0, 19]",0.9969744010116497,33.29371402975871,0.9203005096870902,0.07564899554405602,18.841038568133825,0.8640429989406706,1,,,,,,0.08478327506011017
46,13,Dijkstra,"[0, 19]",1.0906689241383214,41.82042924118201,1.0,0.09837996207467514,13.641096704779189,0.8201591441808963,1,,,,,,0.09397886548701552
46,14,Dijkstra,"[0, 19]",1.188313024153639,52.83091891088647,1.0,0.11610002144488296,9.859858062593878,0.7830775066106077,1,,,,,,0.08952680126323483
46,15,Dijkstra,"[0, 19]",1.1584634495884123,51.31311103468377,0.9853087717651321,0.11888160338933718,9.559912344051922,0.7893994967446702,1,,,,,,0.025119285877125454
46,16,Dijkstra,"[0, 19]",1.1210907897957219,49.950959785299446,0.9736371431982762,0.11832920904030908,9.813459359900582,0.7947580070503201,1,,,,,,0.03226054288201193
46,17,Dijkstra,"[0, 19]",1.0841033767670754,47.91947713849843,0.945747237066205,0.12044078726726948,9.927405481264863,0.7906063979303317,1,,,,,,0.032992344032534704
46,18,Dijkstra,"[0, 19]",1.051867141283081,46.96810863554258,0.9366588026367929,0.11653678153012414,10.403916490784036,0.7934514414968897,1,,,,,,0.029735388870503043
46,19,Dijkstra,"[0, 19]",1.0649042079049873,47.254688472262494,0.9389078303985928,0.11360702301001802,10.032203183355817,0.7995336467594877,1,,,,,,0.01239421416473151
46,20,Dijkstra,"[0, 19]",0.9544980845060435,42.0155283657146,0.8319614127761182,0.09953950210573848,11.434553681950533,0.8290408578180635,1,,,,,,0.10367704679855531
46,21,Dijkstra,"[0, 19]",0.9160724827256304,34.171579236155104,0.7695223780719257,0.09331811772633425,11.994837272027091,0.8453505075197749,1,,,,,,0.040257390144788505
46,22,Dijkstra,"[0, 19]",0.874608984223601,29.809266186377794,0.6978105696921666,0.07970348904602642,12.57696412437896,0.8705099517558893,1,,,,,,0.04526224647493089
46,23,Dijkstra,"[0, 19]",0.9078787976941084,29.833425516482343,0.7171053731839435,0.07970014913689527,11.949323088975177,0.8639608071860885,1,,,,,,0.038039642938314126
46,24,Dijkstra,"[0, 19]",0.941535792613679,30.859880578014188,0.7457987922708517,0.08143752317938446,11.49121717288098,0.8686223273993443,1,,,,,,0.03707212350927782
46,25,Dijkstra,"[0, 19]",0.957814374704055,30.348449947784037,0.774769511639693,0.07872193330677724,11.736803573104561,0.8619014250096192,1,,,,,,0.017289392732683047
46,26,Dijkstra,"[0, 19]",0.9660703555491412,30.5884727646369,0.7843629998277971,0.07394636219232997,11.456053666708709,0.8582322812338259,1,,,,,,0.008619604239743431
46,27,Dijkstra,"[0, 19]",0.9539631371436361,31.921010935199835,0.7670735461108777,0.07262896799837626,12.018256667958099,0.8483001094150099,1,,,,,,0.012532439626121251
46,28,Dijkstra,"[0, 19]",0.9378745362419394,31.072292217905236,0.7591952798301226,0.07738229002055297,12.447083941218962,0.8497438727737884,1,,,,,,0.01686501320152615
46,29,Dijkstra,"[0, 19]",0.9208585085429095,32.58265100907681,0.7415842845537538,0.07909261439970372,12.25411315621229,0.8595577635140728,1,,,,,,0.01814318124811561
46,30,Dijkstra,"[0, 19]",0.9230253526691063,33.677163068091126,0.7294446904161781,0.08097588319914328,12.319196888303942,0.8614134183025222,1,,,,,,0.002353069560735739
46,31,Dijkstra,"[0, 19]",0.9138643077028278,32.959604023745634,0.7352073297053102,0.08448054710701058,12.48030589573878,0.85415120242424,1,,,,,,0.009925019870567618
46,32,Dijkstra,"[0, 19]",0.9215576061716971,32.23045190437644,0.7594615603641924,0.08594236799778743,13.046488054458683,0.862160891016259,1,,,,,,0.00841842536580504
46,33,Dijkstra,"[0, 19]",0.9269428107105353,31.944556964866887,0.7756105140958265,0.08322427647362518,12.98183913097764,0.8698334588256982,1,,,,,,0.00584358970375081
46,34,Dijkstra,"[0, 19]",0.9267242836052829,31.75781782806458,0.7672220616210746,0.08773657365504373,13.12376558121952,0.8688614880983286,1,,,,,,0.00023575036423754915
46,35,Dijkstra,"[0, 19]",0.8898674590807155,30.28742941351784,0.7539146544583452,0.0864806860463736,13.148880291829206,0.8729167401922946,1,,,,,,0.03977107881664804
46,36,Dijkstra,"[0, 19]",0.9063146992088011,30.47243968159374,0.765354729643598,0.08734797470926636,12.557771384626017,0.8655710475090541,1,,,,,,0.018482797589965336
46,37,Dijkstra,"[0, 19]",0.8543904581936648,28.998435338332392,0.7368686618046987,0.08380758401270239,12.699706383581487,0.8728048060389908,1,,,,,,0.05729162404677475
46,38,Dijkstra,"[0, 19]",0.8507000473686939,30.11470518659427,0.7140594609079142,0.07916947821362674,12.62008157448036,0.8718153665157246,1,,,,,,0.004319349297010052
46,39,Dijkstra,"[0, 19]",0.851279407118831,30.213726019538893,0.712184810379729,0.07861906151835074,12.197792658435457,0.8628028449657686,1,,,,,,0.0006810388125980976
46,0,QT-APP without tunneling,"[0, 19]",0.8042168977728361,15.967468624417753,0.4637881523755039,0.020315430411316338,44.19115154332384,0.9677225734784207,1,,,0.909075305816756,0.45,1.2,0.0
46,1,QT-APP without tunneling,"[0, 19]",0.8264068508036402,16.227372903218267,0.4708680859476926,0.020393183970777273,45.43740978051823,0.9654211611750573,1,,,0.9059433748037267,0.45,1.2,0.02759200048178044
46,2,QT-APP without tunneling,"[0, 19]",0.8277661108895569,17.0240424426321,0.4452002958590882,0.025174795072015588,46.348787089571466,0.965610816785748,1,,,0.9040121046607867,0.45,1.2,0.0016447831774323719
46,3,QT-APP without tunneling,"[0, 19]",0.8103016090913908,17.0961348598426,0.4170470710010056,0.02953820483098535,44.66481321190393,0.9657617230859472,1,,,0.90651977674846,0.45,1.2,0.021098353228544073
46,4,QT-APP without tunneling,"[0, 19]",0.8199147366443652,17.142338196790924,0.44629050244237056,0.026051877412339053,44.78410772174537,0.9750498944174629,1,,,0.906282759839341,0.45,1.2,0.011863641198681317
46,5,QT-APP without tunneling,"[0, 17, 2, 18, 19]",2.796078860270087,64.36362362364704,0.30478928090049057,0.21720972862728538,57.650595803995735,0.9088377827839452,4,,,0.017267583666786972,0.45,1.2,2.4102068609151917
46,6,QT-APP without tunneling,"[0, 19]",0.8287184430225124,17.050747171768755,0.4874065004336255,0.024358735864965175,44.92952393125522,0.9820570572580426,1,,,0.8970107398098259,0.47250000000000003,1.14,0.7036140665422926
46,7,QT-APP without tunneling,"[0, 19]",0.8163381916301212,16.934076394224327,0.4819100478482376,0.028084072030889917,45.56175921306956,0.9920239552819206,1,,,0.8935028266913538,0.49612500000000004,1.083,0.01493903206405999
46,8,QT-APP without tunneling,"[0, 14, 18, 19]",2.4784608280172202,104.65109322024477,0.26785182424786297,0.141746953248706,82.67326559520814,0.9217992966010099,3,,,0.03274130879655398,0.49612500000000004,1.083,2.0360711448132256
46,9,QT-APP without tunneling,"[0, 19]",0.8255418092035994,17.31877072552865,0.5026303503818078,0.02548920436898594,43.22775720733396,0.9818213076086946,1,,,0.8677220168679625,0.5209312500000001,1.0288499999999998,0.6669135134711665
46,10,QT-APP without tunneling,"[0, 19]",0.8669316146903492,20.76487162644339,0.6254922533171932,0.042813966092961175,33.52082448939686,0.9373673845833147,1,,,0.904346674828051,0.5469778125000001,0.9774074999999998,0.050136534607106716
46,11,QT-APP without tunneling,"[0, 19]",0.9190539934867683,26.523028740520584,0.7845546183399859,0.05851806819314209,25.83986024789329,0.9026079394397146,1,,,0.929259041060551,0.5469778125000001,0.9774074999999998,0.06012282619896865
46,12,QT-APP without tunneling,"[0, 19]",0.9969744010116497,33.29371402975871,0.9203005096870902,0.07564899554405602,18.841038568133825,0.8640429989406706,1,,,0.9538259519775775,0.5469778125000001,0.9774074999999998,0.08478327506011017
46,13,QT-APP without tunneling,"[0, 19]",1.0906689241383214,41.82042924118201,1.0,0.09837996207467514,13.641096704779189,0.8201591441808963,1,,,0.9771690529126564,0.6016755937500001,0.8796667499999998,0.09397886548701552
46,14,QT-APP without tunneling,"[0, 19]",1.188313024153639,52.83091891088647,1.0,0.11610002144488296,9.859858062593878,0.7830775066106077,1,,,0.9878096860111609,0.6016755937500001,0.8796667499999998,0.08952680126323483
46,15,QT-APP without tunneling,"[0, 19]",1.1584634495884123,51.31311103468377,0.9853087717651321,0.11888160338933718,9.559912344051922,0.7893994967446702,1,,,0.9874276050169695,0.6016755937500001,0.8796667499999998,0.025119285877125454
46,16,QT-APP without tunneling,"[0, 19]",1.1210907897957219,49.950959785299446,0.9736371431982762,0.11832920904030908,9.813459359900582,0.7947580070503201,1,,,0.9877660250001055,0.6016755937500001,0.8796667499999998,0.03226054288201193
46,17,QT-APP without tunneling,"[0, 19]",1.0841033767670754,47.91947713849843,0.945747237066205,0.12044078726726948,9.927405481264863,0.7906063979303317,1,,,0.9884335237609051,0.6016755937500001,0.8796667499999998,0.032992344032534704
46,18,QT-APP without tunneling,"[0, 19]",1.051867141283081,46.96810863554258,0.9366588026367929,0.11653678153012414,10.403916490784036,0.7934514414968897,1,,,0.9883155040151752,0.6016755937500001,0.8796667499999998,0.029735388870503043
46,19,QT-APP without tunneling,"[0, 19]",1.0649042079049873,47.254688472262494,0.9389078303985928,0.11360702301001802,10.032203183355817,0.7995336467594877,1,,,0.9888833214574789,0.6016755937500001,0.8796667499999998,0.01239421416473151
46,20,QT-APP without tunneling,"[0, 19]",0.9544980845060435,42.0155283657146,0.8319614127761182,0.09953950210573848,11.434553681950533,0.8290408578180635,1,,,0.9818874869360021,0.6016755937500001,0.8796667499999998,0.10367704679855531
46,21,QT-APP without tunneling,"[0, 19]",0.9160724827256304,34.171579236155104,0.7695223780719257,0.09331811772633425,11.994837272027091,0.8453505075197749,1,,,0.9728646551424943,0.6016755937500001,0.8796667499999998,0.040257390144788505
46,22,QT-APP without tunneling,"[0, 19]",0.874608984223601,29.809266186377794,0.6978105696921666,0.07970348904602642,12.57696412437896,0.8705099517558893,1,,,0.963560871931531,0.6016755937500001,0.8796667499999998,0.04526224647493089
46,23,QT-APP without tunneling,"[0, 19]",0.9078787976941084,29.833425516482343,0.7171053731839435,0.07970014913689527,11.949323088975177,0.8639608071860885,1,,,0.9614231994826034,0.6016755937500001,0.8796667499999998,0.038039642938314126
46,24,QT-APP without tunneling,"[0, 19]",0.941535792613679,30.859880578014188,0.7457987922708517,0.08143752317938446,11.49121717288098,0.8686223273993443,1,,,0.9539759371041715,0.6016755937500001,0.8796667499999998,0.03707212350927782
46,25,QT-APP without tunneling,"[0, 9, 4, 2, 18, 19]",3.6251917952299886,126.57341827658968,0.6716563906696364,0.507855791562142,22.213986863888216,0.7473583374113953,5,,,0.004575726159595501,0.6016755937500001,0.8796667499999998,2.850296317643485
46,26,QT-APP without tunneling,"[0, 19]",0.9660703555491412,30.5884727646369,0.7843629998277971,0.07394636219232997,11.456053666708709,0.8582322812338259,1,,,0.9483986119569555,0.6949353107812503,0.7521150712499998,0.7335119325768384
46,27,QT-APP without tunneling,"[0, 19]",0.9539631371436361,31.921010935199835,0.7670735461108777,0.07262896799837626,12.018256667958099,0.8483001094150099,1,,,0.9472158778623063,0.7296820763203128,0.7145093176874997,0.012532439626121251
46,28,QT-APP without tunneling,"[0, 19]",0.9378745362419394,31.072292217905236,0.7591952798301226,0.07738229002055297,12.447083941218962,0.8497438727737884,1,,,0.945050676541613,0.7296820763203128,0.7145093176874997,0.01686501320152615
46,29,QT-APP without tunneling,"[0, 19]",0.9208585085429095,32.58265100907681,0.7415842845537538,0.07909261439970372,12.25411315621229,0.8595577635140728,1,,,0.9391845723859549,0.7296820763203128,0.7145093176874997,0.01814318124811561
46,30,QT-APP without tunneling,"[0, 19]",0.9230253526691063,33.677163068091126,0.7294446904161781,0.08097588319914328,12.319196888303942,0.8614134183025222,1,,,0.9413672767010427,0.7296820763203128,0.7145093176874997,0.002353069560735739
46,31,QT-APP without tunneling,"[0, 19]",0.9138643077028278,32.959604023745634,0.7352073297053102,0.08448054710701058,12.48030589573878,0.85415120242424,1,,,0.9408614339199659,0.7296820763203128,0.7145093176874997,0.009925019870567618
46,32,QT-APP without tunneling,"[0, 19]",0.9215576061716971,32.23045190437644,0.7594615603641924,0.08594236799778743,13.046488054458683,0.862160891016259,1,,,0.9374606945473666,0.7296820763203128,0.7145093176874997,0.00841842536580504
46,33,QT-APP without tunneling,"[0, 9, 4, 18, 19]",3.0761690691167765,120.70093154926968,0.6730070615244488,0.4452151733501589,21.355079506681413,0.7583462933743987,4,,,0.012767241582707596,0.7296820763203128,0.7145093176874997,2.3380106121587905
46,34,QT-APP without tunneling,"[0, 19]",0.9267242836052829,31.75781782806458,0.7672220616210746,0.08773657365504373,13.12376558121952,0.8688614880983286,1,,,0.93765677150736,0.7661661801363284,0.6787838518031247,0.698740783492969
46,35,QT-APP without tunneling,"[0, 19]",0.8898674590807155,30.28742941351784,0.7539146544583452,0.0864806860463736,13.148880291829206,0.8729167401922946,1,,,0.9433731960175742,0.8044744891431449,0.6448446592129684,0.03977107881664804
46,36,QT-APP without tunneling,"[0, 19]",0.9063146992088011,30.47243968159374,0.765354729643598,0.08734797470926636,12.557771384626017,0.8655710475090541,1,,,0.9360514963682692,0.8044744891431449,0.6448446592129684,0.018482797589965336
46,37,QT-APP without tunneling,"[0, 19]",0.8543904581936648,28.998435338332392,0.7368686618046987,0.08380758401270239,12.699706383581487,0.8728048060389908,1,,,0.9412915238770696,0.8044744891431449,0.6448446592129684,0.05729162404677475
46,38,QT-APP without tunneling,"[0, 19]",0.8507000473686939,30.11470518659427,0.7140594609079142,0.07916947821362674,12.62008157448036,0.8718153665157246,1,,,0.9468506089066215,0.8044744891431449,0.6448446592129684,0.004319349297010052
46,39,QT-APP without tunneling,"[0, 17, 2, 18, 19]",3.2031203431524506,117.37561949246802,0.7494033564890443,0.42265133827748336,15.233226766218191,0.7777049379682324,4,,,0.008562246223347472,0.8044744891431449,0.6448446592129684,2.7652758490610694
46,0,QT-APP without adaptation,"[0, 19]",0.8042168977728361,15.967468624417753,0.4637881523755039,0.020315430411316338,44.19115154332384,0.9677225734784207,1,0.6622520283101327,0.17171212003278785,0.9792359767633968,0.45,1.2,0.0
46,1,QT-APP without adaptation,"[0, 19]",0.8264068508036402,16.227372903218267,0.4708680859476926,0.020393183970777273,45.43740978051823,0.9654211611750573,1,0.5887100929647459,0.2207589244162377,0.976929294795478,0.45,1.2,0.02759200048178044
46,2,QT-APP without adaptation,"[0, 19]",0.8277661108895569,17.0240424426321,0.4452002958590882,0.025174795072015588,46.348787089571466,0.965610816785748,1,0.5894396535546753,0.22024288879531484,0.975190821274782,0.45,1.2,0.0016447831774323719
46,3,QT-APP without adaptation,"[0, 19]",0.8103016090913908,17.0961348598426,0.4170470710010056,0.02953820483098535,44.66481321190393,0.9657617230859472,1,0.6407606855270732,0.1854580155349334,0.9772201820852922,0.45,1.2,0.021098353228544073
46,4,QT-APP without adaptation,"[0, 19]",0.8199147366443652,17.142338196790924,0.44629050244237056,0.026051877412339053,44.78410772174537,0.9750498944174629,1,0.6163203125257005,0.201661859470443,0.9745079837917688,0.45,1.2,0.011863641198681317
46,5,QT-APP without adaptation,"[0, 19]",0.8204904347294784,16.71027771901438,0.47320068125638126,0.027033880457193904,45.28265786132396,0.9830443681813467,1,0.6164105711207725,0.20160084412879337,0.9725186443208673,0.45,1.2,0.0007021438442115219
46,6,QT-APP without adaptation,"[0, 19]",0.8287184430225124,17.050747171768755,0.4874065004336255,0.024358735864965175,44.92952393125522,0.9820570572580426,1,0.6017845393638203,0.2116065857380017,0.9702559730550943,0.45,1.2,0.010028158702114405
46,7,QT-APP without adaptation,"[0, 19]",0.8163381916301212,16.934076394224327,0.4819100478482376,0.028084072030889917,45.56175921306956,0.9920239552819206,1,0.639905942079423,0.18601419955408693,0.9689128460216179,0.45,1.2,0.01493903206405999
46,8,QT-APP without adaptation,"[0, 19]",0.8324913512904739,16.80026754892214,0.5045915479732817,0.02969511094745958,43.309325070756735,0.9847202481711314,1,0.5934194587543539,0.21743907487256087,0.9580313967928773,0.45,1.2,0.019787337926817965
46,9,QT-APP without adaptation,"[0, 19]",0.8255418092035994,17.31877072552865,0.5026303503818078,0.02548920436898594,43.22775720733396,0.9818213076086946,1,0.628269644749296,0.19366076418634467,0.9522094077854835,0.45,1.2,0.008347885027396086
46,10,QT-APP without adaptation,"[0, 19]",0.8669316146903492,20.76487162644339,0.6254922533171932,0.042813966092961175,33.52082448939686,0.9373673845833147,1,0.6493644912424634,0.1799004583913907,0.9696888764884151,0.45,1.2,0.050136534607106716
46,11,QT-APP without adaptation,"[0, 19]",0.9190539934867683,26.523028740520584,0.7845546183399859,0.05851806819314209,25.83986024789329,0.9026079394397146,1,0.7185868691890698,0.13769528218227198,0.9802229277291616,0.45,1.2,0.06012282619896865
46,12,QT-APP without adaptation,"[0, 19]",0.9969744010116497,33.29371402975871,0.9203005096870902,0.07564899554405602,18.841038568133825,0.8640429989406706,1,0.6714529708681013,0.16596304225365757,0.9879895576844498,0.45,1.2,0.08478327506011017
46,13,QT-APP without adaptation,"[0, 19]",1.0906689241383214,41.82042924118201,1.0,0.09837996207467514,13.641096704779189,0.8201591441808963,1,0.5926156127564078,0.21800387416359016,0.9957068738981106,0.45,1.2,0.09397886548701552
46,14,QT-APP without adaptation,"[0, 19]",1.188313024153639,52.83091891088647,1.0,0.11610002144488296,9.859858062593878,0.7830775066106077,1,0.5328299342341104,0.2623137410259697,0.9984225336539831,0.45,1.2,0.08952680126323483
46,15,QT-APP without adaptation,"[0, 19]",1.1584634495884123,51.31311103468377,0.9853087717651321,0.11888160338933718,9.559912344051922,0.7893994967446702,1,0.5803737359327873,0.22670125444268774,0.9984789126104093,0.45,1.2,0.025119285877125454
46,16,QT-APP without adaptation,"[0, 19]",1.1210907897957219,49.950959785299446,0.9736371431982762,0.11832920904030908,9.813459359900582,0.7947580070503201,1,0.683215217089553,0.15872723479094994,0.9984202202980468,0.45,1.2,0.03226054288201193
46,17,QT-APP without adaptation,"[0, 19]",1.0841033767670754,47.91947713849843,0.945747237066205,0.12044078726726948,9.927405481264863,0.7906063979303317,1,0.8557126462907868,0.06492527199317874,0.9988863721439153,0.45,1.2,0.032992344032534704
46,18,QT-APP without adaptation,"[0, 19]",1.051867141283081,46.96810863554258,0.9366588026367929,0.11653678153012414,10.403916490784036,0.7934514414968897,1,1.0,0.0,0.9989005981602074,0.45,1.2,0.029735388870503043
46,19,QT-APP without adaptation,"[0, 19]",1.0649042079049873,47.254688472262494,0.9389078303985928,0.11360702301001802,10.032203183355817,0.7995336467594877,1,1.0,0.0,0.999022142587061,0.45,1.2,0.01239421416473151
46,20,QT-APP without adaptation,"[0, 19]",0.9544980845060435,42.0155283657146,0.8319614127761182,0.09953950210573848,11.434553681950533,0.8290408578180635,1,1.0,0.0,0.9981612486204903,0.45,1.2,0.10367704679855531
46,21,QT-APP without adaptation,"[0, 19]",0.9160724827256304,34.171579236155104,0.7695223780719257,0.09331811772633425,11.994837272027091,0.8453505075197749,1,1.0,0.0,0.9969267235137127,0.45,1.2,0.040257390144788505
46,22,QT-APP without adaptation,"[0, 19]",0.874608984223601,29.809266186377794,0.6978105696921666,0.07970348904602642,12.57696412437896,0.8705099517558893,1,1.0,0.0,0.9957800768222176,0.45,1.2,0.04526224647493089
46,23,QT-APP without adaptation,"[0, 19]",0.9078787976941084,29.833425516482343,0.7171053731839435,0.07970014913689527,11.949323088975177,0.8639608071860885,1,1.0,0.0,0.9958327958008698,0.45,1.2,0.038039642938314126
46,24,QT-APP without adaptation,"[0, 19]",0.941535792613679,30.859880578014188,0.7457987922708517,0.08143752317938446,11.49121717288098,0.8686223273993443,1,0.7564690650336541,0.11628901617182032,0.9922514570167752,0.45,1.2,0.03707212350927782
46,25,QT-APP without adaptation,"[0, 17, 2, 18, 19]",3.2621420349125825,116.77208099180518,0.6994529596365976,0.4143761046094936,15.931271525509622,0.7644822622593634,4,0.15014631561376443,0.7900604262044697,0.002206739712734545,0.45,1.2,2.4647031589282022
46,26,QT-APP without adaptation,"[0, 19]",0.9660703555491412,30.5884727646369,0.7843629998277971,0.07394636219232997,11.456053666708709,0.8582322812338259,1,0.6452473308337455,0.18255065709619844,0.9886172823262682,0.45,1.2,0.7038539875916134
46,27,QT-APP without adaptation,"[0, 19]",0.9539631371436361,31.921010935199835,0.7670735461108777,0.07262896799837626,12.018256667958099,0.8483001094150099,1,0.7508894170549661,0.11937370235690706,0.9881920361989451,0.45,1.2,0.012532439626121251
46,28,QT-APP without adaptation,"[0, 19]",0.9378745362419394,31.072292217905236,0.7591952798301226,0.07738229002055297,12.447083941218962,0.8497438727737884,1,0.8532499173584573,0.06612616168764235,0.9880846931377012,0.45,1.2,0.01686501320152615
46,29,QT-APP without adaptation,"[0, 19]",0.9208585085429095,32.58265100907681,0.7415842845537538,0.07909261439970372,12.25411315621229,0.8595577635140728,1,1.0,0.0,0.9853552331522212,0.45,1.2,0.01814318124811561
46,30,QT-APP without adaptation,"[0, 19]",0.9230253526691063,33.677163068091126,0.7294446904161781,0.08097588319914328,12.319196888303942,0.8614134183025222,1,1.0,0.0,0.9859638843480615,0.45,1.2,0.002353069560735739
46,31,QT-APP without adaptation,"[0, 19]",0.9138643077028278,32.959604023745634,0.7352073297053102,0.08448054710701058,12.48030589573878,0.85415120242424,1,1.0,0.0,0.9849235715875988,0.45,1.2,0.009925019870567618
46,32,QT-APP without adaptation,"[0, 19]",0.9215576061716971,32.23045190437644,0.7594615603641924,0.08594236799778743,13.046488054458683,0.862160891016259,1,1.0,0.0,0.9844965473758105,0.45,1.2,0.00841842536580504
46,33,QT-APP without adaptation,"[0, 19]",0.9269428107105353,31.944556964866887,0.7756105140958265,0.08322427647362518,12.98183913097764,0.8698334588256982,1,1.0,0.0,0.9864233063450988,0.45,1.2,0.00584358970375081
46,34,QT-APP without adaptation,"[0, 19]",0.9267242836052829,31.75781782806458,0.7672220616210746,0.08773657365504373,13.12376558121952,0.8688614880983286,1,1.0,0.0,0.9854474038403539,0.45,1.2,0.00023575036423754915
46,35,QT-APP without adaptation,"[0, 19]",0.8898674590807155,30.28742941351784,0.7539146544583452,0.0864806860463736,13.148880291829206,0.8729167401922946,1,1.0,0.0,0.9861954254697001,0.45,1.2,0.03977107881664804
46,36,QT-APP without adaptation,"[0, 19]",0.9063146992088011,30.47243968159374,0.765354729643598,0.08734797470926636,12.557771384626017,0.8655710475090541,1,1.0,0.0,0.9835015319302705,0.45,1.2,0.018482797589965336
46,37,QT-APP without adaptation,"[0, 19]",0.8543904581936648,28.998435338332392,0.7368686618046987,0.08380758401270239,12.699706383581487,0.8728048060389908,1,1.0,0.0,0.9843769739460472,0.45,1.2,0.05729162404677475
46,38,QT-APP without adaptation,"[0, 19]",0.8507000473686939,30.11470518659427,0.7140594609079142,0.07916947821362674,12.62008157448036,0.8718153665157246,1,1.0,0.0,0.9879041767916683,0.45,1.2,0.004319349297010052
46,39,QT-APP without adaptation,"[0, 19]",0.851279407118831,30.213726019538893,0.712184810379729,0.07861906151835074,12.197792658435457,0.8628028449657686,1,1.0,0.0,0.9866589133623569,0.45,1.2,0.0006810388125980976
46,0,QT-APP,"[0, 19]",0.8042168977728361,15.967468624417753,0.4637881523755039,0.020315430411316338,44.19115154332384,0.9677225734784207,1,0.6622520283101327,0.17171212003278785,0.9792359767633968,0.45,1.2,0.0
46,1,QT-APP,"[0, 19]",0.8264068508036402,16.227372903218267,0.4708680859476926,0.020393183970777273,45.43740978051823,0.9654211611750573,1,0.5887100929647459,0.2207589244162377,0.976929294795478,0.45,1.2,0.02759200048178044
46,2,QT-APP,"[0, 19]",0.8277661108895569,17.0240424426321,0.4452002958590882,0.025174795072015588,46.348787089571466,0.965610816785748,1,0.5894396535546753,0.22024288879531484,0.975190821274782,0.45,1.2,0.0016447831774323719
46,3,QT-APP,"[0, 19]",0.8103016090913908,17.0961348598426,0.4170470710010056,0.02953820483098535,44.66481321190393,0.9657617230859472,1,0.6407606855270732,0.1854580155349334,0.9772201820852922,0.45,1.2,0.021098353228544073
46,4,QT-APP,"[0, 19]",0.8199147366443652,17.142338196790924,0.44629050244237056,0.026051877412339053,44.78410772174537,0.9750498944174629,1,0.6163203125257005,0.201661859470443,0.9745079837917688,0.45,1.2,0.011863641198681317
46,5,QT-APP,"[0, 19]",0.8204904347294784,16.71027771901438,0.47320068125638126,0.027033880457193904,45.28265786132396,0.9830443681813467,1,0.6164105711207725,0.20160084412879337,0.9725186443208673,0.45,1.2,0.0007021438442115219
46,6,QT-APP,"[0, 19]",0.8287184430225124,17.050747171768755,0.4874065004336255,0.024358735864965175,44.92952393125522,0.9820570572580426,1,0.6017845393638203,0.2116065857380017,0.9702559730550943,0.45,1.2,0.010028158702114405
46,7,QT-APP,"[0, 19]",0.8163381916301212,16.934076394224327,0.4819100478482376,0.028084072030889917,45.56175921306956,0.9920239552819206,1,1.0,0.0,0.9680881751529337,0.49500000000000005,1.08,0.01493903206405999
46,8,QT-APP,"[0, 19]",0.8324913512904739,16.80026754892214,0.5045915479732817,0.02969511094745958,43.309325070756735,0.9847202481711314,1,0.9020070340392876,0.04774674105564791,0.9567724708314733,0.49500000000000005,1.08,0.019787337926817965
46,9,QT-APP,"[0, 19]",0.8255418092035994,17.31877072552865,0.5026303503818078,0.02548920436898594,43.22775720733396,0.9818213076086946,1,1.0,0.0,0.9523618320574594,0.49500000000000005,1.08,0.008347885027396086
46,10,QT-APP,"[0, 19]",0.8669316146903492,20.76487162644339,0.6254922533171932,0.042813966092961175,33.52082448939686,0.9373673845833147,1,1.0,0.0,0.9687298656208798,0.49500000000000005,1.08,0.050136534607106716
46,11,QT-APP,"[0, 19]",0.9190539934867683,26.523028740520584,0.7845546183399859,0.05851806819314209,25.83986024789329,0.9026079394397146,1,1.0,0.0,0.9775647289592506,0.49500000000000005,1.08,0.06012282619896865
46,12,QT-APP,"[0, 19]",0.9969744010116497,33.29371402975871,0.9203005096870902,0.07564899554405602,18.841038568133825,0.8640429989406706,1,1.0,0.0,0.9871697945034894,0.49500000000000005,1.08,0.08478327506011017
46,13,QT-APP,"[0, 19]",1.0906689241383214,41.82042924118201,1.0,0.09837996207467514,13.641096704779189,0.8201591441808963,1,1.0,0.0,0.9928030991224309,0.5445000000000001,0.9720000000000001,0.09397886548701552
46,14,QT-APP,"[0, 19]",1.188313024153639,52.83091891088647,1.0,0.11610002144488296,9.859858062593878,0.7830775066106077,1,1.0,0.0,0.9971779894470816,0.5445000000000001,0.9720000000000001,0.08952680126323483
46,15,QT-APP,"[0, 19]",1.1584634495884123,51.31311103468377,0.9853087717651321,0.11888160338933718,9.559912344051922,0.7893994967446702,1,1.0,0.0,0.9969184823200535,0.5445000000000001,0.9720000000000001,0.025119285877125454
46,16,QT-APP,"[0, 19]",1.1210907897957219,49.950959785299446,0.9736371431982762,0.11832920904030908,9.813459359900582,0.7947580070503201,1,1.0,0.0,0.9967767014482588,0.5445000000000001,0.9720000000000001,0.03226054288201193
46,17,QT-APP,"[0, 19]",1.0841033767670754,47.91947713849843,0.945747237066205,0.12044078726726948,9.927405481264863,0.7906063979303317,1,1.0,0.0,0.9968684787157439,0.5445000000000001,0.9720000000000001,0.032992344032534704
46,18,QT-APP,"[0, 19]",1.051867141283081,46.96810863554258,0.9366588026367929,0.11653678153012414,10.403916490784036,0.7934514414968897,1,1.0,0.0,0.9965815797379046,0.5445000000000001,0.9720000000000001,0.029735388870503043
46,19,QT-APP,"[0, 19]",1.0649042079049873,47.254688472262494,0.9389078303985928,0.11360702301001802,10.032203183355817,0.7995336467594877,1,1.0,0.0,0.9969984183922431,0.5445000000000001,0.9720000000000001,0.01239421416473151
46,20,QT-APP,"[0, 19]",0.9544980845060435,42.0155283657146,0.8319614127761182,0.09953950210573848,11.434553681950533,0.8290408578180635,1,1.0,0.0,0.994315418026716,0.5445000000000001,0.9720000000000001,0.10367704679855531
46,21,QT-APP,"[0, 19]",0.9160724827256304,34.171579236155104,0.7695223780719257,0.09331811772633425,11.994837272027091,0.8453505075197749,1,1.0,0.0,0.9907416816558304,0.5445000000000001,0.9720000000000001,0.040257390144788505
46,22,QT-APP,"[0, 19]",0.874608984223601,29.809266186377794,0.6978105696921666,0.07970348904602642,12.57696412437896,0.8705099517558893,1,1.0,0.0,0.9872735946758251,0.5445000000000001,0.9720000000000001,0.04526224647493089
46,23,QT-APP,"[0, 19]",0.9078787976941084,29.833425516482343,0.7171053731839435,0.07970014913689527,11.949323088975177,0.8639608071860885,1,1.0,0.0,0.9871576330013807,0.5445000000000001,0.9720000000000001,0.038039642938314126
46,24,QT-APP,"[0, 19]",0.941535792613679,30.859880578014188,0.7457987922708517,0.08143752317938446,11.49121717288098,0.8686223273993443,1,1.0,0.0,0.9824529673076482,0.5445000000000001,0.9720000000000001,0.03707212350927782
46,25,QT-APP,"[0, 14, 4, 18, 19]",3.453505999689498,158.04367603752144,0.7063352551902083,0.385141003823428,22.04132744932144,0.7843364211711894,4,0.5535600153767192,0.30421044436550165,0.0036785379099486927,0.5445000000000001,0.9720000000000001,2.6679497760809014
46,26,QT-APP,"[0, 19]",0.9660703555491412,30.5884727646369,0.7843629998277971,0.07394636219232997,11.456053666708709,0.8582322812338259,1,1.0,0.0,0.9620434293010379,0.6288975000000002,0.8310600000000001,0.7202638838224111
46,27,QT-APP,"[0, 19]",0.9539631371436361,31.921010935199835,0.7670735461108777,0.07262896799837626,12.018256667958099,0.8483001094150099,1,1.0,0.0,0.9529452094593356,0.6603423750000003,0.7895070000000001,0.012532439626121251
46,28,QT-APP,"[0, 19]",0.9378745362419394,31.072292217905236,0.7591952798301226,0.07738229002055297,12.447083941218962,0.8497438727737884,1,1.0,0.0,0.950651993238237,0.6603423750000003,0.7895070000000001,0.01686501320152615
46,29,QT-APP,"[0, 19]",0.9208585085429095,32.58265100907681,0.7415842845537538,0.07909261439970372,12.25411315621229,0.8595577635140728,1,1.0,0.0,0.94568516278026,0.6603423750000003,0.7895070000000001,0.01814318124811561
46,30,QT-APP,"[0, 19]",0.9230253526691063,33.677163068091126,0.7294446904161781,0.08097588319914328,12.319196888303942,0.8614134183025222,1,1.0,0.0,0.9475267663311183,0.6603423750000003,0.7895070000000001,0.002353069560735739
46,31,QT-APP,"[0, 19]",0.9138643077028278,32.959604023745634,0.7352073297053102,0.08448054710701058,12.48030589573878,0.85415120242424,1,1.0,0.0,0.9471494628022641,0.6603423750000003,0.7895070000000001,0.009925019870567618
46,32,QT-APP,"[0, 19]",0.9215576061716971,32.23045190437644,0.7594615603641924,0.08594236799778743,13.046488054458683,0.862160891016259,1,1.0,0.0,0.9439339738721624,0.6603423750000003,0.7895070000000001,0.00841842536580504
46,33,QT-APP,"[0, 9, 4, 18, 19]",3.0761690691167765,120.70093154926968,0.6730070615244488,0.4452151733501589,21.355079506681413,0.7583462933743987,4,0.6389681160010963,0.28365848723404863,0.008212823662709264,0.6603423750000003,0.7895070000000001,2.3380106121587905
46,34,QT-APP,"[0, 19]",0.9267242836052829,31.75781782806458,0.7672220616210746,0.08773657365504373,13.12376558121952,0.8688614880983286,1,1.0,0.0,0.9421344563522189,0.6933594937500003,0.75003165,0.698740783492969
46,35,QT-APP,"[0, 19]",0.8898674590807155,30.28742941351784,0.7539146544583452,0.0864806860463736,13.148880291829206,0.8729167401922946,1,1.0,0.0,0.9433731960175742,0.7280274684375003,0.7125300675,0.03977107881664804
46,36,QT-APP,"[0, 19]",0.9063146992088011,30.47243968159374,0.765354729643598,0.08734797470926636,12.557771384626017,0.8655710475090541,1,1.0,0.0,0.9380954214012298,0.7280274684375003,0.7125300675,0.018482797589965336
46,37,QT-APP,"[0, 19]",0.8543904581936648,28.998435338332392,0.7368686618046987,0.08380758401270239,12.699706383581487,0.8728048060389908,1,1.0,0.0,0.9437100464958262,0.7280274684375003,0.7125300675,0.05729162404677475
46,38,QT-APP,"[0, 19]",0.8507000473686939,30.11470518659427,0.7140594609079142,0.07916947821362674,12.62008157448036,0.8718153665157246,1,1.0,0.0,0.9493687368792467,0.7280274684375003,0.7125300675,0.004319349297010052
46,39,QT-APP,"[0, 17, 2, 18, 19]",3.2031203431524506,117.37561949246802,0.7494033564890443,0.42265133827748336,15.233226766218191,0.7777049379682324,4,1.0,0.0,0.008565404580215322,0.7280274684375003,0.7125300675,2.7652758490610694
