seed,algorithm,timestep,regime,path_cost,latency,hops,packet_loss,bandwidth,reliability,congestion,tunneling_probability,energy,kappa
42,Dijkstra,0,Normal,0.4676745569352635,85.843273610325,2,0.12929532163711277,70.40434114940531,0.8502387360482417,0.34108894579541377,0.0,0.45,1.2
42,Dijkstra,1,Normal,0.47282210608435193,87.87684438190126,2,0.1324603998519016,69.43900555283635,0.8513766526099179,0.3544841798786953,0.0,0.45,1.2
42,Dijkstra,2,Normal,0.4785378610897909,88.70668375543374,2,0.14211823360690612,70.91575434455268,0.8578081767925417,0.36792773199700296,0.0,0.45,1.2
42,Dijkstra,3,Normal,0.4715469193178129,86.55825031700631,2,0.14084945444024854,72.45101191743636,0.8524674345830241,0.3809297129498288,0.0,0.45,1.2
42,Dijkstra,4,Normal,0.4869960461913355,87.77137940280008,2,0.13431363377477923,71.84305887591852,0.8634449906056345,0.3973304751390351,0.0,0.45,1.2
42,Dijkstra,5,Normal,0.4963423490652389,89.41269149765142,2,0.135545789271992,71.48166024541358,0.8685354608390812,0.4051545563584578,0.0,0.45,1.2
42,Dijkstra,6,Normal,0.4782948170908058,87.89164708949245,2,0.14294727181560551,70.20057403587545,0.8699248734843059,0.3652574191251908,0.0,0.45,1.2
42,Dijkstra,7,Normal,0.4729007942543599,86.78571774348578,2,0.15554259833078843,70.32755674637527,0.8745143004766134,0.3663976320457154,0.0,0.45,1.2
42,Dijkstra,8,Normal,0.44790019838986284,84.13507682635549,2,0.15685307691187822,70.86672373810823,0.8704025058605263,0.36104331002077733,0.0,0.45,1.2
42,Dijkstra,9,Normal,0.44929856158730896,83.16977366274078,2,0.15786529860590115,69.98911684411007,0.8714895954112956,0.36736726055258495,0.0,0.45,1.2
42,Dijkstra,10,Congestion,0.3894202976747596,105.4663351971012,2,0.2003601108244849,49.87439743905816,0.8366605579343572,0.49679410472463287,0.0,0.45,1.2
42,Dijkstra,11,Congestion,0.4648318342194827,133.01156593547438,2,0.25842547015756423,33.209473855115675,0.7860667131843859,0.7632526674203078,0.0,0.45,1.2
42,Dijkstra,12,Congestion,0.4964255884139519,161.52560330879447,2,0.2940953864018967,24.669161175340047,0.7448861233032613,0.9377814719761275,0.0,0.45,1.2
42,Dijkstra,13,Congestion,0.5631624463830156,209.38216418848174,2,0.3265775576632186,14.786411072474003,0.6904504071008033,1.0,0.0,0.45,1.2
42,Dijkstra,14,Congestion,0.37297478513710774,274.6500903957129,2,0.37850739942558276,8.944909908269622,0.6232855054834219,1.0,0.0,0.45,1.2
42,Dijkstra,15,Post-congestion,0.5972492320079197,281.2603946100513,2,0.3767701243908851,8.900668539296777,0.6140427149748905,0.993740849911689,0.0,0.45,1.2
42,Dijkstra,16,Post-congestion,0.5492235830375317,280.67862105977645,2,0.37307130401345534,8.838880768381863,0.6070786988603702,0.9848050425070196,0.0,0.45,1.2
42,Dijkstra,17,Post-congestion,0.505360820166149,288.3250144600397,2,0.36780342175264535,8.960989088321568,0.6142460173369703,0.9642594795928491,0.0,0.45,1.2
42,Dijkstra,18,Post-congestion,0.4520608704954503,281.933760528505,2,0.365243545863435,9.152918905514902,0.6221224865854926,0.9194458400305985,0.0,0.45,1.2
42,Dijkstra,19,Post-congestion,0.4853146757165805,289.5012148950977,2,0.3586627475566663,8.949536518096572,0.6133271825031613,0.9261723515460456,0.0,0.45,1.2
42,Dijkstra,20,Recovery,0.43938900933897396,245.02220157817976,2,0.3364775982740258,10.252610139846542,0.6563411761909091,0.8047721570985882,0.0,0.45,1.2
42,Dijkstra,21,Recovery,0.4302443370973392,200.90234322669042,2,0.31693040734927036,11.544152023094266,0.7004657580127394,0.7081745408494522,0.0,0.45,1.2
42,Dijkstra,22,Recovery,0.44589484744601265,183.25217235240618,2,0.29938432046762653,13.146921981744704,0.7316234191813241,0.5956881589893062,0.0,0.45,1.2
42,Dijkstra,23,Stable,0.470787670848422,189.8535254676611,2,0.30752643584983086,13.170533727297315,0.7349122131746508,0.6003612887663923,0.0,0.45,1.2
42,Dijkstra,24,Stable,0.4761092949971,189.81527012151432,2,0.29702248695608624,13.534654216189264,0.741000344852738,0.6010799226200377,0.0,0.45,1.2
42,Dijkstra,25,Stable,0.5093811114575288,195.17792332183353,2,0.31013185522187536,13.544237869713335,0.7385869564214758,0.5993934204673894,0.0,0.45,1.2
42,Dijkstra,26,Stable,0.5301642312452962,199.40753036249816,2,0.3024408490347821,13.378273249989224,0.7326314393219404,0.6070574717834708,0.0,0.45,1.2
42,Dijkstra,27,Stable,0.5396435614384498,203.211229836332,2,0.30574181358433694,13.772022104855099,0.7247760816634294,0.6123294100197819,0.0,0.45,1.2
42,Dijkstra,28,Stable,0.4999207584529691,201.16834512088468,2,0.30308363298245555,13.610428128228943,0.7214379352023529,0.5857337178237927,0.0,0.45,1.2
42,Dijkstra,29,Stable,0.4959795725240771,196.4173717325612,2,0.3101318890635264,13.41435328800302,0.7202031981192089,0.5843440429627365,0.0,0.45,1.2
42,Dijkstra,30,Stable,0.48189435057557894,198.642755065014,2,0.3077103889726266,13.34525893142586,0.7257332396357782,0.5818609609328222,0.0,0.45,1.2
42,Dijkstra,31,Stable,0.49055944780724337,200.81323955544542,2,0.3232948903946957,13.177147993928378,0.7248368329241235,0.5850449010010672,0.0,0.45,1.2
42,Dijkstra,32,Stable,0.516881099308149,203.5394953473462,2,0.3377818878896879,12.910744190288412,0.7195614886689796,0.5848741449453533,0.0,0.45,1.2
42,Dijkstra,33,Stable,0.5084436665868395,203.96700977349735,2,0.33122902724967684,13.110936168567221,0.7306208434188397,0.5855815379364337,0.0,0.45,1.2
42,Dijkstra,34,Stable,0.5159735582849164,206.67301971221508,2,0.3372917237259476,12.949537327056685,0.7264620102642299,0.607340834511842,0.0,0.45,1.2
42,Dijkstra,35,Stable,0.5326553536093162,204.21067129987458,2,0.33589750376931626,12.81135092137853,0.7189315452472127,0.6110932557282602,0.0,0.45,1.2
42,Dijkstra,36,Stable,0.5160287790415925,204.50148591311887,2,0.3352999713666185,13.14512186525567,0.7225278755491312,0.6098182966119035,0.0,0.45,1.2
42,Dijkstra,37,Stable,0.4906922298177809,202.4283566573695,2,0.35159026765373136,12.856059573003613,0.7239721224830913,0.588884869966958,0.0,0.45,1.2
42,Dijkstra,38,Stable,0.5315428372682344,200.7289125856185,2,0.3499846156462899,12.890403146654897,0.7205936948917715,0.6189789859786068,0.0,0.45,1.2
42,Dijkstra,39,Stable,0.5320248722334076,192.02204033755604,2,0.3593048412835169,13.215627700436475,0.7176507096746512,0.6169632205293569,0.0,0.45,1.2
42,QT-APP,0,Normal,0.4453147324632507,161.03025098839655,5,0.36339161161358846,72.97362920849004,0.84047392613074,0.307354780725967,0.24892988804319557,0.47,1.19
42,QT-APP,1,Normal,0.37374216456928205,151.96897966196826,5,0.2982345373770984,70.58895668916705,0.8836306871020456,0.2701308109226362,0.37214768535159837,0.49,1.18
42,QT-APP,2,Normal,0.3703149266628546,151.65259947212837,5,0.30504456106469235,71.36407308770842,0.8881936588475174,0.27212616349111374,0.6168598718803856,0.48,1.19
42,QT-APP,3,Normal,0.39712798773737507,186.81937361319854,5,0.2255389671739485,51.170901013911006,0.850475057342182,0.1890370278619433,0.5113143802720639,0.55,1.14
42,QT-APP,4,Normal,0.4553165537605481,154.46348799195633,5,0.23745251346526175,44.244310674253526,0.8292101551714968,0.2792586372717839,0.37093086495467764,0.6200000000000001,1.0899999999999999
42,QT-APP,5,Normal,0.4169645364643742,179.10089095792682,5,0.23180144738759456,50.99575640780573,0.8465879422119625,0.21043983333193542,1.0,0.6100000000000001,1.0999999999999999
42,QT-APP,6,Normal,0.37910356217783503,158.09979294361074,5,0.2959519884400583,68.98624114384903,0.8957883446667212,0.2650600162730768,1.0,0.6000000000000001,1.1099999999999999
42,QT-APP,7,Normal,0.42776144115082654,168.7481400397536,5,0.3810116896659195,73.16855802099676,0.856826215546256,0.2514895208496007,1.0,0.6700000000000002,1.0599999999999998
42,QT-APP,8,Normal,0.4547767965313675,88.6728611257231,2,0.13339291421204558,72.42464667399977,0.8513165944423766,0.3300501246571662,1.0,0.7100000000000002,1.0299999999999998
42,QT-APP,9,Normal,0.3948712934524891,178.08039455674393,5,0.2116002447462072,51.868757495955506,0.8606015376826909,0.2353319432875321,1.0,0.7300000000000002,1.0199999999999998
42,QT-APP,10,Congestion,0.38687442448850684,226.79243114258077,5,0.3416474313834452,35.72766283655731,0.8189201826613962,0.40293792475157664,1.0,0.7200000000000002,1.0299999999999998
42,QT-APP,11,Congestion,0.39866994120274213,236.8357134712915,5,0.4819138546280818,33.6115951106063,0.7924821107161242,0.6958325036061567,1.0,0.7900000000000003,0.9799999999999998
42,QT-APP,12,Congestion,0.4678025790458017,167.31931009844573,2,0.2834572956402708,22.841379387080405,0.7059612282050913,0.806192930671886,1.0,0.8600000000000003,0.9299999999999997
42,QT-APP,13,Congestion,0.5836877456609878,389.298302305254,5,0.6232351951538547,8.528787590474803,0.6260996020352749,0.9582965888780037,1.0,0.9300000000000004,0.8799999999999997
42,QT-APP,14,Congestion,0.6249779238971411,505.86751274818647,5,0.7560071413635655,10.547901933818993,0.6050892754957851,1.0,1.0,0.9700000000000004,0.8499999999999996
42,QT-APP,15,Post-congestion,0.5408542394333009,453.1622078419675,5,0.6677942645869973,10.398479338806814,0.6209468700767019,0.9930971012943548,1.0,0.9900000000000004,0.8399999999999996
42,QT-APP,16,Post-congestion,0.5315110783705765,460.0654018870251,5,0.6734726535882155,10.455190427609427,0.617306993704268,0.9910510315869521,1.0,0.9800000000000004,0.8499999999999996
42,QT-APP,17,Post-congestion,0.5872639508935681,504.1657864204936,4,0.5963277812249819,5.795737818251486,0.6363709419926692,0.9810865298780633,1.0,1.0,0.7999999999999996
42,QT-APP,18,Post-congestion,0.4851111935209328,281.3848482185541,2,0.35779597548275366,9.205336206338846,0.6101483200005126,0.9190403148230137,1.0,1.0,0.7899999999999996
42,QT-APP,19,Post-congestion,0.5274553301921285,462.6319051092763,5,0.6675931045463307,10.126211378774139,0.6281260832290968,0.982519588661971,1.0,1.0,0.7599999999999996
42,QT-APP,20,Recovery,0.4307889118116645,351.2221318512335,6,0.7030800130296884,7.722575508303193,0.6306912841506279,0.8724998847346271,1.0,1.0,0.7499999999999996
42,QT-APP,21,Recovery,0.45414421788236303,350.9893016481014,5,0.5978842807003597,14.911200480513605,0.6934183754125006,0.7950224300982254,1.0,1.0,0.7199999999999995
42,QT-APP,22,Recovery,0.5548689748934286,317.99953169501225,4,0.5065602584589367,9.324224458638428,0.7440174383083178,0.6633588572986359,1.0,1.0,0.6699999999999995
42,QT-APP,23,Stable,0.46707951617929444,273.239038812142,6,0.6290418274653007,11.304753994764326,0.7001530388098495,0.6631656894878969,1.0,0.99,0.6799999999999995
42,QT-APP,24,Stable,0.4873333270653145,273.0718187075702,5,0.6280524479806224,9.553760491245177,0.6715183494731577,0.6349123550235724,1.0,1.0,0.6499999999999995
42,QT-APP,25,Stable,0.4572211511227956,176.61204021977252,2,0.2891386821664822,14.82704525286093,0.7354925175280671,0.6141183850607966,1.0,1.0,0.6399999999999995
42,QT-APP,26,Stable,0.460233941292061,176.38228728971274,4,0.4998345378756054,5.798627500090431,0.6612509539812825,0.6185178448078673,1.0,1.0,0.6099999999999994
42,QT-APP,27,Stable,0.44653911735915397,171.23584542246377,2,0.2883132604381715,14.945028975425695,0.7287269144294765,0.5854334830918062,1.0,1.0,0.5999999999999994
42,QT-APP,28,Stable,0.43926302583515,363.76157077791095,5,0.5346906877302526,10.891709208439192,0.7026625685850949,0.5825622529720911,1.0,0.99,0.6099999999999994
42,QT-APP,29,Stable,0.45419034248271145,291.7586009698725,5,0.6511119154102387,16.535124853487044,0.7070058525933192,0.6143589470624627,1.0,1.0,0.5599999999999994
42,QT-APP,30,Stable,0.5239746184652471,315.0557304585179,4,0.49917951584063525,8.651242691692538,0.7254204811896836,0.6763229264811783,1.0,1.0,0.5099999999999993
42,QT-APP,31,Stable,0.4525669478026734,275.9151769360443,6,0.6481836004849016,11.464306884404651,0.699283002505798,0.6457723565004404,1.0,1.0,0.49999999999999933
42,QT-APP,32,Stable,0.47764047477314375,281.7312091924898,6,0.6382804972947906,11.227176579797785,0.7016668408084566,0.6546500933895654,1.0,1.0,0.4699999999999993
42,QT-APP,33,Stable,0.4530399294711539,372.7614395814798,5,0.5263866671499758,10.859373008248255,0.7204519392542595,0.5563367090950357,1.0,0.99,0.4799999999999993
42,QT-APP,34,Stable,0.4507579448446052,299.6925922456844,5,0.6403900160723249,16.959172384250003,0.7125388767518166,0.5848826980967033,1.0,0.98,0.4899999999999993
42,QT-APP,35,Stable,0.4846806306774205,322.6772114244415,5,0.5613730949280491,18.331205729038935,0.706677669903973,0.6748014509835796,1.0,1.0,0.4399999999999993
42,QT-APP,36,Stable,0.5721786758677504,319.31550614987896,4,0.5358410078135989,8.074977249844974,0.7319104684557597,0.6529188482384454,1.0,1.0,0.38999999999999924
42,QT-APP,37,Stable,0.441873801756483,367.25075502537544,5,0.5290886784710144,11.112040708042686,0.7237444590947908,0.5006806743928267,1.0,1.0,0.3799999999999992
42,QT-APP,38,Stable,0.444438433962246,356.20772459684537,5,0.5213442183425444,10.985933189421893,0.7256288891376286,0.49535955336732373,1.0,1.0,0.3499999999999992
42,QT-APP,39,Stable,0.503577234081321,183.73061484859159,4,0.5014394718406914,5.762008095828268,0.6624814716091586,0.5953402558367501,1.0,1.0,0.29999999999999916
42,QT-APP without adaptation,0,Normal,0.4453147324632507,161.03025098839655,5,0.36339161161358846,72.97362920849004,0.84047392613074,0.307354780725967,0.24892988804319557,0.45,1.2
42,QT-APP without adaptation,1,Normal,0.37374216456928205,151.96897966196826,5,0.2982345373770984,70.58895668916705,0.8836306871020456,0.2701308109226362,0.29890416108417434,0.45,1.2
42,QT-APP without adaptation,2,Normal,0.5075021020857011,100.28438808576864,4,0.21346464931027465,36.08615484159724,0.8194206252855285,0.4115180799232372,0.11594417948474198,0.45,1.2
42,QT-APP without adaptation,3,Normal,0.4192231753090051,186.64929162864524,4,0.2033085191127142,45.500132936898076,0.8642416353189134,0.13517096488505115,0.41442432889105124,0.45,1.2
42,QT-APP without adaptation,4,Normal,0.415234034698173,181.92011609947008,5,0.22171594830731411,51.42626477984142,0.8472505352648515,0.2061603571360958,0.347596076108873,0.45,1.2
42,QT-APP without adaptation,5,Normal,0.4169645364643742,179.10089095792682,5,0.23180144738759456,50.99575640780573,0.8465879422119625,0.21043983333193542,0.3338252482746652,0.45,1.2
42,QT-APP without adaptation,6,Normal,0.37910356217783503,158.09979294361074,5,0.2959519884400583,68.98624114384903,0.8957883446667212,0.2650600162730768,0.2816729753874664,0.45,1.2
42,QT-APP without adaptation,7,Normal,0.42776144115082654,168.7481400397536,5,0.3810116896659195,73.16855802099676,0.856826215546256,0.2514895208496007,0.3360591357016585,0.45,1.2
42,QT-APP without adaptation,8,Normal,0.4547767965313675,88.6728611257231,2,0.13339291421204558,72.42464667399977,0.8513165944423766,0.3300501246571662,0.35761268369895793,0.45,1.2
42,QT-APP without adaptation,9,Normal,0.40886581673847455,166.6005711516292,5,0.3955117166459259,74.01974711382817,0.8582103028289654,0.22617911128467902,0.5868517415468051,0.45,1.2
42,QT-APP without adaptation,10,Congestion,0.40205406298131674,211.75563752223712,5,0.4735787865165517,54.2205090381421,0.8151907027258544,0.43933654945708545,0.5458111252197719,0.45,1.2
42,QT-APP without adaptation,11,Congestion,0.39866994120274213,236.8357134712915,5,0.4819138546280818,33.6115951106063,0.7924821107161242,0.6958325036061567,0.3862636168134259,0.45,1.2
42,QT-APP without adaptation,12,Congestion,0.4678025790458017,167.31931009844573,2,0.2834572956402708,22.841379387080405,0.7059612282050913,0.806192930671886,0.3682758996571767,0.45,1.2
42,QT-APP without adaptation,13,Congestion,0.511996852685945,352.0727512248159,5,0.623337771195364,15.674912681478503,0.6840137937622117,0.9708920037405189,0.09140404229144597,0.45,1.2
42,QT-APP without adaptation,14,Congestion,0.6249779238971411,505.86751274818647,5,0.7560071413635655,10.547901933818993,0.6050892754957851,1.0,0.006870556446082861,0.45,1.2
42,QT-APP without adaptation,15,Post-congestion,0.6020621918508817,270.3629062659993,2,0.3594818970994569,9.374662785848047,0.6070649179848994,0.9789744706524202,0.1654083260659377,0.45,1.2
42,QT-APP without adaptation,16,Post-congestion,0.4889236394016051,279.8351932899884,2,0.3622558301356744,9.60156228357463,0.6082756201407521,0.9427505993868648,0.4721524471097098,0.45,1.2
42,QT-APP without adaptation,17,Post-congestion,0.5015112306828923,273.8192894634152,2,0.3535521558344763,9.47187286631355,0.602530316136841,0.944437709919977,0.34631990075870767,0.45,1.2
42,QT-APP without adaptation,18,Post-congestion,0.4851111935209328,281.3848482185541,2,0.35779597548275366,9.205336206338846,0.6101483200005126,0.9190403148230137,0.40707959790569753,0.45,1.2
42,QT-APP without adaptation,19,Post-congestion,0.469270981380679,272.8606506090232,2,0.3648367790829319,9.088825382878573,0.6114353737937924,0.9004806613521108,0.5237477892876247,0.45,1.2
42,QT-APP without adaptation,20,Recovery,0.47486439631232047,235.643645009414,4,0.5560422962390597,4.171264495388355,0.5857025716531673,0.87142138432112,0.23925514142407428,0.45,1.2
42,QT-APP without adaptation,21,Recovery,0.45414421788236303,350.9893016481014,5,0.5978842807003597,14.911200480513605,0.6934183754125006,0.7950224300982254,0.3812737006585052,0.45,1.2
42,QT-APP without adaptation,22,Recovery,0.48852066717606335,172.6307481249263,2,0.29411191651736635,14.585607549148847,0.7304225734676226,0.6083976443426542,0.4253673041522879,0.45,1.2
42,QT-APP without adaptation,23,Stable,0.46707951617929444,273.239038812142,6,0.6290418274653007,11.304753994764326,0.7001530388098495,0.6631656894878969,0.20753838327093244,0.45,1.2
42,QT-APP without adaptation,24,Stable,0.4657827232355855,175.46508466577626,4,0.4981696626861509,5.881022647175762,0.6606914272713309,0.6308971726226958,0.25855073644047966,0.45,1.2
42,QT-APP without adaptation,25,Stable,0.4572211511227956,176.61204021977252,2,0.2891386821664822,14.82704525286093,0.7354925175280671,0.6141183850607966,0.5695381690529867,0.45,1.2
42,QT-APP without adaptation,26,Stable,0.44242954174823745,172.95417587631118,2,0.28721165288919936,14.956737760610348,0.7321986353961736,0.5842329809294684,0.6427617396008933,0.45,1.2
42,QT-APP without adaptation,27,Stable,0.44653911735915397,171.23584542246377,2,0.2883132604381715,14.945028975425695,0.7287269144294765,0.5854334830918062,0.6783235486380862,0.45,1.2
42,QT-APP without adaptation,28,Stable,0.4831003577843555,328.5728699618947,5,0.5657951001009245,18.26910523171628,0.7152290121508321,0.7026591243884324,0.17691569168667473,0.45,1.2
42,QT-APP without adaptation,29,Stable,0.4765536402632175,180.77544918354653,4,0.513970000424587,6.010646617340148,0.6579701721894011,0.6161886940349508,0.1667503977590067,0.45,1.2
42,QT-APP without adaptation,30,Stable,0.41091124930013356,171.74842607541197,2,0.2890372516285681,14.601730913525872,0.7407694304536304,0.5275717222703435,1.0,0.45,1.2
42,QT-APP without adaptation,31,Stable,0.4694882545961411,294.6268471820224,5,0.6565221347274973,16.935838385079368,0.7054947476791973,0.6322058133075459,0.167212949144879,0.45,1.2
42,QT-APP without adaptation,32,Stable,0.4518478669186198,377.72924542412613,5,0.5316766800968193,10.984615169629535,0.7203323673866876,0.5471118288751278,0.2654938289880653,0.45,1.2
42,QT-APP without adaptation,33,Stable,0.4530399294711539,372.7614395814798,5,0.5263866671499758,10.859373008248255,0.7204519392542595,0.5563367090950357,0.270948136058763,0.45,1.2
42,QT-APP without adaptation,34,Stable,0.40163897021202166,174.61615399167496,2,0.259528745857343,14.72420030654554,0.7542092011917989,0.46670890625077066,0.779828805900555,0.45,1.2
42,QT-APP without adaptation,35,Stable,0.4125280887848708,177.0172544101419,2,0.26935608830474245,14.92826360176121,0.748850924782413,0.43328603759788076,0.7660951043889237,0.45,1.2
42,QT-APP without adaptation,36,Stable,0.41890202964665046,178.92063543007723,2,0.26914881379690614,15.178066313236958,0.7590257097003377,0.44289910294086754,0.6887158904220435,0.45,1.2
42,QT-APP without adaptation,37,Stable,0.441873801756483,367.25075502537544,5,0.5290886784710144,11.112040708042686,0.7237444590947908,0.5006806743928267,0.26648474271212985,0.45,1.2
42,QT-APP without adaptation,38,Stable,0.4776175287073802,328.0063272104648,5,0.5704379624639654,12.607706157429643,0.7476702317119243,0.6061249387617085,0.12512151434856422,0.45,1.2
42,QT-APP without adaptation,39,Stable,0.3988686526419001,167.57535821270403,2,0.2466637406160358,14.859887902508216,0.7611539350922321,0.4479327636995071,1.0,0.45,1.2
42,QT-APP without tunneling,0,Normal,0.42752192534567507,183.339060007953,5,0.3292604680852388,73.47527383082948,0.8372979161057215,0.2620939806350993,1.0,0.47,1.19
42,QT-APP without tunneling,1,Normal,0.37374216456928205,151.96897966196826,5,0.2982345373770984,70.58895668916705,0.8836306871020456,0.2701308109226362,1.0,0.45999999999999996,1.2
42,QT-APP without tunneling,2,Normal,0.5075021020857011,100.28438808576864,4,0.21346464931027465,36.08615484159724,0.8194206252855285,0.4115180799232372,1.0,0.5299999999999999,1.15
42,QT-APP without tunneling,3,Normal,0.39712798773737507,186.81937361319854,5,0.2255389671739485,51.170901013911006,0.850475057342182,0.1890370278619433,1.0,0.5199999999999999,1.16
42,QT-APP without tunneling,4,Normal,0.4553165537605481,154.46348799195633,5,0.23745251346526175,44.244310674253526,0.8292101551714968,0.2792586372717839,1.0,0.5599999999999999,1.13
42,QT-APP without tunneling,5,Normal,0.4169645364643742,179.10089095792682,5,0.23180144738759456,50.99575640780573,0.8465879422119625,0.21043983333193542,1.0,0.5499999999999999,1.14
42,QT-APP without tunneling,6,Normal,0.37910356217783503,158.09979294361074,5,0.2959519884400583,68.98624114384903,0.8957883446667212,0.2650600162730768,1.0,0.5399999999999999,1.15
42,QT-APP without tunneling,7,Normal,0.42776144115082654,168.7481400397536,5,0.3810116896659195,73.16855802099676,0.856826215546256,0.2514895208496007,1.0,0.61,1.0999999999999999
42,QT-APP without tunneling,8,Normal,0.4547767965313675,88.6728611257231,2,0.13339291421204558,72.42464667399977,0.8513165944423766,0.3300501246571662,1.0,0.65,1.0699999999999998
42,QT-APP without tunneling,9,Normal,0.3948712934524891,178.08039455674393,5,0.2116002447462072,51.868757495955506,0.8606015376826909,0.2353319432875321,1.0,0.67,1.0599999999999998
42,QT-APP without tunneling,10,Congestion,0.38687442448850684,226.79243114258077,5,0.3416474313834452,35.72766283655731,0.8189201826613962,0.40293792475157664,1.0,0.66,1.0699999999999998
42,QT-APP without tunneling,11,Congestion,0.39866994120274213,236.8357134712915,5,0.4819138546280818,33.6115951106063,0.7924821107161242,0.6958325036061567,1.0,0.7300000000000001,1.0199999999999998
42,QT-APP without tunneling,12,Congestion,0.4678025790458017,167.31931009844573,2,0.2834572956402708,22.841379387080405,0.7059612282050913,0.806192930671886,1.0,0.8000000000000002,0.9699999999999998
42,QT-APP without tunneling,13,Congestion,0.5836877456609878,389.298302305254,5,0.6232351951538547,8.528787590474803,0.6260996020352749,0.9582965888780037,1.0,0.8700000000000002,0.9199999999999997
42,QT-APP without tunneling,14,Congestion,0.6249779238971411,505.86751274818647,5,0.7560071413635655,10.547901933818993,0.6050892754957851,1.0,1.0,0.9100000000000003,0.8899999999999997
42,QT-APP without tunneling,15,Post-congestion,0.5408542394333009,453.1622078419675,5,0.6677942645869973,10.398479338806814,0.6209468700767019,0.9930971012943548,1.0,0.9300000000000003,0.8799999999999997
42,QT-APP without tunneling,16,Post-congestion,0.5315110783705765,460.0654018870251,5,0.6734726535882155,10.455190427609427,0.617306993704268,0.9910510315869521,1.0,0.9200000000000003,0.8899999999999997
42,QT-APP without tunneling,17,Post-congestion,0.5872639508935681,504.1657864204936,4,0.5963277812249819,5.795737818251486,0.6363709419926692,0.9810865298780633,1.0,0.9900000000000003,0.8399999999999996
42,QT-APP without tunneling,18,Post-congestion,0.4851111935209328,281.3848482185541,2,0.35779597548275366,9.205336206338846,0.6101483200005126,0.9190403148230137,1.0,1.0,0.8299999999999996
42,QT-APP without tunneling,19,Post-congestion,0.5274553301921285,462.6319051092763,5,0.6675931045463307,10.126211378774139,0.6281260832290968,0.982519588661971,1.0,1.0,0.7999999999999996
42,QT-APP without tunneling,20,Recovery,0.4307889118116645,351.2221318512335,6,0.7030800130296884,7.722575508303193,0.6306912841506279,0.8724998847346271,1.0,1.0,0.7899999999999996
42,QT-APP without tunneling,21,Recovery,0.45414421788236303,350.9893016481014,5,0.5978842807003597,14.911200480513605,0.6934183754125006,0.7950224300982254,1.0,1.0,0.7599999999999996
42,QT-APP without tunneling,22,Recovery,0.5548689748934286,317.99953169501225,4,0.5065602584589367,9.324224458638428,0.7440174383083178,0.6633588572986359,1.0,1.0,0.7099999999999995
42,QT-APP without tunneling,23,Stable,0.46707951617929444,273.239038812142,6,0.6290418274653007,11.304753994764326,0.7001530388098495,0.6631656894878969,1.0,0.99,0.7199999999999995
42,QT-APP without tunneling,24,Stable,0.4873333270653145,273.0718187075702,5,0.6280524479806224,9.553760491245177,0.6715183494731577,0.6349123550235724,1.0,1.0,0.6899999999999995
42,QT-APP without tunneling,25,Stable,0.4572211511227956,176.61204021977252,2,0.2891386821664822,14.82704525286093,0.7354925175280671,0.6141183850607966,1.0,1.0,0.6799999999999995
42,QT-APP without tunneling,26,Stable,0.460233941292061,176.38228728971274,4,0.4998345378756054,5.798627500090431,0.6612509539812825,0.6185178448078673,1.0,1.0,0.6499999999999995
42,QT-APP without tunneling,27,Stable,0.44653911735915397,171.23584542246377,2,0.2883132604381715,14.945028975425695,0.7287269144294765,0.5854334830918062,1.0,1.0,0.6399999999999995
42,QT-APP without tunneling,28,Stable,0.43926302583515,363.76157077791095,5,0.5346906877302526,10.891709208439192,0.7026625685850949,0.5825622529720911,1.0,0.99,0.6499999999999995
42,QT-APP without tunneling,29,Stable,0.45419034248271145,291.7586009698725,5,0.6511119154102387,16.535124853487044,0.7070058525933192,0.6143589470624627,1.0,1.0,0.5999999999999994
42,QT-APP without tunneling,30,Stable,0.5239746184652471,315.0557304585179,4,0.49917951584063525,8.651242691692538,0.7254204811896836,0.6763229264811783,1.0,1.0,0.5499999999999994
42,QT-APP without tunneling,31,Stable,0.4525669478026734,275.9151769360443,6,0.6481836004849016,11.464306884404651,0.699283002505798,0.6457723565004404,1.0,1.0,0.5399999999999994
42,QT-APP without tunneling,32,Stable,0.47764047477314375,281.7312091924898,6,0.6382804972947906,11.227176579797785,0.7016668408084566,0.6546500933895654,1.0,1.0,0.5099999999999993
42,QT-APP without tunneling,33,Stable,0.4530399294711539,372.7614395814798,5,0.5263866671499758,10.859373008248255,0.7204519392542595,0.5563367090950357,1.0,0.99,0.5199999999999994
42,QT-APP without tunneling,34,Stable,0.4507579448446052,299.6925922456844,5,0.6403900160723249,16.959172384250003,0.7125388767518166,0.5848826980967033,1.0,0.98,0.5299999999999994
42,QT-APP without tunneling,35,Stable,0.4846806306774205,322.6772114244415,5,0.5613730949280491,18.331205729038935,0.706677669903973,0.6748014509835796,1.0,1.0,0.4799999999999993
42,QT-APP without tunneling,36,Stable,0.5721786758677504,319.31550614987896,4,0.5358410078135989,8.074977249844974,0.7319104684557597,0.6529188482384454,1.0,1.0,0.42999999999999927
42,QT-APP without tunneling,37,Stable,0.441873801756483,367.25075502537544,5,0.5290886784710144,11.112040708042686,0.7237444590947908,0.5006806743928267,1.0,1.0,0.41999999999999926
42,QT-APP without tunneling,38,Stable,0.444438433962246,356.20772459684537,5,0.5213442183425444,10.985933189421893,0.7256288891376286,0.49535955336732373,1.0,1.0,0.38999999999999924
42,QT-APP without tunneling,39,Stable,0.503577234081321,183.73061484859159,4,0.5014394718406914,5.762008095828268,0.6624814716091586,0.5953402558367501,1.0,1.0,0.3399999999999992
43,Dijkstra,0,Normal,0.5909440928645754,197.5227787336303,4,0.26691239939814915,63.39904577176637,0.8231894834239344,0.4662737985978937,0.0,0.45,1.2
43,Dijkstra,1,Normal,0.5835820448750315,202.22760083526168,4,0.25994780660361294,63.83316977154197,0.8212626508305478,0.454943172785729,0.0,0.45,1.2
43,Dijkstra,2,Normal,0.5851689978691597,197.7571132802513,4,0.27108358515255293,65.81280833689432,0.8157739371785627,0.44606531606517463,0.0,0.45,1.2
43,Dijkstra,3,Normal,0.5635803681734666,196.1231904018643,4,0.2484711849026613,66.33491595741762,0.8098239342570758,0.4461947083350002,0.0,0.45,1.2
43,Dijkstra,4,Normal,0.5592378358992761,195.54700586258414,4,0.2472438281531908,66.75714160298281,0.8118226166396936,0.45492227368076527,0.0,0.45,1.2
43,Dijkstra,5,Normal,0.5811213739616099,192.33139251369033,4,0.2657493473105206,65.4720436523675,0.8155155235468688,0.47347738301305814,0.0,0.45,1.2
43,Dijkstra,6,Normal,0.5545369529014538,192.70069061508863,4,0.27102050657532784,55.27697214597659,0.8109656114054883,0.37494842361203407,0.0,0.45,1.2
43,Dijkstra,7,Normal,0.5705626509925923,193.14529135945668,4,0.2614280671095074,65.73635207835254,0.8220434165387428,0.4856686660567592,0.0,0.45,1.2
43,Dijkstra,8,Normal,0.552590872732099,191.00949598187987,4,0.2576939654873941,66.54226666912103,0.8267091709393476,0.49969011829432214,0.0,0.45,1.2
43,Dijkstra,9,Normal,0.5639845651272002,188.7498721370473,4,0.25975791919310875,65.92690198665763,0.825381466273628,0.5044103361040917,0.0,0.45,1.2
43,Dijkstra,10,Congestion,0.5680994822433549,232.88704457916106,4,0.35564279054842696,44.78073392413477,0.7796411425637209,0.7535857115280269,0.0,0.45,1.2
43,Dijkstra,11,Congestion,0.6261226821308532,297.5425894631327,4,0.4646046523469294,29.235420818014187,0.7161847626840694,0.9647447712425118,0.0,0.45,1.2
43,Dijkstra,12,Congestion,0.6293665397901265,367.30857059765106,4,0.5350133985811736,18.64490786363521,0.6533824818700653,1.0,0.0,0.45,1.2
43,Dijkstra,13,Congestion,0.6115363027122351,442.43756854428,4,0.5995666645576896,13.38511383579905,0.6065235048382321,1.0,0.0,0.45,1.2
43,Dijkstra,14,Congestion,0.410917244001327,543.2155919872994,4,0.6576321456173899,8.733394562350934,0.5506316859177276,1.0,0.0,0.45,1.2
43,Dijkstra,15,Post-congestion,0.6103395969524763,539.4374741987306,4,0.6608010668651503,8.856430325344254,0.5463707955623307,0.9883721189751786,0.0,0.45,1.2
43,Dijkstra,16,Post-congestion,0.6171444678391643,546.538736299157,4,0.661299275624821,8.762150533839367,0.5424706483078714,0.9831860717199652,0.0,0.45,1.2
43,Dijkstra,17,Post-congestion,0.571550506526458,542.3214817077824,4,0.6630193303664342,8.726586966012384,0.5421980316103456,0.9582986316105389,0.0,0.45,1.2
43,Dijkstra,18,Post-congestion,0.5846105001340866,544.496106909693,4,0.6622888919102794,8.674137452069601,0.5511770328379589,0.9565354440912038,0.0,0.45,1.2
43,Dijkstra,19,Post-congestion,0.6097812709535929,532.440000988459,4,0.6628563542894872,8.640831324006953,0.5564452543661897,0.9642366852179107,0.0,0.45,1.2
43,Dijkstra,20,Recovery,0.5599157576243508,452.5054803460321,4,0.6380740706215234,9.99842015806957,0.5959267819360035,0.8652917964091436,0.0,0.45,1.2
43,Dijkstra,21,Recovery,0.5323230602946957,402.2450863101288,4,0.5987483607314724,11.555277049130579,0.6325252968855114,0.7666230511257872,0.0,0.45,1.2
43,Dijkstra,22,Recovery,0.5401844207044774,365.8041535091316,4,0.5622055927209186,13.53556713331151,0.6565732013404584,0.6458401602825838,0.0,0.45,1.2
43,Dijkstra,23,Stable,0.5168991229593403,361.7111851713555,4,0.5657764548222375,13.993875246133008,0.658441058155514,0.6437120654527156,0.0,0.45,1.2
43,Dijkstra,24,Stable,0.47261258379742366,368.5173416560578,4,0.5568459856793897,14.341005706284806,0.6566471005061032,0.6184408129631161,0.0,0.45,1.2
43,Dijkstra,25,Stable,0.4866334069989754,368.5716794454424,4,0.5579412527768282,14.081293834859512,0.6602464579865912,0.6227657806984865,0.0,0.45,1.2
43,Dijkstra,26,Stable,0.5001812728878776,365.0678366154797,4,0.5584825183571157,14.207902251098064,0.6688224695921101,0.6449723221187618,0.0,0.45,1.2
43,Dijkstra,27,Stable,0.5057246930288146,369.95870787431755,4,0.5628053865406177,14.239085797368189,0.6673610636985109,0.6308672736963059,0.0,0.45,1.2
43,Dijkstra,28,Stable,0.5391519424644644,365.6123048657982,4,0.5604845429215951,14.085878848964231,0.6590075577358374,0.6300650943881094,0.0,0.45,1.2
43,Dijkstra,29,Stable,0.5332535308384052,363.74294236164786,4,0.5571590089783635,14.242886454620681,0.6629010360602701,0.6213823741050437,0.0,0.45,1.2
43,Dijkstra,30,Stable,0.5381344962804748,366.5801517613803,4,0.5552340059546161,14.470930430485595,0.6612568544134841,0.6246031450350482,0.0,0.45,1.2
43,Dijkstra,31,Stable,0.5173419865078754,360.2462157675339,4,0.5535284455028923,14.23337635633333,0.661789288885017,0.6305053840822283,0.0,0.45,1.2
43,Dijkstra,32,Stable,0.5091257919051515,361.39462913740283,4,0.5488996689800842,14.074908313589498,0.6572341435067608,0.6167694437000206,0.0,0.45,1.2
43,Dijkstra,33,Stable,0.493315405757927,356.4465751692771,4,0.5569088546398944,14.420113972007249,0.6527380039184749,0.5985004790001452,0.0,0.45,1.2
43,Dijkstra,34,Stable,0.48311963883068065,360.40356265365006,4,0.5492782887430018,14.537941468601723,0.6554716698881254,0.6119332366717204,0.0,0.45,1.2
43,Dijkstra,35,Stable,0.48950361801771325,355.5156743948161,4,0.5544397317708165,14.308005340103072,0.6531093886935377,0.6308841168392243,0.0,0.45,1.2
43,Dijkstra,36,Stable,0.4795230941284748,353.72523214428224,4,0.5579237055419852,14.214792821230455,0.6582162647385204,0.6046346073437917,0.0,0.45,1.2
43,Dijkstra,37,Stable,0.4685632702640449,350.57202936004774,4,0.5707917667497332,14.201193692851646,0.6541895921545225,0.5964727410732833,0.0,0.45,1.2
43,Dijkstra,38,Stable,0.46190985406723956,354.88346730182616,4,0.5670844618727323,14.539825442631098,0.6491745136261876,0.5869224433330444,0.0,0.45,1.2
43,Dijkstra,39,Stable,0.47552267351145505,368.22605350644255,4,0.5701119594103778,14.629876941271544,0.6511183166114977,0.5986866262469406,0.0,0.45,1.2
43,QT-APP,0,Normal,0.47323895428011803,278.72413707247574,6,0.30135334625872834,56.38500941003408,0.8721708497926409,0.31822202093423363,0.08125133903777344,0.47,1.19
43,QT-APP,1,Normal,0.43947073006015613,290.00354978360804,6,0.32652457341548824,73.02354063452445,0.8929645603056985,0.3465225125613121,0.23926554326783725,0.49,1.18
43,QT-APP,2,Normal,0.5577735497089288,192.95582311217123,4,0.2852156539408136,63.41930020694733,0.8267556776579716,0.45872595059355065,0.13909414250831587,0.56,1.13
43,QT-APP,3,Normal,0.5627580508910099,194.53194125458415,4,0.27855950798877394,63.86461151805974,0.8219743109884794,0.45034282338065557,0.21364293725128647,0.6000000000000001,1.0999999999999999
43,QT-APP,4,Normal,0.5058193079563552,234.89771758435637,5,0.3714766273822292,45.22201886917931,0.8428354489274307,0.25708077098620896,0.5591470017157963,0.6200000000000001,1.0899999999999999
43,QT-APP,5,Normal,0.4714285412995626,277.7914818827783,5,0.31350508788388454,76.4488522021262,0.861730027636287,0.31126344914916754,0.5828121957135006,0.6100000000000001,1.0999999999999999
43,QT-APP,6,Normal,0.5151216081819376,248.008744353171,5,0.416348459259565,56.1164150165432,0.8160272447379071,0.2870516467172746,0.572107709182337,0.6800000000000002,1.0499999999999998
43,QT-APP,7,Normal,0.44514503763309987,186.83948764274913,5,0.3554784101889925,65.97083628661004,0.8257543024516891,0.3093643583831347,1.0,0.7000000000000002,1.0399999999999998
43,QT-APP,8,Normal,0.4410182799959735,186.12913002661608,5,0.35266546615880545,64.95892052255233,0.8193395236428465,0.28779343114047934,1.0,0.6900000000000002,1.0499999999999998
43,QT-APP,9,Normal,0.48361080152561786,231.54860118854253,5,0.35185566256963474,45.33381966736938,0.834621139931769,0.2423004665193996,1.0,0.7600000000000002,0.9999999999999998
43,QT-APP,10,Congestion,0.4788617884153707,232.87236919644153,5,0.45186280548884317,44.987085414571354,0.7609475543905185,0.5073681381897017,1.0,0.7500000000000002,1.0099999999999998
43,QT-APP,11,Congestion,0.4747691358709572,377.19250512418375,6,0.5897445430877698,30.04629003599034,0.743005168865202,0.7497526223657779,1.0,0.7400000000000002,1.0199999999999998
43,QT-APP,12,Congestion,0.6014800318751934,448.24944906450224,5,0.6459479911165823,14.625247262139505,0.6579624846040633,0.9102790344820022,0.9498713997856753,0.8100000000000003,0.9699999999999998
43,QT-APP,13,Congestion,0.6901493645373068,567.5719393807377,4,0.6053336205372137,13.488409013337368,0.584583534724375,1.0,1.0,0.8500000000000003,0.9399999999999997
43,QT-APP,14,Congestion,0.7111050347069152,691.5681902255623,5,0.7580324926751149,6.603783599209268,0.5413321815715034,1.0,0.6707704689099971,0.8900000000000003,0.9099999999999997
43,QT-APP,15,Post-congestion,0.7045061920389307,695.6259823101848,5,0.7944968813998144,7.700176262061708,0.5192294968855479,0.9891722338015313,1.0,0.8800000000000003,0.9199999999999997
43,QT-APP,16,Post-congestion,0.7251948980013108,598.6998146532284,4,0.7011607987640127,6.060289403050478,0.4981978506703948,0.9886755624579096,1.0,0.9500000000000004,0.8699999999999997
43,QT-APP,17,Post-congestion,0.6364925623304891,747.6781383321327,5,0.7151614475052765,10.028354751823016,0.5425289067350502,0.9842345519848458,1.0,0.9700000000000004,0.8599999999999997
43,QT-APP,18,Post-congestion,0.5574735250508721,708.7093986236968,6,0.7856485315808978,9.958230800698457,0.5576168274504224,0.9548968345068137,1.0,0.9600000000000004,0.8699999999999997
43,QT-APP,19,Post-congestion,0.5461126159955195,716.2934573051826,6,0.7894491603966491,9.779770188133236,0.5583126172999536,0.9491773843049932,1.0,0.9500000000000004,0.8799999999999997
43,QT-APP,20,Recovery,0.5672284938653112,651.1732489861015,5,0.6798668845906314,12.053750045024456,0.5804814149074707,0.8673354090220066,1.0,1.0,0.8299999999999996
43,QT-APP,21,Recovery,0.5424937499109226,494.9894923412856,5,0.7075767955909357,9.073132922257779,0.6315691806469118,0.7234967383873594,1.0,1.0,0.8199999999999996
43,QT-APP,22,Recovery,0.493197805526972,369.07551365795945,5,0.625268136194512,14.326243338879626,0.6350519391288431,0.6222017271349246,1.0,1.0,0.8099999999999996
43,QT-APP,23,Stable,0.6109186143899621,361.6177322571279,4,0.5788461615831635,9.511307571209732,0.6010004490929628,0.6828280931385078,1.0,1.0,0.7599999999999996
43,QT-APP,24,Stable,0.4998484172465378,354.24767075347717,4,0.4324846008344079,12.823640215658584,0.6298943386551554,0.637468246169653,1.0,0.99,0.7699999999999996
43,QT-APP,25,Stable,0.5014797601883877,372.83297174573113,5,0.6308580583989771,14.20343360333896,0.6406804193184291,0.6267015316781294,1.0,1.0,0.7399999999999995
43,QT-APP,26,Stable,0.5474759630750182,437.20199967802404,5,0.6622576978394713,10.379688912104285,0.6742206843925894,0.6391107262854309,1.0,1.0,0.6899999999999995
43,QT-APP,27,Stable,0.5383224475613091,464.8201442711086,5,0.5707831277289621,18.24983572918536,0.648999920700603,0.7000220997203963,1.0,0.99,0.6999999999999995
43,QT-APP,28,Stable,0.4978291093365923,351.01450314341923,4,0.42403412443426114,13.022837046118626,0.6335460240987667,0.668250195610529,1.0,1.0,0.6899999999999995
43,QT-APP,29,Stable,0.5896592113543164,424.6246024446512,5,0.7174123135257455,12.824144463721762,0.6307306219517039,0.7120016075780982,1.0,1.0,0.6399999999999995
43,QT-APP,30,Stable,0.6010905331671557,414.17132146271547,5,0.7130802908007823,13.110045385564092,0.6302747763602459,0.7130699717656293,1.0,1.0,0.6099999999999994
43,QT-APP,31,Stable,0.6101942824755963,465.37865972320265,4,0.5558514058388899,17.464420927014988,0.6227187587677112,0.7192203470973262,1.0,1.0,0.5799999999999994
43,QT-APP,32,Stable,0.574098063480774,431.0107298114431,5,0.7096876289052567,12.80600089070369,0.6310789051066515,0.684216655737582,1.0,1.0,0.5699999999999994
43,QT-APP,33,Stable,0.547955496221814,492.1571394732266,5,0.5878766960494,18.549030699094097,0.6421233587595925,0.708899431768806,1.0,0.99,0.5799999999999994
43,QT-APP,34,Stable,0.5265038261292164,377.94804566408754,5,0.668098545861664,14.20665154560399,0.637760282597893,0.6493570279891845,1.0,0.98,0.5899999999999994
43,QT-APP,35,Stable,0.5698744225807271,453.9083108690762,5,0.6996680275874134,10.44842032228894,0.6749429666764474,0.62969725806448,1.0,1.0,0.5399999999999994
43,QT-APP,36,Stable,0.533843272395235,384.3671867589946,5,0.6621717901304282,14.24180818616486,0.6420802829652039,0.6543994340137597,1.0,0.99,0.5499999999999994
43,QT-APP,37,Stable,0.5807376680590897,447.31234106033037,5,0.7139770806097667,12.285831718984124,0.6438607101688837,0.6425826650400172,1.0,1.0,0.49999999999999933
43,QT-APP,38,Stable,0.5583439746070471,396.587214113319,5,0.6692678248301819,14.150221802344603,0.636906828983461,0.6830697923426257,1.0,0.99,0.5099999999999993
43,QT-APP,39,Stable,0.5616762883894475,394.1769856869504,5,0.6628737845518133,14.186159919420357,0.6334956728549724,0.677436748109094,1.0,1.0,0.4799999999999993
43,QT-APP without adaptation,0,Normal,0.47323895428011803,278.72413707247574,6,0.30135334625872834,56.38500941003408,0.8721708497926409,0.31822202093423363,0.08125133903777344,0.45,1.2
43,QT-APP without adaptation,1,Normal,0.43947073006015613,290.00354978360804,6,0.32652457341548824,73.02354063452445,0.8929645603056985,0.3465225125613121,0.14485793922140217,0.45,1.2
43,QT-APP without adaptation,2,Normal,0.5577735497089288,192.95582311217123,4,0.2852156539408136,63.41930020694733,0.8267556776579716,0.45872595059355065,0.10802129972236481,0.45,1.2
43,QT-APP without adaptation,3,Normal,0.5627580508910099,194.53194125458415,4,0.27855950798877394,63.86461151805974,0.8219743109884794,0.45034282338065557,0.0816780712203945,0.45,1.2
43,QT-APP without adaptation,4,Normal,0.5058193079563552,234.89771758435637,5,0.3714766273822292,45.22201886917931,0.8428354489274307,0.25708077098620896,0.06522577991157656,0.45,1.2
43,QT-APP without adaptation,5,Normal,0.4714285412995626,277.7914818827783,5,0.31350508788388454,76.4488522021262,0.861730027636287,0.31126344914916754,0.1369954149001128,0.45,1.2
43,QT-APP without adaptation,6,Normal,0.5151216081819376,248.008744353171,5,0.416348459259565,56.1164150165432,0.8160272447379071,0.2870516467172746,0.05754676390394316,0.45,1.2
43,QT-APP without adaptation,7,Normal,0.44514503763309987,186.83948764274913,5,0.3554784101889925,65.97083628661004,0.8257543024516891,0.3093643583831347,0.2110065158631208,0.45,1.2
43,QT-APP without adaptation,8,Normal,0.4410182799959735,186.12913002661608,5,0.35266546615880545,64.95892052255233,0.8193395236428465,0.28779343114047934,0.2409136968437982,0.45,1.2
43,QT-APP without adaptation,9,Normal,0.48361080152561786,231.54860118854253,5,0.35185566256963474,45.33381966736938,0.834621139931769,0.2423004665193996,0.09011205593164946,0.45,1.2
43,QT-APP without adaptation,10,Congestion,0.4788617884153707,232.87236919644153,5,0.45186280548884317,44.987085414571354,0.7609475543905185,0.5073681381897017,0.15803740674758313,0.45,1.2
43,QT-APP without adaptation,11,Congestion,0.4747691358709572,377.19250512418375,6,0.5897445430877698,30.04629003599034,0.743005168865202,0.7497526223657779,0.13195300424113401,0.45,1.2
43,QT-APP without adaptation,12,Congestion,0.6585969428343846,383.97520323026436,4,0.5815209388743169,13.446453792700456,0.6261047283013172,0.9490674164461927,0.012800535167432424,0.45,1.2
43,QT-APP without adaptation,13,Congestion,0.6292319405370004,453.779955349577,5,0.6950660610531306,12.56520936428406,0.5747853574332835,1.0,0.008490060070750342,0.45,1.2
43,QT-APP without adaptation,14,Congestion,0.7466742516964151,699.6955692290616,4,0.675931801677424,9.329081765695097,0.5208276644227484,1.0,0.0056839364004430855,0.45,1.2
43,QT-APP without adaptation,15,Post-congestion,0.6701083535031946,682.5679249046696,5,0.7569621026540377,6.569383102393192,0.5338915769301018,0.9800005356699197,0.00796403199430981,0.45,1.2
43,QT-APP without adaptation,16,Post-congestion,0.5769464314277453,569.0345408106874,5,0.7521147119129975,9.002354952345156,0.5227216448761197,0.9652785308580407,0.03112061075962239,0.45,1.2
43,QT-APP without adaptation,17,Post-congestion,0.5606792786436289,712.0034809197224,6,0.7861571220092737,9.83600416319983,0.5500119929760326,0.9610278510104786,0.022265959861967263,0.45,1.2
43,QT-APP without adaptation,18,Post-congestion,0.5574735250508721,708.7093986236968,6,0.7856485315808978,9.958230800698457,0.5576168274504224,0.9548968345068137,0.01861638411652455,0.45,1.2
43,QT-APP without adaptation,19,Post-congestion,0.5461126159955195,716.2934573051826,6,0.7894491603966491,9.779770188133236,0.5583126172999536,0.9491773843049932,0.023414578120715995,0.45,1.2
43,QT-APP without adaptation,20,Recovery,0.6267456641683709,584.2394955476332,5,0.7676903273781731,8.854281239795371,0.5503129349243361,0.8757486834111127,0.009911104453682382,0.45,1.2
43,QT-APP without adaptation,21,Recovery,0.5015152833404461,418.5649897047425,5,0.6801292580738629,12.15495553782877,0.596357573117055,0.7244773091308488,0.12127402579905588,0.45,1.2
43,QT-APP without adaptation,22,Recovery,0.493197805526972,369.07551365795945,5,0.625268136194512,14.326243338879626,0.6350519391288431,0.6222017271349246,0.13975650851866536,0.45,1.2
43,QT-APP without adaptation,23,Stable,0.5217616980909008,359.0662777777658,4,0.4356701356993734,12.73625835796661,0.6274704913323642,0.655482455526806,0.11760056587338272,0.45,1.2
43,QT-APP without adaptation,24,Stable,0.4998484172465378,354.24767075347717,4,0.4324846008344079,12.823640215658584,0.6298943386551554,0.637468246169653,0.15226917720881208,0.45,1.2
43,QT-APP without adaptation,25,Stable,0.5063479342049677,345.9528938838811,4,0.4287288246547931,12.89528272810428,0.635448841857311,0.6326900052496216,0.1368506661414708,0.45,1.2
43,QT-APP without adaptation,26,Stable,0.618929013685841,428.8708337758978,4,0.5533428326567453,16.447351862820007,0.636098093396698,0.7045742321406276,0.03216932591096585,0.45,1.2
43,QT-APP without adaptation,27,Stable,0.5383224475613091,464.8201442711086,5,0.5707831277289621,18.24983572918536,0.648999920700603,0.7000220997203963,0.03973718622518683,0.45,1.2
43,QT-APP without adaptation,28,Stable,0.4978291093365923,351.01450314341923,4,0.42403412443426114,13.022837046118626,0.6335460240987667,0.668250195610529,0.13371655104059288,0.45,1.2
43,QT-APP without adaptation,29,Stable,0.6057597641495016,454.1769916482996,4,0.54241925103308,17.074289778594736,0.6278949843488626,0.7262890680455032,0.03343201308035965,0.45,1.2
43,QT-APP without adaptation,30,Stable,0.5515739078603603,446.9657678041964,5,0.6684418499281654,10.798397140994851,0.6696614925439458,0.6470814888285246,0.03361752994722053,0.45,1.2
43,QT-APP without adaptation,31,Stable,0.4954808066340754,362.85663609494,5,0.6694078124944989,14.40324681207655,0.6401002528387328,0.6320820214609189,0.08628698499405142,0.45,1.2
43,QT-APP without adaptation,32,Stable,0.6040405577919266,455.8195214666298,4,0.5720862919813408,17.269683192651968,0.6209027752345384,0.7073021766313747,0.031980950055750114,0.45,1.2
43,QT-APP without adaptation,33,Stable,0.5807423487249376,433.27586909864704,5,0.7070631901848154,12.72990621235186,0.6316969356247185,0.6870264786492101,0.014956244823390046,0.45,1.2
43,QT-APP without adaptation,34,Stable,0.5117058160267649,366.77521786373273,4,0.4430066419424309,12.889105895493678,0.6381979058254439,0.6325368910769158,0.12513532418535084,0.45,1.2
43,QT-APP without adaptation,35,Stable,0.5698744225807271,453.9083108690762,5,0.6996680275874134,10.44842032228894,0.6749429666764474,0.62969725806448,0.03338700699842647,0.45,1.2
43,QT-APP without adaptation,36,Stable,0.5213368516719523,371.6423609278893,4,0.42836881635280843,12.74548340604927,0.6354329108330663,0.6350366465374726,0.12481789848503687,0.45,1.2
43,QT-APP without adaptation,37,Stable,0.5501456436888772,389.31496228781623,5,0.6686454452379749,14.117684820286012,0.6401783404044031,0.6656330994836892,0.03825887684606617,0.45,1.2
43,QT-APP without adaptation,38,Stable,0.5282563915367516,372.9413100601713,4,0.42777100793074563,12.76510178672536,0.6281005785313971,0.623732337346004,0.12537182855818865,0.45,1.2
43,QT-APP without adaptation,39,Stable,0.6017234601785841,376.5398325473584,4,0.557004064417125,9.770272771545704,0.6056871388399969,0.6537983605215305,0.028253067360839986,0.45,1.2
43,QT-APP without tunneling,0,Normal,0.47323895428011803,278.72413707247574,6,0.30135334625872834,56.38500941003408,0.8721708497926409,0.31822202093423363,1.0,0.47,1.19
43,QT-APP without tunneling,1,Normal,0.6284408405724154,268.94425542089584,4,0.2630962123442132,53.46855484699093,0.8262576525197288,0.41904498322930206,1.0,0.54,1.14
43,QT-APP without tunneling,2,Normal,0.5577735497089288,192.95582311217123,4,0.2852156539408136,63.41930020694733,0.8267556776579716,0.45872595059355065,1.0,0.53,1.15
43,QT-APP without tunneling,3,Normal,0.5627580508910099,194.53194125458415,4,0.27855950798877394,63.86461151805974,0.8219743109884794,0.45034282338065557,1.0,0.5700000000000001,1.1199999999999999
43,QT-APP without tunneling,4,Normal,0.47700802355301686,276.32717102848346,5,0.31830085401211816,75.67283483167986,0.8572979338031115,0.31671084225327667,1.0,0.5900000000000001,1.1099999999999999
43,QT-APP without tunneling,5,Normal,0.4714285412995626,277.7914818827783,5,0.31350508788388454,76.4488522021262,0.861730027636287,0.31126344914916754,1.0,0.5800000000000001,1.1199999999999999
43,QT-APP without tunneling,6,Normal,0.5151216081819376,248.008744353171,5,0.416348459259565,56.1164150165432,0.8160272447379071,0.2870516467172746,1.0,0.6500000000000001,1.0699999999999998
43,QT-APP without tunneling,7,Normal,0.44514503763309987,186.83948764274913,5,0.3554784101889925,65.97083628661004,0.8257543024516891,0.3093643583831347,1.0,0.6700000000000002,1.0599999999999998
43,QT-APP without tunneling,8,Normal,0.4410182799959735,186.12913002661608,5,0.35266546615880545,64.95892052255233,0.8193395236428465,0.28779343114047934,1.0,0.6600000000000001,1.0699999999999998
43,QT-APP without tunneling,9,Normal,0.48361080152561786,231.54860118854253,5,0.35185566256963474,45.33381966736938,0.834621139931769,0.2423004665193996,1.0,0.7300000000000002,1.0199999999999998
43,QT-APP without tunneling,10,Congestion,0.4788617884153707,232.87236919644153,5,0.45186280548884317,44.987085414571354,0.7609475543905185,0.5073681381897017,1.0,0.7200000000000002,1.0299999999999998
43,QT-APP without tunneling,11,Congestion,0.4747691358709572,377.19250512418375,6,0.5897445430877698,30.04629003599034,0.743005168865202,0.7497526223657779,1.0,0.7100000000000002,1.0399999999999998
43,QT-APP without tunneling,12,Congestion,0.6014800318751934,448.24944906450224,5,0.6459479911165823,14.625247262139505,0.6579624846040633,0.9102790344820022,1.0,0.7800000000000002,0.9899999999999998
43,QT-APP without tunneling,13,Congestion,0.6901493645373068,567.5719393807377,4,0.6053336205372137,13.488409013337368,0.584583534724375,1.0,1.0,0.8200000000000003,0.9599999999999997
43,QT-APP without tunneling,14,Congestion,0.7111050347069152,691.5681902255623,5,0.7580324926751149,6.603783599209268,0.5413321815715034,1.0,1.0,0.8600000000000003,0.9299999999999997
43,QT-APP without tunneling,15,Post-congestion,0.7045061920389307,695.6259823101848,5,0.7944968813998144,7.700176262061708,0.5192294968855479,0.9891722338015313,1.0,0.8500000000000003,0.9399999999999997
43,QT-APP without tunneling,16,Post-congestion,0.7251948980013108,598.6998146532284,4,0.7011607987640127,6.060289403050478,0.4981978506703948,0.9886755624579096,1.0,0.9200000000000004,0.8899999999999997
43,QT-APP without tunneling,17,Post-congestion,0.6364925623304891,747.6781383321327,5,0.7151614475052765,10.028354751823016,0.5425289067350502,0.9842345519848458,1.0,0.9400000000000004,0.8799999999999997
43,QT-APP without tunneling,18,Post-congestion,0.5574735250508721,708.7093986236968,6,0.7856485315808978,9.958230800698457,0.5576168274504224,0.9548968345068137,1.0,0.9300000000000004,0.8899999999999997
43,QT-APP without tunneling,19,Post-congestion,0.5461126159955195,716.2934573051826,6,0.7894491603966491,9.779770188133236,0.5583126172999536,0.9491773843049932,1.0,0.9200000000000004,0.8999999999999997
43,QT-APP without tunneling,20,Recovery,0.5672284938653112,651.1732489861015,5,0.6798668845906314,12.053750045024456,0.5804814149074707,0.8673354090220066,1.0,0.9900000000000004,0.8499999999999996
43,QT-APP without tunneling,21,Recovery,0.5424937499109226,494.9894923412856,5,0.7075767955909357,9.073132922257779,0.6315691806469118,0.7234967383873594,1.0,1.0,0.8399999999999996
43,QT-APP without tunneling,22,Recovery,0.493197805526972,369.07551365795945,5,0.625268136194512,14.326243338879626,0.6350519391288431,0.6222017271349246,1.0,1.0,0.8299999999999996
43,QT-APP without tunneling,23,Stable,0.6109186143899621,361.6177322571279,4,0.5788461615831635,9.511307571209732,0.6010004490929628,0.6828280931385078,1.0,1.0,0.7799999999999996
43,QT-APP without tunneling,24,Stable,0.4998484172465378,354.24767075347717,4,0.4324846008344079,12.823640215658584,0.6298943386551554,0.637468246169653,1.0,0.99,0.7899999999999996
43,QT-APP without tunneling,25,Stable,0.5014797601883877,372.83297174573113,5,0.6308580583989771,14.20343360333896,0.6406804193184291,0.6267015316781294,1.0,1.0,0.7599999999999996
43,QT-APP without tunneling,26,Stable,0.5474759630750182,437.20199967802404,5,0.6622576978394713,10.379688912104285,0.6742206843925894,0.6391107262854309,1.0,1.0,0.7099999999999995
43,QT-APP without tunneling,27,Stable,0.5383224475613091,464.8201442711086,5,0.5707831277289621,18.24983572918536,0.648999920700603,0.7000220997203963,1.0,0.99,0.7199999999999995
43,QT-APP without tunneling,28,Stable,0.4978291093365923,351.01450314341923,4,0.42403412443426114,13.022837046118626,0.6335460240987667,0.668250195610529,1.0,1.0,0.7099999999999995
43,QT-APP without tunneling,29,Stable,0.5896592113543164,424.6246024446512,5,0.7174123135257455,12.824144463721762,0.6307306219517039,0.7120016075780982,1.0,1.0,0.6599999999999995
43,QT-APP without tunneling,30,Stable,0.6010905331671557,414.17132146271547,5,0.7130802908007823,13.110045385564092,0.6302747763602459,0.7130699717656293,1.0,1.0,0.6299999999999994
43,QT-APP without tunneling,31,Stable,0.6101942824755963,465.37865972320265,4,0.5558514058388899,17.464420927014988,0.6227187587677112,0.7192203470973262,1.0,1.0,0.5999999999999994
43,QT-APP without tunneling,32,Stable,0.574098063480774,431.0107298114431,5,0.7096876289052567,12.80600089070369,0.6310789051066515,0.684216655737582,1.0,1.0,0.5899999999999994
43,QT-APP without tunneling,33,Stable,0.547955496221814,492.1571394732266,5,0.5878766960494,18.549030699094097,0.6421233587595925,0.708899431768806,1.0,0.99,0.5999999999999994
43,QT-APP without tunneling,34,Stable,0.5265038261292164,377.94804566408754,5,0.668098545861664,14.20665154560399,0.637760282597893,0.6493570279891845,1.0,0.98,0.6099999999999994
43,QT-APP without tunneling,35,Stable,0.5698744225807271,453.9083108690762,5,0.6996680275874134,10.44842032228894,0.6749429666764474,0.62969725806448,1.0,1.0,0.5599999999999994
43,QT-APP without tunneling,36,Stable,0.533843272395235,384.3671867589946,5,0.6621717901304282,14.24180818616486,0.6420802829652039,0.6543994340137597,1.0,0.99,0.5699999999999994
43,QT-APP without tunneling,37,Stable,0.5807376680590897,447.31234106033037,5,0.7139770806097667,12.285831718984124,0.6438607101688837,0.6425826650400172,1.0,1.0,0.5199999999999994
43,QT-APP without tunneling,38,Stable,0.5583439746070471,396.587214113319,5,0.6692678248301819,14.150221802344603,0.636906828983461,0.6830697923426257,1.0,0.99,0.5299999999999994
43,QT-APP without tunneling,39,Stable,0.5616762883894475,394.1769856869504,5,0.6628737845518133,14.186159919420357,0.6334956728549724,0.677436748109094,1.0,1.0,0.49999999999999933
44,Dijkstra,0,Normal,0.3010912623689375,53.92563140822995,3,0.1002116745843542,50.991119206848914,0.8830858119272463,0.26727094552833724,0.0,0.45,1.2
44,Dijkstra,1,Normal,0.3077327698635546,54.64997506261827,3,0.10341902715162665,50.64139006325326,0.8870412587517115,0.263629571821212,0.0,0.45,1.2
44,Dijkstra,2,Normal,0.3167403503310134,53.4851525782101,3,0.10907519842732238,50.5873694753403,0.8869335873530263,0.29434036001216146,0.0,0.45,1.2
44,Dijkstra,3,Normal,0.3327964951263774,53.76090032873111,3,0.11201490135147174,50.13794937970886,0.8774078070200604,0.2814239111392529,0.0,0.45,1.2
44,Dijkstra,4,Normal,0.32344749755240126,54.0588722971048,3,0.11541115691034654,50.08281238988432,0.8885993808875597,0.26969116933901877,0.0,0.45,1.2
44,Dijkstra,5,Normal,0.32884344013864336,52.4002224614581,3,0.11783695158231311,50.326350596511816,0.881912099047546,0.2620956763743113,0.0,0.45,1.2
44,Dijkstra,6,Normal,0.3323885534941378,53.074912495407304,3,0.10638478322818379,49.2599584263323,0.8901342132326256,0.2746242461885351,0.0,0.45,1.2
44,Dijkstra,7,Normal,0.32282431516827864,52.87368955908407,3,0.09619523775470207,49.21884787321384,0.8893937249153021,0.29126750184010186,0.0,0.45,1.2
44,Dijkstra,8,Normal,0.3132754758787993,51.24088103302755,3,0.09769072727163186,50.78757015623171,0.8832522196148443,0.2814425762933644,0.0,0.45,1.2
44,Dijkstra,9,Normal,0.32112441090860266,50.86135078450953,3,0.11192984425552577,50.84149485190117,0.881194377258469,0.29450339444270773,0.0,0.45,1.2
44,Dijkstra,10,Congestion,0.3035948305086689,61.25194991035722,3,0.20538715738963131,37.959057689636495,0.8136484846485045,0.49517185434564254,0.0,0.45,1.2
44,Dijkstra,11,Congestion,0.3355306787712924,72.04290834255747,3,0.29221354448788506,24.266572376033263,0.7576156253146026,0.6743102452640694,0.0,0.45,1.2
44,Dijkstra,12,Congestion,0.3501477551676591,89.68655151776622,3,0.3274195179858823,15.171860328579967,0.7028221853284017,0.8071855253320722,0.0,0.45,1.2
44,Dijkstra,13,Congestion,0.36867001469901933,115.94535185572035,3,0.36650017167247917,9.932238938484007,0.6562994627678846,0.9024038399730764,0.0,0.45,1.2
44,Dijkstra,14,Congestion,0.38636983880500125,142.23945919502367,3,0.4305280330004715,7.143241589662218,0.618678958066331,0.9658717554112014,0.0,0.45,1.2
44,Dijkstra,15,Post-congestion,0.31901003389175325,142.96032847035298,3,0.4328092740818398,7.403013637775525,0.6206925686086282,0.9487073126805522,0.0,0.45,1.2
44,Dijkstra,16,Post-congestion,0.2887364527966813,141.73953443556624,3,0.42280873366676663,7.330400843069495,0.6215809357620549,0.9308619017123448,0.0,0.45,1.2
44,Dijkstra,17,Post-congestion,0.23889493749429458,139.39391981673637,3,0.4188841550396385,7.292712748717683,0.6139375141211199,0.9205964558279791,0.0,0.45,1.2
44,Dijkstra,18,Post-congestion,0.2690475856271089,140.26359760278524,3,0.4176017289115177,7.439975347105975,0.6181618619798107,0.9117061212611061,0.0,0.45,1.2
44,Dijkstra,19,Post-congestion,0.26402929513562573,138.5362521560773,3,0.41209378929344354,7.552859887924337,0.6153031342304723,0.9171726593984572,0.0,0.45,1.2
44,Dijkstra,20,Recovery,0.278443977106529,119.00333268541172,3,0.38009910155145976,8.752059216191565,0.6530288513282717,0.8063609350201061,0.0,0.45,1.2
44,Dijkstra,21,Recovery,0.30172276591109926,96.33923256992287,3,0.34666940167686,10.314533906493713,0.6905938482123676,0.7153188863856504,0.0,0.45,1.2
44,Dijkstra,22,Recovery,0.32120290954719105,81.48439347462406,3,0.30253472630773803,12.354469493368294,0.7270922131905753,0.6181438662596253,0.0,0.45,1.2
44,Dijkstra,23,Stable,0.3092707310864964,80.23948037223053,3,0.298394292580319,12.02885268301918,0.7336980436453389,0.5780173581988516,0.0,0.45,1.2
44,Dijkstra,24,Stable,0.317816160539617,79.08012903323582,3,0.301571226087034,12.312393496231314,0.730520657445286,0.5882938196292402,0.0,0.45,1.2
44,Dijkstra,25,Stable,0.3306068914302067,79.3203532203027,3,0.30292208322641034,12.153018170070522,0.727458911629189,0.593326588342762,0.0,0.45,1.2
44,Dijkstra,26,Stable,0.3389529650013852,79.72751338178347,3,0.3075752078429099,11.912262462281232,0.7288603321367789,0.6224371214611603,0.0,0.45,1.2
44,Dijkstra,27,Stable,0.34862656910167017,80.32202803833317,3,0.3122223437471884,12.027484652372294,0.7350861127493978,0.6335649156355552,0.0,0.45,1.2
44,Dijkstra,28,Stable,0.33839394576447335,79.39224844155765,3,0.30069348460673073,11.886405314643143,0.7352631609599735,0.6267162008209635,0.0,0.45,1.2
44,Dijkstra,29,Stable,0.34846163744482456,81.64622325297441,3,0.3052118201856643,12.207986004248317,0.7377237430312337,0.6170900098511748,0.0,0.45,1.2
44,Dijkstra,30,Stable,0.3430941766855075,83.52618934321944,3,0.3152924195685536,12.115773278618647,0.7427324834608617,0.6459107139214116,0.0,0.45,1.2
44,Dijkstra,31,Stable,0.3516314408744432,83.4845192228878,3,0.33331364331336244,11.89385505129482,0.7345679438137399,0.6414153845496564,0.0,0.45,1.2
44,Dijkstra,32,Stable,0.3515894906815434,82.38637673445264,3,0.3428371775641712,11.930306018982902,0.7345541973361128,0.6377621277902793,0.0,0.45,1.2
44,Dijkstra,33,Stable,0.32342387337185596,80.35257573543778,3,0.32341154154006413,11.96544450391418,0.7325621140977255,0.6251377611633128,0.0,0.45,1.2
44,Dijkstra,34,Stable,0.30357375481814547,82.24020779291288,3,0.32638418422155624,11.94641856685143,0.7290572544251307,0.5917830425085314,0.0,0.45,1.2
44,Dijkstra,35,Stable,0.30904213494826005,82.51543345076762,3,0.3296757734350627,12.237755610211861,0.7335536483319354,0.6230557226715007,0.0,0.45,1.2
44,Dijkstra,36,Stable,0.31395438343252796,81.92313429764874,3,0.3425836487236493,12.171072814616986,0.7312704883293387,0.6073116332277736,0.0,0.45,1.2
44,Dijkstra,37,Stable,0.3306548172948202,78.59283848867005,3,0.34147792008596045,11.988558032897933,0.7283435033640862,0.6120636159352889,0.0,0.45,1.2
44,Dijkstra,38,Stable,0.34567648000406564,79.06524767870167,3,0.32678502910608187,11.723630018938145,0.7267867254301338,0.6203536414151056,0.0,0.45,1.2
44,Dijkstra,39,Stable,0.3664289193682098,76.68303308076214,3,0.34156356058863346,11.864098255977614,0.7229955053204172,0.6386642356589566,0.0,0.45,1.2
44,QT-APP,0,Normal,0.2567531599171092,124.66282102199555,4,0.19559809438374764,70.97619326336707,0.8674398499661387,0.09905618685171844,1.0,0.47,1.19
44,QT-APP,1,Normal,0.2652463751920426,127.05490668834877,4,0.19247688685375486,69.95578693234,0.8653510740617838,0.10686078417628075,1.0,0.51,1.16
44,QT-APP,2,Normal,0.27774930993541896,103.11350204668538,3,0.12310147821408723,62.05503824098569,0.8838942056608822,0.12850740917720638,1.0,0.5800000000000001,1.1099999999999999
44,QT-APP,3,Normal,0.28647206691649907,126.56495148872135,4,0.19001458528118575,68.71124186508969,0.8555875166663566,0.12573059070164683,1.0,0.6200000000000001,1.0799999999999998
44,QT-APP,4,Normal,0.30914356069554155,103.8201867076634,3,0.09877679413684748,58.76396508796788,0.8713486415649502,0.1679992700066126,1.0,0.6900000000000002,1.0299999999999998
44,QT-APP,5,Normal,0.44170981008981247,100.42075598170743,3,0.1496030090754552,43.804112563831154,0.8169699899262115,0.2864181862188493,1.0,0.7600000000000002,0.9799999999999998
44,QT-APP,6,Normal,0.4860264897812323,125.57680258937592,3,0.20052606930999428,52.531807153385536,0.8781960918684023,0.33474476635574923,1.0,0.8000000000000003,0.9499999999999997
44,QT-APP,7,Normal,0.29346979223202374,126.09615213719127,4,0.1734405028352508,68.52931498845336,0.8572490641060133,0.08889333664331393,1.0,0.8200000000000003,0.9399999999999997
44,QT-APP,8,Normal,0.3336501014239093,103.4999804973167,3,0.12378292591422124,59.774318369229064,0.8811788349595412,0.16046821047329451,1.0,0.8600000000000003,0.9099999999999997
44,QT-APP,9,Normal,0.4941175022877707,120.48194442514318,3,0.2206178715942052,53.00080048620409,0.8743902012928396,0.3276632060126332,1.0,0.9300000000000004,0.8599999999999997
44,QT-APP,10,Congestion,0.39921367712179046,134.21724253035484,4,0.3252931634841969,36.06572501529888,0.8479513595916958,0.5522787300840322,1.0,0.9200000000000004,0.8699999999999997
44,QT-APP,11,Congestion,0.38422299500537005,221.10421914897614,4,0.3041824622387246,20.325302157009727,0.7262685571395546,0.6223888166371783,1.0,0.9100000000000004,0.8799999999999997
44,QT-APP,12,Congestion,0.48512046936574327,222.49383917058532,4,0.4790048474392774,17.7256041627163,0.7494631051836653,0.9629980914937545,1.0,0.9800000000000004,0.8299999999999996
44,QT-APP,13,Congestion,0.4146851358524428,309.86848343322873,4,0.5584133167717036,13.679310371981924,0.6441132337878078,0.9167311608482029,1.0,0.9700000000000004,0.8399999999999996
44,QT-APP,14,Congestion,0.4590580644684166,166.28343288013667,3,0.433922310627598,7.6941228455875015,0.6007961802774725,1.0,1.0,1.0,0.8099999999999996
44,QT-APP,15,Post-congestion,0.42310927882331884,327.94153572227003,4,0.6147670507377526,7.370961117779992,0.6314334111405,0.9808211732143819,1.0,0.99,0.8199999999999996
44,QT-APP,16,Post-congestion,0.5102597053111818,365.9870644966775,4,0.5699220292223088,7.1370408377538315,0.6339226649184526,0.9957284665209838,1.0,1.0,0.7699999999999996
44,QT-APP,17,Post-congestion,0.5885877309910929,268.38177205214754,3,0.5387656259187763,4.634050450906433,0.5244260858491977,0.971288318787629,1.0,1.0,0.7399999999999995
44,QT-APP,18,Post-congestion,0.5962174798204881,329.70373312780544,3,0.5653441745336526,7.048698944770219,0.5986497549686955,0.986320359337508,1.0,1.0,0.7099999999999995
44,QT-APP,19,Post-congestion,0.5228787465369417,371.8772156883059,4,0.5639597285282556,6.92525217494648,0.6343967128091008,0.9935609718420371,1.0,1.0,0.6999999999999995
44,QT-APP,20,Recovery,0.36542367877755094,143.68503073649813,3,0.39014006300572146,9.415548537299623,0.6485001620962575,0.8842001784507527,1.0,1.0,0.6899999999999995
44,QT-APP,21,Recovery,0.5661645765546153,197.95203856012176,3,0.4814280334605351,6.638521095010996,0.5853923177611716,0.7860304327736444,1.0,1.0,0.6399999999999995
44,QT-APP,22,Recovery,0.45867925834907536,231.60232588227086,3,0.34392886413086887,14.564919074828646,0.6740299764366456,0.6747647096428521,1.0,0.99,0.6499999999999995
44,QT-APP,23,Stable,0.44823004615271944,244.02981788075408,4,0.40762625258705587,10.259778390847426,0.6827840020892407,0.6621455458621774,1.0,0.98,0.6599999999999995
44,QT-APP,24,Stable,0.3498902161779167,112.94481319846933,3,0.31243481810163276,12.13558070061129,0.6884872657194235,0.6406201323380599,1.0,1.0,0.6499999999999995
44,QT-APP,25,Stable,0.5037366769558025,219.96984268286712,3,0.4736339866544582,11.345067361226944,0.7305192427263485,0.7041076281126272,1.0,1.0,0.5999999999999994
44,QT-APP,26,Stable,0.35689740328542036,114.39688303970772,3,0.2957962511937331,12.060199107484868,0.6769421019876427,0.6332554231598306,1.0,0.99,0.6099999999999994
44,QT-APP,27,Stable,0.4295372783793058,245.95355875889953,4,0.5012527738226308,16.923346211256284,0.6888361130204832,0.6732459686524176,1.0,1.0,0.5799999999999994
44,QT-APP,28,Stable,0.42955286008651217,250.45910907657742,4,0.48281710816003276,17.02620647547008,0.6865153465514703,0.6741512566295916,1.0,1.0,0.5499999999999994
44,QT-APP,29,Stable,0.39064146732288024,115.73646642960492,3,0.2831438927372375,12.285321535682229,0.68587263400632,0.6895881538792108,1.0,1.0,0.5399999999999994
44,QT-APP,30,Stable,0.4868644938576767,219.32403775048235,3,0.4468064520124464,11.354340309175905,0.7332969239964818,0.7055833026080501,1.0,1.0,0.4899999999999993
44,QT-APP,31,Stable,0.441003356616047,219.20745457133768,3,0.354017354603663,14.06233385543211,0.6673810021941052,0.6733551029931294,1.0,0.99,0.49999999999999933
44,QT-APP,32,Stable,0.34791702128145446,112.56207633117351,3,0.2736302206209461,12.158329262272668,0.6785096006802367,0.6658582130857271,1.0,1.0,0.4899999999999993
44,QT-APP,33,Stable,0.39743231296340187,234.8996926160957,4,0.4910208593274391,17.012680300415223,0.6824592110815184,0.6642356178609523,1.0,1.0,0.4599999999999993
44,QT-APP,34,Stable,0.4378057459771654,214.89033126507255,3,0.3569515206461218,14.025592085792615,0.6604012491346777,0.6774224635399827,1.0,1.0,0.42999999999999927
44,QT-APP,35,Stable,0.40016077599703354,224.567318165804,4,0.4875204191083813,11.230158880138251,0.725614167520428,0.6405386656958967,1.0,0.99,0.4399999999999993
44,QT-APP,36,Stable,0.4127696431092161,220.75151932104703,4,0.4946350736604703,11.200926872966601,0.722937783418013,0.6370211841611151,1.0,1.0,0.40999999999999925
44,QT-APP,37,Stable,0.41227318793741274,237.35164149461423,4,0.4208568283063622,11.400237959361029,0.6726568079131344,0.641443941461162,1.0,0.99,0.41999999999999926
44,QT-APP,38,Stable,0.4622506927038776,210.54061750874916,3,0.37685160153754316,13.667997911437974,0.6669840911354403,0.7075423597418175,1.0,1.0,0.3699999999999992
44,QT-APP,39,Stable,0.40999870073643285,229.48498660416158,4,0.42595919236444024,11.69464525863406,0.6793146804803223,0.665999256379517,1.0,1.0,0.3599999999999992
44,QT-APP without adaptation,0,Normal,0.2567531599171092,124.66282102199555,4,0.19559809438374764,70.97619326336707,0.8674398499661387,0.09905618685171844,1.0,0.45,1.2
44,QT-APP without adaptation,1,Normal,0.2652463751920426,127.05490668834877,4,0.19247688685375486,69.95578693234,0.8653510740617838,0.10686078417628075,1.0,0.45,1.2
44,QT-APP without adaptation,2,Normal,0.27774930993541896,103.11350204668538,3,0.12310147821408723,62.05503824098569,0.8838942056608822,0.12850740917720638,1.0,0.45,1.2
44,QT-APP without adaptation,3,Normal,0.30286704256275643,104.77251251957532,3,0.11481657377759014,60.64368571209925,0.8734331584103782,0.1557074385583517,1.0,0.45,1.2
44,QT-APP without adaptation,4,Normal,0.30914356069554155,103.8201867076634,3,0.09877679413684748,58.76396508796788,0.8713486415649502,0.1679992700066126,1.0,0.45,1.2
44,QT-APP without adaptation,5,Normal,0.3200932771971062,101.34540013613531,3,0.10564011968289833,58.54610565984564,0.8763384918298565,0.17517378106020584,1.0,0.45,1.2
44,QT-APP without adaptation,6,Normal,0.3842243754833553,107.4871220810773,4,0.19525196267683587,54.43984446279559,0.8969198474331954,0.3091006123790134,0.385082932928251,0.45,1.2
44,QT-APP without adaptation,7,Normal,0.3228536896816856,101.54208611178726,3,0.10992095446967964,60.38960143050006,0.8764646158584867,0.15005002586625873,1.0,0.45,1.2
44,QT-APP without adaptation,8,Normal,0.3242452889079717,54.48285288070558,3,0.07704680943806419,52.466330280156456,0.8852731965137687,0.3007486493908064,1.0,0.45,1.2
44,QT-APP without adaptation,9,Normal,0.3139920248876541,128.4471282198145,4,0.20323981691038395,69.6081862507574,0.8602109345977872,0.107454009653835,1.0,0.45,1.2
44,QT-APP without adaptation,10,Congestion,0.357822753750587,147.48544255660798,4,0.2828171817810725,37.48873970182619,0.8563768610284765,0.4825807593380035,0.6855339584876946,0.45,1.2
44,QT-APP without adaptation,11,Congestion,0.38422299500537005,221.10421914897614,4,0.3041824622387246,20.325302157009727,0.7262685571395546,0.6223888166371783,0.4463515572772344,0.45,1.2
44,QT-APP without adaptation,12,Congestion,0.48512046936574327,222.49383917058532,4,0.4790048474392774,17.7256041627163,0.7494631051836653,0.9629980914937545,0.19490380977519864,0.45,1.2
44,QT-APP without adaptation,13,Congestion,0.4146851358524428,309.86848343322873,4,0.5584133167717036,13.679310371981924,0.6441132337878078,0.9167311608482029,0.589339983948916,0.45,1.2
44,QT-APP without adaptation,14,Congestion,0.4590580644684166,166.28343288013667,3,0.433922310627598,7.6941228455875015,0.6007961802774725,1.0,0.3750910272818804,0.45,1.2
44,QT-APP without adaptation,15,Post-congestion,0.42310927882331884,327.94153572227003,4,0.6147670507377526,7.370961117779992,0.6314334111405,0.9808211732143819,0.2722978144088591,0.45,1.2
44,QT-APP without adaptation,16,Post-congestion,0.466982838443278,327.7244075379188,4,0.6074908275530647,7.502067885223891,0.6348301740458747,0.9801302606112224,0.2803187192505258,0.45,1.2
44,QT-APP without adaptation,17,Post-congestion,0.4206380978979416,165.56391080476268,3,0.4208650808200286,7.808059001321354,0.6047004158414319,0.9796306407073639,0.4768133529028154,0.45,1.2
44,QT-APP without adaptation,18,Post-congestion,0.5429531846923983,343.0147993027408,3,0.4635885232403323,8.27243862523249,0.5711102800645468,0.982038902099827,0.11970199196106143,0.45,1.2
44,QT-APP without adaptation,19,Post-congestion,0.47593644576880845,393.6603376121252,4,0.5977847380708343,9.529041863223053,0.6029711938576496,0.9629219122680783,0.258566140826696,0.45,1.2
44,QT-APP without adaptation,20,Recovery,0.36542367877755094,143.68503073649813,3,0.39014006300572146,9.415548537299623,0.6485001620962575,0.8842001784507527,0.6384738349168881,0.45,1.2
44,QT-APP without adaptation,21,Recovery,0.3638927406368621,124.96679335953138,3,0.3610989338881837,10.914576314581609,0.6794392744642713,0.7502051425656892,0.6254971158915898,0.45,1.2
44,QT-APP without adaptation,22,Recovery,0.45867925834907536,231.60232588227086,3,0.34392886413086887,14.564919074828646,0.6740299764366456,0.6747647096428521,0.6131936351249249,0.45,1.2
44,QT-APP without adaptation,23,Stable,0.44823004615271944,244.02981788075408,4,0.40762625258705587,10.259778390847426,0.6827840020892407,0.6621455458621774,0.36494948292309776,0.45,1.2
44,QT-APP without adaptation,24,Stable,0.3498902161779167,112.94481319846933,3,0.31243481810163276,12.13558070061129,0.6884872657194235,0.6406201323380599,1.0,0.45,1.2
44,QT-APP without adaptation,25,Stable,0.42278260258113964,218.16172434271937,3,0.33531065597365073,14.262379658883939,0.6617883936483305,0.647365359519,0.6566955092144968,0.45,1.2
44,QT-APP without adaptation,26,Stable,0.35689740328542036,114.39688303970772,3,0.2957962511937331,12.060199107484868,0.6769421019876427,0.6332554231598306,1.0,0.45,1.2
44,QT-APP without adaptation,27,Stable,0.4295372783793058,245.95355875889953,4,0.5012527738226308,16.923346211256284,0.6888361130204832,0.6732459686524176,0.5042705243374468,0.45,1.2
44,QT-APP without adaptation,28,Stable,0.42955286008651217,250.45910907657742,4,0.48281710816003276,17.02620647547008,0.6865153465514703,0.6741512566295916,0.5359652726907193,0.45,1.2
44,QT-APP without adaptation,29,Stable,0.39064146732288024,115.73646642960492,3,0.2831438927372375,12.285321535682229,0.68587263400632,0.6895881538792108,1.0,0.45,1.2
44,QT-APP without adaptation,30,Stable,0.4868644938576767,219.32403775048235,3,0.4468064520124464,11.354340309175905,0.7332969239964818,0.7055833026080501,0.237640729545424,0.45,1.2
44,QT-APP without adaptation,31,Stable,0.441003356616047,219.20745457133768,3,0.354017354603663,14.06233385543211,0.6673810021941052,0.6733551029931294,0.7016177915839318,0.45,1.2
44,QT-APP without adaptation,32,Stable,0.34791702128145446,112.56207633117351,3,0.2736302206209461,12.158329262272668,0.6785096006802367,0.6658582130857271,1.0,0.45,1.2
44,QT-APP without adaptation,33,Stable,0.39743231296340187,234.8996926160957,4,0.4910208593274391,17.012680300415223,0.6824592110815184,0.6642356178609523,0.6209074829842284,0.45,1.2
44,QT-APP without adaptation,34,Stable,0.47507692385389677,169.04497752987646,3,0.42143807264015865,8.784939508358578,0.6080197808219016,0.6499299539918596,0.3673854397092958,0.45,1.2
44,QT-APP without adaptation,35,Stable,0.393661432821447,215.83046050110607,4,0.4119937508510052,11.206153781470162,0.7525767573719748,0.7140326801236512,0.9334209638912897,0.45,1.2
44,QT-APP without adaptation,36,Stable,0.40447027945818176,216.12181318444695,4,0.4046373410280517,11.164950488912982,0.7493027689552461,0.7178243409209589,0.7036609577635003,0.45,1.2
44,QT-APP without adaptation,37,Stable,0.3830147942073764,241.6401389261288,4,0.5010594408063459,17.14684145008337,0.6904385253800667,0.6243473130529307,0.5307765660978577,0.45,1.2
44,QT-APP without adaptation,38,Stable,0.4564313748341706,209.88995326802115,3,0.43105224776705353,11.105133613657474,0.716529249909998,0.6545126950452724,0.3347882051861781,0.45,1.2
44,QT-APP without adaptation,39,Stable,0.38078810798665874,232.65300409225318,4,0.4961701088283067,17.209644654565707,0.6964245744922661,0.6516647359428703,0.5051157056166143,0.45,1.2
44,QT-APP without tunneling,0,Normal,0.3248489606857753,141.51969040452857,4,0.15946576965329395,57.017573610858186,0.9078518802579433,0.23060410981409504,1.0,0.47,1.19
44,QT-APP without tunneling,1,Normal,0.4481001353506167,110.96137062408438,3,0.1606335882854214,45.227185447299924,0.8232185771039805,0.2878399692437565,1.0,0.51,1.16
44,QT-APP without tunneling,2,Normal,0.27774930993541896,103.11350204668538,3,0.12310147821408723,62.05503824098569,0.8838942056608822,0.12850740917720638,1.0,0.53,1.15
44,QT-APP without tunneling,3,Normal,0.28647206691649907,126.56495148872135,4,0.19001458528118575,68.71124186508969,0.8555875166663566,0.12573059070164683,1.0,0.5700000000000001,1.1199999999999999
44,QT-APP without tunneling,4,Normal,0.30914356069554155,103.8201867076634,3,0.09877679413684748,58.76396508796788,0.8713486415649502,0.1679992700066126,1.0,0.6400000000000001,1.0699999999999998
44,QT-APP without tunneling,5,Normal,0.44170981008981247,100.42075598170743,3,0.1496030090754552,43.804112563831154,0.8169699899262115,0.2864181862188493,1.0,0.7100000000000002,1.0199999999999998
44,QT-APP without tunneling,6,Normal,0.4860264897812323,125.57680258937592,3,0.20052606930999428,52.531807153385536,0.8781960918684023,0.33474476635574923,1.0,0.7500000000000002,0.9899999999999998
44,QT-APP without tunneling,7,Normal,0.29346979223202374,126.09615213719127,4,0.1734405028352508,68.52931498845336,0.8572490641060133,0.08889333664331393,1.0,0.7700000000000002,0.9799999999999998
44,QT-APP without tunneling,8,Normal,0.3336501014239093,103.4999804973167,3,0.12378292591422124,59.774318369229064,0.8811788349595412,0.16046821047329451,1.0,0.8100000000000003,0.9499999999999997
44,QT-APP without tunneling,9,Normal,0.4941175022877707,120.48194442514318,3,0.2206178715942052,53.00080048620409,0.8743902012928396,0.3276632060126332,1.0,0.8800000000000003,0.8999999999999997
44,QT-APP without tunneling,10,Congestion,0.39921367712179046,134.21724253035484,4,0.3252931634841969,36.06572501529888,0.8479513595916958,0.5522787300840322,1.0,0.8700000000000003,0.9099999999999997
44,QT-APP without tunneling,11,Congestion,0.38422299500537005,221.10421914897614,4,0.3041824622387246,20.325302157009727,0.7262685571395546,0.6223888166371783,1.0,0.8600000000000003,0.9199999999999997
44,QT-APP without tunneling,12,Congestion,0.48512046936574327,222.49383917058532,4,0.4790048474392774,17.7256041627163,0.7494631051836653,0.9629980914937545,1.0,0.9300000000000004,0.8699999999999997
44,QT-APP without tunneling,13,Congestion,0.4146851358524428,309.86848343322873,4,0.5584133167717036,13.679310371981924,0.6441132337878078,0.9167311608482029,1.0,0.9200000000000004,0.8799999999999997
44,QT-APP without tunneling,14,Congestion,0.4590580644684166,166.28343288013667,3,0.433922310627598,7.6941228455875015,0.6007961802774725,1.0,1.0,0.9600000000000004,0.8499999999999996
44,QT-APP without tunneling,15,Post-congestion,0.42310927882331884,327.94153572227003,4,0.6147670507377526,7.370961117779992,0.6314334111405,0.9808211732143819,1.0,0.9500000000000004,0.8599999999999997
44,QT-APP without tunneling,16,Post-congestion,0.5102597053111818,365.9870644966775,4,0.5699220292223088,7.1370408377538315,0.6339226649184526,0.9957284665209838,1.0,1.0,0.8099999999999996
44,QT-APP without tunneling,17,Post-congestion,0.5885877309910929,268.38177205214754,3,0.5387656259187763,4.634050450906433,0.5244260858491977,0.971288318787629,1.0,1.0,0.7799999999999996
44,QT-APP without tunneling,18,Post-congestion,0.5962174798204881,329.70373312780544,3,0.5653441745336526,7.048698944770219,0.5986497549686955,0.986320359337508,1.0,1.0,0.7499999999999996
44,QT-APP without tunneling,19,Post-congestion,0.5228787465369417,371.8772156883059,4,0.5639597285282556,6.92525217494648,0.6343967128091008,0.9935609718420371,1.0,1.0,0.7399999999999995
44,QT-APP without tunneling,20,Recovery,0.36542367877755094,143.68503073649813,3,0.39014006300572146,9.415548537299623,0.6485001620962575,0.8842001784507527,1.0,1.0,0.7299999999999995
44,QT-APP without tunneling,21,Recovery,0.5661645765546153,197.95203856012176,3,0.4814280334605351,6.638521095010996,0.5853923177611716,0.7860304327736444,1.0,1.0,0.6799999999999995
44,QT-APP without tunneling,22,Recovery,0.45867925834907536,231.60232588227086,3,0.34392886413086887,14.564919074828646,0.6740299764366456,0.6747647096428521,1.0,0.99,0.6899999999999995
44,QT-APP without tunneling,23,Stable,0.44823004615271944,244.02981788075408,4,0.40762625258705587,10.259778390847426,0.6827840020892407,0.6621455458621774,1.0,0.98,0.6999999999999995
44,QT-APP without tunneling,24,Stable,0.3498902161779167,112.94481319846933,3,0.31243481810163276,12.13558070061129,0.6884872657194235,0.6406201323380599,1.0,1.0,0.6899999999999995
44,QT-APP without tunneling,25,Stable,0.5037366769558025,219.96984268286712,3,0.4736339866544582,11.345067361226944,0.7305192427263485,0.7041076281126272,1.0,1.0,0.6399999999999995
44,QT-APP without tunneling,26,Stable,0.35689740328542036,114.39688303970772,3,0.2957962511937331,12.060199107484868,0.6769421019876427,0.6332554231598306,1.0,0.99,0.6499999999999995
44,QT-APP without tunneling,27,Stable,0.4295372783793058,245.95355875889953,4,0.5012527738226308,16.923346211256284,0.6888361130204832,0.6732459686524176,1.0,1.0,0.6199999999999994
44,QT-APP without tunneling,28,Stable,0.42955286008651217,250.45910907657742,4,0.48281710816003276,17.02620647547008,0.6865153465514703,0.6741512566295916,1.0,1.0,0.5899999999999994
44,QT-APP without tunneling,29,Stable,0.39064146732288024,115.73646642960492,3,0.2831438927372375,12.285321535682229,0.68587263400632,0.6895881538792108,1.0,1.0,0.5799999999999994
44,QT-APP without tunneling,30,Stable,0.4868644938576767,219.32403775048235,3,0.4468064520124464,11.354340309175905,0.7332969239964818,0.7055833026080501,1.0,1.0,0.5299999999999994
44,QT-APP without tunneling,31,Stable,0.441003356616047,219.20745457133768,3,0.354017354603663,14.06233385543211,0.6673810021941052,0.6733551029931294,1.0,0.99,0.5399999999999994
44,QT-APP without tunneling,32,Stable,0.34791702128145446,112.56207633117351,3,0.2736302206209461,12.158329262272668,0.6785096006802367,0.6658582130857271,1.0,1.0,0.5299999999999994
44,QT-APP without tunneling,33,Stable,0.39743231296340187,234.8996926160957,4,0.4910208593274391,17.012680300415223,0.6824592110815184,0.6642356178609523,1.0,1.0,0.49999999999999933
44,QT-APP without tunneling,34,Stable,0.4378057459771654,214.89033126507255,3,0.3569515206461218,14.025592085792615,0.6604012491346777,0.6774224635399827,1.0,1.0,0.4699999999999993
44,QT-APP without tunneling,35,Stable,0.40016077599703354,224.567318165804,4,0.4875204191083813,11.230158880138251,0.725614167520428,0.6405386656958967,1.0,0.99,0.4799999999999993
44,QT-APP without tunneling,36,Stable,0.4127696431092161,220.75151932104703,4,0.4946350736604703,11.200926872966601,0.722937783418013,0.6370211841611151,1.0,1.0,0.4499999999999993
44,QT-APP without tunneling,37,Stable,0.41227318793741274,237.35164149461423,4,0.4208568283063622,11.400237959361029,0.6726568079131344,0.641443941461162,1.0,0.99,0.4599999999999993
44,QT-APP without tunneling,38,Stable,0.4622506927038776,210.54061750874916,3,0.37685160153754316,13.667997911437974,0.6669840911354403,0.7075423597418175,1.0,1.0,0.40999999999999925
44,QT-APP without tunneling,39,Stable,0.40999870073643285,229.48498660416158,4,0.42595919236444024,11.69464525863406,0.6793146804803223,0.665999256379517,1.0,1.0,0.39999999999999925
45,Dijkstra,0,Normal,0.4892355267700135,36.91766957668216,1,0.09426162072943267,70.58553837027422,0.9507882752371543,0.4919661033042525,0.0,0.45,1.2
45,Dijkstra,1,Normal,0.4658018516641835,37.790457958362104,1,0.09104241485825726,69.63701089560443,0.9622002373296742,0.4312901913142862,0.0,0.45,1.2
45,Dijkstra,2,Normal,0.44761121149462646,37.742531116936306,1,0.0808794652878333,66.98029385414328,0.9669171292509627,0.40379999530466487,0.0,0.45,1.2
45,Dijkstra,3,Normal,0.4505321893881836,37.41181995977512,1,0.08306940716584899,65.72944520942977,0.9683954548315269,0.42150436310213146,0.0,0.45,1.2
45,Dijkstra,4,Normal,0.4360425969061662,37.68792293382723,1,0.07746197783501119,65.78032945247516,0.9754928071090625,0.4153063872700299,0.0,0.45,1.2
45,Dijkstra,5,Normal,0.44207768635219874,38.93321127881733,1,0.06324607379442593,63.355395146310656,0.9839965201947103,0.4830443526426999,0.0,0.45,1.2
45,Dijkstra,6,Normal,0.4855715719189912,39.523041460006276,1,0.07601106265344137,61.20600050394654,0.9866761668608621,0.5356202260199892,0.0,0.45,1.2
45,Dijkstra,7,Normal,0.48367898438780776,38.16954285899253,1,0.08182495567142245,62.24061647426945,0.9886292971995427,0.5479219288364612,0.0,0.45,1.2
45,Dijkstra,8,Normal,0.48581705039232126,36.66742004913935,1,0.08376118810749977,62.55224162724382,0.9789104729484412,0.5408837651411543,0.0,0.45,1.2
45,Dijkstra,9,Normal,0.46279305969265305,37.460616759065914,1,0.07958770643750424,64.86204001837191,0.980055469513477,0.515915552662072,0.0,0.45,1.2
45,Dijkstra,10,Congestion,0.44602601466408814,44.517839824982055,1,0.11413106993689504,43.95081527643744,0.8972944034522875,0.7031277661068664,0.0,0.45,1.2
45,Dijkstra,11,Congestion,0.5232562640029121,54.29928542778407,1,0.15044003712485887,27.21225931809197,0.8499994491326395,0.9592954796142004,0.0,0.45,1.2
45,Dijkstra,12,Congestion,0.5513372782064877,67.55190570458018,1,0.19411683918860867,17.498213406849686,0.7865593595277418,1.0,0.0,0.45,1.2
45,Dijkstra,13,Congestion,0.5928783963086637,88.50684650717545,1,0.22510061996763486,11.198643532031571,0.7252215978014582,1.0,0.0,0.45,1.2
45,Dijkstra,14,Congestion,0.5895520652249123,103.32732399685383,1,0.23319805623687118,8.657610515537545,0.6584087782422369,1.0,0.0,0.45,1.2
45,Dijkstra,15,Post-congestion,0.5811186047799771,103.62366032265322,1,0.22283436452337324,8.744074830901384,0.6595570440933474,1.0,0.0,0.45,1.2
45,Dijkstra,16,Post-congestion,0.5398460568350248,107.51628607948317,1,0.2211953253912462,8.766477485990297,0.6567021490497945,0.9711884314255055,0.0,0.45,1.2
45,Dijkstra,17,Post-congestion,0.4803032488996356,105.82511182096232,1,0.21812498634127753,8.702873935968105,0.656566432738009,0.923821545905877,0.0,0.45,1.2
45,Dijkstra,18,Post-congestion,0.5101668516249342,107.0683025191883,1,0.20990193501981813,8.525744868258595,0.6733450752915509,0.9415834677675881,0.0,0.45,1.2
45,Dijkstra,19,Post-congestion,0.5500519976819482,107.2453896769337,1,0.21691304265497835,8.77125397135289,0.6613743204341437,0.9664012426140035,0.0,0.45,1.2
45,Dijkstra,20,Recovery,0.4495123713864268,92.40319755776301,1,0.18594693934870088,10.838104329499963,0.7030397132192945,0.8216944662441363,0.0,0.45,1.2
45,Dijkstra,21,Recovery,0.43875371896908494,78.86213380651331,1,0.16854680135158628,12.935137187463623,0.7418533282961011,0.6594817965248603,0.0,0.45,1.2
45,Dijkstra,22,Recovery,0.42997725763517064,68.7001657793052,1,0.14563728191442915,15.470258601580372,0.7566174619468117,0.5373135931796156,0.0,0.45,1.2
45,Dijkstra,23,Stable,0.4253266083590662,65.79785861706098,1,0.14560318707390396,15.038193411128185,0.7573263158935137,0.5564408802040711,0.0,0.45,1.2
45,Dijkstra,24,Stable,0.4215302488811116,68.40130946019316,1,0.14447736642682207,14.552610275852796,0.7676363355728155,0.5462153270855856,0.0,0.45,1.2
45,Dijkstra,25,Stable,0.4082202268862047,71.6523735601495,1,0.14315573955454297,14.235363412948779,0.7648322782880828,0.5135154759962198,0.0,0.45,1.2
45,Dijkstra,26,Stable,0.39518419187941706,71.05226482939148,1,0.15346854501431695,14.071069602910478,0.7665742526738568,0.4824550565129063,0.0,0.45,1.2
45,Dijkstra,27,Stable,0.39656405224332136,70.86762463863809,1,0.14870426600947872,14.369826382201259,0.7752884953311886,0.5191482475396203,0.0,0.45,1.2
45,Dijkstra,28,Stable,0.4007621913897965,69.3777901823912,1,0.14547290958715664,14.177048675498614,0.7673047301877401,0.5409175382061252,0.0,0.45,1.2
45,Dijkstra,29,Stable,0.39163947693070134,70.44378549093466,1,0.14556562741749135,14.43411620575223,0.7683564031730383,0.522632961495591,0.0,0.45,1.2
45,Dijkstra,30,Stable,0.3906308081542359,72.13698667926457,1,0.15084306175778828,14.42104068360022,0.7838456486544824,0.5178172864072991,0.0,0.45,1.2
45,Dijkstra,31,Stable,0.4226415686967822,72.81667103948553,1,0.1565566475288399,14.76540785783128,0.7718029919126381,0.5262622863145185,0.0,0.45,1.2
45,Dijkstra,32,Stable,0.4323382398911164,73.5849494460264,1,0.16098754842768925,15.09926919293478,0.7631805546619318,0.5439809536682343,0.0,0.45,1.2
45,Dijkstra,33,Stable,0.4311822438824508,74.13481404771292,1,0.1644115329687288,14.56305559975586,0.7503691949332009,0.5366648240785431,0.0,0.45,1.2
45,Dijkstra,34,Stable,0.4517005955860876,75.8737569240329,1,0.16293335755835214,14.200639277430755,0.7626815376275846,0.5755960020855948,0.0,0.45,1.2
45,Dijkstra,35,Stable,0.4444319097336198,72.87993963212777,1,0.15906818037908965,13.998231611575381,0.7646210101393365,0.565046177386949,0.0,0.45,1.2
45,Dijkstra,36,Stable,0.4372246269381739,73.47906769863175,1,0.1529366854566726,13.738441240776819,0.7683630669293169,0.5590442976017684,0.0,0.45,1.2
45,Dijkstra,37,Stable,0.4196449730827509,69.93379854613259,1,0.1508999978322909,14.061630266865862,0.7721274291605912,0.5573540644490058,0.0,0.45,1.2
45,Dijkstra,38,Stable,0.4179402174877027,68.16032989260326,1,0.14550425118357357,13.708713726086623,0.7712639731572691,0.6047459470993596,0.0,0.45,1.2
45,Dijkstra,39,Stable,0.4260310433995437,69.59855106183909,1,0.15287948148162855,13.246554170457326,0.7608374054305738,0.5891841902127289,0.0,0.45,1.2
45,QT-APP,0,Normal,0.4223958292946227,130.54597608352927,4,0.21464333414592163,57.64994872474507,0.8736675113437258,0.32170381268629294,0.27711357667198666,0.47,1.19
45,QT-APP,1,Normal,0.5249614742103497,104.36427453139211,3,0.16258727267362538,49.66017060297184,0.8527778019645949,0.48006314470222183,0.22497115262159562,0.54,1.14
45,QT-APP,2,Normal,0.5418664513198436,103.97295034363114,3,0.16300542685313324,48.955374888860085,0.7805010310657572,0.38908921787105305,0.3259724663039653,0.5800000000000001,1.1099999999999999
45,QT-APP,3,Normal,0.4504659526060633,116.72824157173147,4,0.2209537364254177,70.19917177773553,0.8510675020732172,0.4195522888045693,0.5994885547648543,0.6000000000000001,1.0999999999999999
45,QT-APP,4,Normal,0.35119278607282595,155.79612107892734,4,0.18340538403921403,65.77137555612167,0.8879211383511799,0.2005890680662888,1.0,0.6200000000000001,1.0899999999999999
45,QT-APP,5,Normal,0.437207180354531,115.04315892551658,4,0.20678774510658637,68.92295957760493,0.8427284459136127,0.40179819245582105,0.8903293649923163,0.6600000000000001,1.0599999999999998
45,QT-APP,6,Normal,0.5107388913230684,103.77438253026331,3,0.1364845853327551,49.27718998943981,0.8445653818769863,0.4650012628783826,1.0,0.7000000000000002,1.0299999999999998
45,QT-APP,7,Normal,0.44652850313491765,117.79842416737016,4,0.20504531803234638,69.9432420159202,0.8433349580773367,0.4026401389074312,1.0,0.6900000000000002,1.0399999999999998
45,QT-APP,8,Normal,0.4727308876100016,38.25122083739919,1,0.09761817480066737,74.96872983952575,0.9327169943205175,0.3962390271931188,1.0,0.7300000000000002,1.0099999999999998
45,QT-APP,9,Normal,0.5152050618279307,108.45897944949212,3,0.14722657126952032,52.09867835683897,0.8418958758047341,0.46947206293718696,1.0,0.8000000000000003,0.9599999999999997
45,QT-APP,10,Congestion,0.49275462616272686,204.45956102945976,3,0.26097398207705325,40.78538762505111,0.7743303207911758,0.42811094105411723,1.0,0.7900000000000003,0.9699999999999998
45,QT-APP,11,Congestion,0.565320461053866,245.79194339634842,3,0.32000342031337725,32.79010962934722,0.6867778887078294,0.7643445324602242,1.0,0.8600000000000003,0.9199999999999997
45,QT-APP,12,Congestion,0.6358987617029533,216.15458231300542,3,0.35850616380802214,12.24857358281468,0.592438405849946,0.9429842174346496,1.0,0.9000000000000004,0.8899999999999997
45,QT-APP,13,Congestion,0.7657384000992284,242.1608268899065,2,0.3930841486094704,9.635963832170809,0.5574986650707163,1.0,1.0,0.9700000000000004,0.8399999999999996
45,QT-APP,14,Congestion,0.6998097626593234,323.9622568224691,3,0.491359080376919,6.0549093198025,0.49873630725250234,1.0,1.0,0.9600000000000004,0.8499999999999996
45,QT-APP,15,Post-congestion,0.5438794488067283,349.17351863384795,4,0.5475229935634817,11.723906995683517,0.6009948141204718,0.9997734811809675,1.0,0.9800000000000004,0.8399999999999996
45,QT-APP,16,Post-congestion,0.5187035427884515,333.63974878444344,5,0.7020691330574076,6.210558185944318,0.5900288921799832,0.9808754688709721,1.0,0.9700000000000004,0.8499999999999996
45,QT-APP,17,Post-congestion,0.5413688284034914,341.65709303643666,4,0.5484771907664556,11.602336299995885,0.6027014166988816,0.9997254404160184,1.0,1.0,0.8199999999999996
45,QT-APP,18,Post-congestion,0.5402818274222232,348.7716755527274,4,0.5511703278434672,11.584377318633095,0.6078140636440728,0.9992044641094168,1.0,0.99,0.8299999999999996
45,QT-APP,19,Post-congestion,0.6754730854384646,327.22774881470696,3,0.46094521790324483,6.025800871939913,0.5063441456695338,1.0,1.0,1.0,0.7799999999999996
45,QT-APP,20,Recovery,0.31369684001198317,77.27574593217624,1,0.13689025030592195,15.384566326504572,0.6760531859747058,0.8093227733597539,1.0,1.0,0.7699999999999996
45,QT-APP,21,Recovery,0.31538851761788866,73.53444125140697,1,0.11938965469493057,17.241129933789566,0.705210308574084,0.7108491287130663,1.0,1.0,0.7399999999999995
45,QT-APP,22,Recovery,0.500126563324704,194.15973024014104,3,0.33791757454496485,10.314074917973151,0.6168929683357228,0.6607034167651664,1.0,1.0,0.6899999999999995
45,QT-APP,23,Stable,0.613303022660313,284.02203738962544,3,0.41051483282066137,13.304797051746839,0.6271076381794827,0.7284997614399287,1.0,1.0,0.6599999999999995
45,QT-APP,24,Stable,0.459259114544742,195.12447918962286,5,0.6128771143915752,10.169779525786542,0.7001246320828949,0.6747699271996023,1.0,1.0,0.6499999999999995
45,QT-APP,25,Stable,0.3020090325174111,61.80150122628842,1,0.09116212079980823,20.390808369198517,0.7298248854398606,0.5585179491293295,1.0,1.0,0.6399999999999995
45,QT-APP,26,Stable,0.40474236397439495,229.57516874213655,4,0.4421750928770878,18.71959486730802,0.7054645909545354,0.6627979751053266,1.0,1.0,0.6099999999999994
45,QT-APP,27,Stable,0.5763022572637007,265.79658055635844,3,0.423627469659249,13.263062381171835,0.6253956306057856,0.7072005550821642,1.0,1.0,0.5599999999999994
45,QT-APP,28,Stable,0.40530219865776185,241.45031090790513,4,0.43533438597194507,18.63834191808667,0.6934080258374196,0.6833611576959764,1.0,0.99,0.5699999999999994
45,QT-APP,29,Stable,0.42106539865480014,246.2830086620305,4,0.42330829241517876,18.915366764087523,0.6883690937196129,0.698955296776034,1.0,1.0,0.5399999999999994
45,QT-APP,30,Stable,0.5095179985037073,215.33563142863113,4,0.4959396155874113,10.931930620558827,0.6966842024287506,0.7716269978133818,1.0,1.0,0.4899999999999993
45,QT-APP,31,Stable,0.44014552167857623,254.03834799851137,4,0.4204422309518985,19.443425868578867,0.6815954819924297,0.6974756467700759,1.0,0.99,0.49999999999999933
45,QT-APP,32,Stable,0.45690058190579047,208.60839000949133,5,0.5755617512787932,10.48625941145556,0.7013072590652998,0.7214638349375505,1.0,1.0,0.4699999999999993
45,QT-APP,33,Stable,0.4826731853157259,222.09161407795608,4,0.47491239723866363,11.381437547112903,0.6920236468752357,0.7534490958398958,1.0,1.0,0.41999999999999926
45,QT-APP,34,Stable,0.4896982641722545,187.74258938827458,3,0.4032986497221368,10.24274533155617,0.7017576502572225,0.729764671858172,1.0,1.0,0.38999999999999924
45,QT-APP,35,Stable,0.45248063597180366,209.76116512844828,5,0.5769305732202594,10.607703319301624,0.6980916936964148,0.7232923146906677,1.0,1.0,0.3799999999999992
45,QT-APP,36,Stable,0.5639558519718485,270.25290216819553,3,0.44367946472675657,14.13667307512798,0.612930297105681,0.694394332945827,1.0,1.0,0.3299999999999992
45,QT-APP,37,Stable,0.4248461315313635,249.1928335300469,4,0.38892837974034666,19.716134200920187,0.6856867148154779,0.7311554148369204,1.0,1.0,0.3199999999999992
45,QT-APP,38,Stable,0.5018653573185912,226.16559195511516,4,0.4754192849419203,11.126487204624237,0.6770757961510689,0.7757255870191064,1.0,1.0,0.28999999999999915
45,QT-APP,39,Stable,0.5022577512318547,219.0702610981647,4,0.473224691417793,11.01758860688717,0.6769247740025236,0.7914169388348583,1.0,1.0,0.2599999999999991
45,QT-APP without adaptation,0,Normal,0.4223958292946227,130.54597608352927,4,0.21464333414592163,57.64994872474507,0.8736675113437258,0.32170381268629294,0.27711357667198666,0.45,1.2
45,QT-APP without adaptation,1,Normal,0.5249614742103497,104.36427453139211,3,0.16258727267362538,49.66017060297184,0.8527778019645949,0.48006314470222183,0.19197518631041655,0.45,1.2
45,QT-APP without adaptation,2,Normal,0.5418664513198436,103.97295034363114,3,0.16300542685313324,48.955374888860085,0.7805010310657572,0.38908921787105305,0.15366583461223055,0.45,1.2
45,QT-APP without adaptation,3,Normal,0.3659377732133364,153.12569078070933,4,0.17814630215361305,63.95535066597346,0.8898415904240644,0.20759429822283926,0.4973422053567168,0.45,1.2
45,QT-APP without adaptation,4,Normal,0.35119278607282595,155.79612107892734,4,0.18340538403921403,65.77137555612167,0.8879211383511799,0.2005890680662888,0.4062261556671926,0.45,1.2
45,QT-APP without adaptation,5,Normal,0.34856576261379346,155.2066566185075,4,0.16764899206265693,65.9909495906411,0.8873789949192307,0.20144502703186262,0.5009703530969926,0.45,1.2
45,QT-APP without adaptation,6,Normal,0.45306001788384465,36.5983023435716,1,0.10177009844485074,71.37136275340232,0.9447807289412279,0.3900620062655334,0.8756736280912674,0.45,1.2
45,QT-APP without adaptation,7,Normal,0.49878338368749886,151.50370312082816,3,0.17153905986608964,60.48587902230472,0.8242878503866052,0.23687462810936302,0.13980993024165825,0.45,1.2
45,QT-APP without adaptation,8,Normal,0.4727308876100016,38.25122083739919,1,0.09761817480066737,74.96872983952575,0.9327169943205175,0.3962390271931188,0.6963921200248465,0.45,1.2
45,QT-APP without adaptation,9,Normal,0.4703584010302037,36.77086783018901,1,0.09818428141590696,76.26612027008005,0.9247271663272111,0.40814192300535745,0.7100365119680245,0.45,1.2
45,QT-APP without adaptation,10,Congestion,0.44317201924123173,146.4813028629767,4,0.28262092218350354,46.69659758056298,0.8057679586248483,0.6740243086460915,0.14674002350666504,0.45,1.2
45,QT-APP without adaptation,11,Congestion,0.565320461053866,245.79194339634842,3,0.32000342031337725,32.79010962934722,0.6867778887078294,0.7643445324602242,0.11263850715165398,0.45,1.2
45,QT-APP without adaptation,12,Congestion,0.6152305735229141,218.25473484594693,3,0.3769401233633124,12.507407178042984,0.6720328440504066,0.9680728894493251,0.059766387438546544,0.45,1.2
45,QT-APP without adaptation,13,Congestion,0.5567192248858484,84.88160511773707,1,0.17094176272250206,16.049797793670997,0.6854986010345359,1.0,0.4565624415145983,0.45,1.2
45,QT-APP without adaptation,14,Congestion,0.5478737832520505,99.09503568927148,1,0.17903919899173837,12.408011537583924,0.6186857814753145,1.0,0.4719723559455615,0.45,1.2
45,QT-APP without adaptation,15,Post-congestion,0.3154266346250839,99.28865572837108,1,0.18350674446606796,12.347430961790495,0.607466423106318,0.9651839550639556,1.0,0.45,1.2
45,QT-APP without adaptation,16,Post-congestion,0.5443722742427858,343.8598680350218,4,0.5556176943841893,11.666746596014065,0.5994929880016792,0.9988370479670228,0.10368223725680761,0.45,1.2
45,QT-APP without adaptation,17,Post-congestion,0.6040976793992323,320.32491712957494,3,0.5126677292125777,5.780467728158435,0.5947375237240519,0.9868102648893414,0.060467461613454274,0.45,1.2
45,QT-APP without adaptation,18,Post-congestion,0.650385696936333,261.2847168300016,2,0.4659034230010475,6.612855342662369,0.5307724892894576,0.9546335261519205,0.11870183694497437,0.45,1.2
45,QT-APP without adaptation,19,Post-congestion,0.4180209385129675,89.68810283747281,1,0.16785635361219942,12.450695655475478,0.634387793189555,0.9540295497296211,1.0,0.45,1.2
45,QT-APP without adaptation,20,Recovery,0.31369684001198317,77.27574593217624,1,0.13689025030592195,15.384566326504572,0.6760531859747058,0.8093227733597539,1.0,0.45,1.2
45,QT-APP without adaptation,21,Recovery,0.31538851761788866,73.53444125140697,1,0.11938965469493057,17.241129933789566,0.705210308574084,0.7108491287130663,1.0,0.45,1.2
45,QT-APP without adaptation,22,Recovery,0.3086734324835337,64.0589857339493,1,0.09648013525777344,20.620170841146944,0.7199744422247946,0.5886809253678216,1.0,0.45,1.2
45,QT-APP without adaptation,23,Stable,0.4472857649672857,197.69573295345367,5,0.6082898552858967,10.069337680253177,0.7016664543325098,0.6653481658985723,0.17184751582264934,0.45,1.2
45,QT-APP without adaptation,24,Stable,0.3998539581896415,225.20561517192778,4,0.44073838306612767,19.08301798660345,0.7075590654345216,0.653921870328859,0.41642319507018527,0.45,1.2
45,QT-APP without adaptation,25,Stable,0.3020090325174111,61.80150122628842,1,0.09116212079980823,20.390808369198517,0.7298248854398606,0.5585179491293295,1.0,0.45,1.2
45,QT-APP without adaptation,26,Stable,0.5037163324591402,195.5112109912194,3,0.358589057707455,10.228713370012064,0.6188077335285075,0.6481950726967213,0.1958825764931366,0.45,1.2
45,QT-APP without adaptation,27,Stable,0.3975661855516539,235.33271408238338,4,0.4330336821345262,19.043673035458347,0.7029617702448192,0.6557802078058187,0.4643424343030716,0.45,1.2
45,QT-APP without adaptation,28,Stable,0.5173584298931994,196.85836513118235,3,0.4154069583597413,9.868968281198304,0.7085427267523704,0.7704855433704365,0.16029344896495804,0.45,1.2
45,QT-APP without adaptation,29,Stable,0.5575746678990591,171.20573056341584,2,0.33556625202914403,10.98802012795503,0.6425026317133467,0.6595970375531275,0.2587221601446987,0.45,1.2
45,QT-APP without adaptation,30,Stable,0.4337613726402075,249.69188313928956,4,0.4234848473745063,19.258624619589863,0.6883796070632479,0.7046267836621551,0.2866011835428787,0.45,1.2
45,QT-APP without adaptation,31,Stable,0.5796061454133867,176.0404263974062,2,0.34147201697563767,10.916415518044554,0.6327230339307057,0.6597344658210502,0.19678337453153844,0.45,1.2
45,QT-APP without adaptation,32,Stable,0.4970770202301157,214.58961541538932,4,0.4926537737015436,11.147446540540292,0.6918469379486121,0.7654616296873205,0.14287855952318443,0.45,1.2
45,QT-APP without adaptation,33,Stable,0.49148149034566657,190.0520173055122,3,0.3934679901643302,10.266402796951121,0.700896715191892,0.7304777839190487,0.25240628497143297,0.45,1.2
45,QT-APP without adaptation,34,Stable,0.40660997767039325,62.51716138888352,1,0.12863077685427637,20.096356181302035,0.7419974023431795,0.7488269921182934,1.0,0.45,1.2
45,QT-APP without adaptation,35,Stable,0.5596671705240063,277.0011616784824,3,0.4418446902427051,14.029614504802616,0.6084142657952379,0.6727650077341766,0.10456040801428855,0.45,1.2
45,QT-APP without adaptation,36,Stable,0.49336189975536104,224.82852550469156,4,0.4734347166677788,11.074153275931128,0.6802271293326846,0.7593575880673483,0.15036150903623366,0.45,1.2
45,QT-APP without adaptation,37,Stable,0.5146106220461882,186.74971436208583,3,0.40154860316516383,9.962294495588816,0.6912231469042416,0.7507522284691257,0.16304936526847433,0.45,1.2
45,QT-APP without adaptation,38,Stable,0.4377363015952727,258.72785919821825,4,0.39663855544378934,19.689712793956023,0.67720678122219,0.7467976149079358,0.2585673470835914,0.45,1.2
45,QT-APP without adaptation,39,Stable,0.516811063628395,193.4929159040724,3,0.4071995426577969,9.67671069561188,0.6969379935080978,0.7619130870494959,0.15917589445325725,0.45,1.2
45,QT-APP without tunneling,0,Normal,0.4223958292946227,130.54597608352927,4,0.21464333414592163,57.64994872474507,0.8736675113437258,0.32170381268629294,1.0,0.47,1.19
45,QT-APP without tunneling,1,Normal,0.5503693415411949,105.14369412178249,3,0.16455319048761485,49.22737410842242,0.7735830733698782,0.4075971170710428,1.0,0.54,1.14
45,QT-APP without tunneling,2,Normal,0.5418664513198436,103.97295034363114,3,0.16300542685313324,48.955374888860085,0.7805010310657572,0.38908921787105305,1.0,0.53,1.15
45,QT-APP without tunneling,3,Normal,0.4504659526060633,116.72824157173147,4,0.2209537364254177,70.19917177773553,0.8510675020732172,0.4195522888045693,1.0,0.55,1.14
45,QT-APP without tunneling,4,Normal,0.35119278607282595,155.79612107892734,4,0.18340538403921403,65.77137555612167,0.8879211383511799,0.2005890680662888,1.0,0.5700000000000001,1.13
45,QT-APP without tunneling,5,Normal,0.437207180354531,115.04315892551658,4,0.20678774510658637,68.92295957760493,0.8427284459136127,0.40179819245582105,1.0,0.6100000000000001,1.0999999999999999
45,QT-APP without tunneling,6,Normal,0.5107388913230684,103.77438253026331,3,0.1364845853327551,49.27718998943981,0.8445653818769863,0.4650012628783826,1.0,0.6500000000000001,1.0699999999999998
45,QT-APP without tunneling,7,Normal,0.44652850313491765,117.79842416737016,4,0.20504531803234638,69.9432420159202,0.8433349580773367,0.4026401389074312,1.0,0.6400000000000001,1.0799999999999998
45,QT-APP without tunneling,8,Normal,0.678107089767032,108.81066452726245,2,0.14416065267544953,38.06283466898462,0.7965855441162863,0.4705211424729416,1.0,0.7100000000000002,1.0299999999999998
45,QT-APP without tunneling,9,Normal,0.5152050618279307,108.45897944949212,3,0.14722657126952032,52.09867835683897,0.8418958758047341,0.46947206293718696,1.0,0.7000000000000002,1.0399999999999998
45,QT-APP without tunneling,10,Congestion,0.49275462616272686,204.45956102945976,3,0.26097398207705325,40.78538762505111,0.7743303207911758,0.42811094105411723,1.0,0.6900000000000002,1.0499999999999998
45,QT-APP without tunneling,11,Congestion,0.565320461053866,245.79194339634842,3,0.32000342031337725,32.79010962934722,0.6867778887078294,0.7643445324602242,1.0,0.7600000000000002,0.9999999999999998
45,QT-APP without tunneling,12,Congestion,0.6358987617029533,216.15458231300542,3,0.35850616380802214,12.24857358281468,0.592438405849946,0.9429842174346496,1.0,0.8000000000000003,0.9699999999999998
45,QT-APP without tunneling,13,Congestion,0.7657384000992284,242.1608268899065,2,0.3930841486094704,9.635963832170809,0.5574986650707163,1.0,1.0,0.8700000000000003,0.9199999999999997
45,QT-APP without tunneling,14,Congestion,0.6998097626593234,323.9622568224691,3,0.491359080376919,6.0549093198025,0.49873630725250234,1.0,1.0,0.8600000000000003,0.9299999999999997
45,QT-APP without tunneling,15,Post-congestion,0.5438794488067283,349.17351863384795,4,0.5475229935634817,11.723906995683517,0.6009948141204718,0.9997734811809675,1.0,0.8800000000000003,0.9199999999999997
45,QT-APP without tunneling,16,Post-congestion,0.5187035427884515,333.63974878444344,5,0.7020691330574076,6.210558185944318,0.5900288921799832,0.9808754688709721,1.0,0.8700000000000003,0.9299999999999997
45,QT-APP without tunneling,17,Post-congestion,0.5413688284034914,341.65709303643666,4,0.5484771907664556,11.602336299995885,0.6027014166988816,0.9997254404160184,1.0,0.9100000000000004,0.8999999999999997
45,QT-APP without tunneling,18,Post-congestion,0.5402818274222232,348.7716755527274,4,0.5511703278434672,11.584377318633095,0.6078140636440728,0.9992044641094168,1.0,0.9000000000000004,0.9099999999999997
45,QT-APP without tunneling,19,Post-congestion,0.6754730854384646,327.22774881470696,3,0.46094521790324483,6.025800871939913,0.5063441456695338,1.0,1.0,0.9700000000000004,0.8599999999999997
45,QT-APP without tunneling,20,Recovery,0.31369684001198317,77.27574593217624,1,0.13689025030592195,15.384566326504572,0.6760531859747058,0.8093227733597539,1.0,0.9900000000000004,0.8499999999999996
45,QT-APP without tunneling,21,Recovery,0.31538851761788866,73.53444125140697,1,0.11938965469493057,17.241129933789566,0.705210308574084,0.7108491287130663,1.0,1.0,0.8199999999999996
45,QT-APP without tunneling,22,Recovery,0.500126563324704,194.15973024014104,3,0.33791757454496485,10.314074917973151,0.6168929683357228,0.6607034167651664,1.0,1.0,0.7699999999999996
45,QT-APP without tunneling,23,Stable,0.613303022660313,284.02203738962544,3,0.41051483282066137,13.304797051746839,0.6271076381794827,0.7284997614399287,1.0,1.0,0.7399999999999995
45,QT-APP without tunneling,24,Stable,0.459259114544742,195.12447918962286,5,0.6128771143915752,10.169779525786542,0.7001246320828949,0.6747699271996023,1.0,1.0,0.7299999999999995
45,QT-APP without tunneling,25,Stable,0.3020090325174111,61.80150122628842,1,0.09116212079980823,20.390808369198517,0.7298248854398606,0.5585179491293295,1.0,1.0,0.7199999999999995
45,QT-APP without tunneling,26,Stable,0.40474236397439495,229.57516874213655,4,0.4421750928770878,18.71959486730802,0.7054645909545354,0.6627979751053266,1.0,1.0,0.6899999999999995
45,QT-APP without tunneling,27,Stable,0.5763022572637007,265.79658055635844,3,0.423627469659249,13.263062381171835,0.6253956306057856,0.7072005550821642,1.0,1.0,0.6399999999999995
45,QT-APP without tunneling,28,Stable,0.40530219865776185,241.45031090790513,4,0.43533438597194507,18.63834191808667,0.6934080258374196,0.6833611576959764,1.0,0.99,0.6499999999999995
45,QT-APP without tunneling,29,Stable,0.42106539865480014,246.2830086620305,4,0.42330829241517876,18.915366764087523,0.6883690937196129,0.698955296776034,1.0,1.0,0.6199999999999994
45,QT-APP without tunneling,30,Stable,0.5095179985037073,215.33563142863113,4,0.4959396155874113,10.931930620558827,0.6966842024287506,0.7716269978133818,1.0,1.0,0.5699999999999994
45,QT-APP without tunneling,31,Stable,0.44014552167857623,254.03834799851137,4,0.4204422309518985,19.443425868578867,0.6815954819924297,0.6974756467700759,1.0,0.99,0.5799999999999994
45,QT-APP without tunneling,32,Stable,0.45690058190579047,208.60839000949133,5,0.5755617512787932,10.48625941145556,0.7013072590652998,0.7214638349375505,1.0,1.0,0.5499999999999994
45,QT-APP without tunneling,33,Stable,0.4826731853157259,222.09161407795608,4,0.47491239723866363,11.381437547112903,0.6920236468752357,0.7534490958398958,1.0,1.0,0.49999999999999933
45,QT-APP without tunneling,34,Stable,0.4896982641722545,187.74258938827458,3,0.4032986497221368,10.24274533155617,0.7017576502572225,0.729764671858172,1.0,1.0,0.4699999999999993
45,QT-APP without tunneling,35,Stable,0.45248063597180366,209.76116512844828,5,0.5769305732202594,10.607703319301624,0.6980916936964148,0.7232923146906677,1.0,1.0,0.4599999999999993
45,QT-APP without tunneling,36,Stable,0.5639558519718485,270.25290216819553,3,0.44367946472675657,14.13667307512798,0.612930297105681,0.694394332945827,1.0,1.0,0.40999999999999925
45,QT-APP without tunneling,37,Stable,0.4248461315313635,249.1928335300469,4,0.38892837974034666,19.716134200920187,0.6856867148154779,0.7311554148369204,1.0,1.0,0.39999999999999925
45,QT-APP without tunneling,38,Stable,0.5018653573185912,226.16559195511516,4,0.4754192849419203,11.126487204624237,0.6770757961510689,0.7757255870191064,1.0,1.0,0.3699999999999992
45,QT-APP without tunneling,39,Stable,0.5022577512318547,219.0702610981647,4,0.473224691417793,11.01758860688717,0.6769247740025236,0.7914169388348583,1.0,1.0,0.3399999999999992
46,Dijkstra,0,Normal,0.6410328684917247,45.08522674311848,1,0.11016055842439176,27.71412797254242,0.9939458158678209,0.6027598013822584,0.0,0.45,1.2
46,Dijkstra,1,Normal,0.622566344417611,46.976658870575235,1,0.10420869507402264,27.557249001160628,0.999,0.604606214555982,0.0,0.45,1.2
46,Dijkstra,2,Normal,0.6182141097582834,44.983088724310484,1,0.1029502992392205,28.152949473449382,0.999,0.6433238396013277,0.0,0.45,1.2
46,Dijkstra,3,Normal,0.605477211309621,44.70051780051148,1,0.09949203596403,28.806823011755625,0.9957176162013198,0.6191437387155727,0.0,0.45,1.2
46,Dijkstra,4,Normal,0.6281165646050406,46.75736982854743,1,0.10681221201977764,29.636072344419702,0.9940063334682818,0.631202202571022,0.0,0.45,1.2
46,Dijkstra,5,Normal,0.6243704598985303,46.614686392376456,1,0.10549685726893754,29.181852938404568,0.999,0.6504587953789452,0.0,0.45,1.2
46,Dijkstra,6,Normal,0.6349522207724636,47.0548720187332,1,0.11297437732183879,28.65253048049123,0.999,0.647916021587445,0.0,0.45,1.2
46,Dijkstra,7,Normal,0.6289773651484565,46.103041094504206,1,0.10845087924192176,29.78845633451486,0.9922798202496741,0.6708230010460703,0.0,0.45,1.2
46,Dijkstra,8,Normal,0.6210570233338392,45.44566300165689,1,0.10855074361384309,30.39743080995884,0.9908920125562404,0.6435362649231503,0.0,0.45,1.2
46,Dijkstra,9,Normal,0.6148787527590976,43.86980044614642,1,0.1103472373987805,30.131020806633565,0.9919881087359693,0.6362224658619597,0.0,0.45,1.2
46,Dijkstra,10,Congestion,0.5770175026919948,52.370311438893594,1,0.12039395055198121,16.487738836535893,0.9310496969302557,0.7775901617932349,0.0,0.45,1.2
46,Dijkstra,11,Congestion,0.5427306059885808,62.46351318321348,1,0.1486415187377016,10.140922650110692,0.8980175176886139,0.9111016270181249,0.0,0.45,1.2
46,Dijkstra,12,Congestion,0.5520949364235879,70.5588200081848,1,0.1691972793676202,5.948170629059219,0.8379154193686424,1.0,0.0,0.45,1.2
46,Dijkstra,13,Congestion,0.5928799452662744,89.25357553689821,1,0.2021979369926583,3.7115592090614458,0.770930107048753,1.0,0.0,0.45,1.2
46,Dijkstra,14,Congestion,0.6004618191523743,105.48716740043993,1,0.23789966532718765,2.409567496473352,0.7359716037160854,1.0,0.0,0.45,1.2
46,Dijkstra,15,Post-congestion,0.5252434647379524,106.19492894694126,1,0.24604917267470716,2.428871042503516,0.7358442126296489,0.9738783407681316,0.0,0.45,1.2
46,Dijkstra,16,Post-congestion,0.6252109728107768,110.07560280439559,1,0.2542184853994026,2.416226804897764,0.7290438364394339,1.0,0.0,0.45,1.2
46,Dijkstra,17,Post-congestion,0.55942170612913,106.54857834638625,1,0.2535562415669004,2.361105563743225,0.7314975166052272,0.9692822691759233,0.0,0.45,1.2
46,Dijkstra,18,Post-congestion,0.525007508573454,111.66414496184711,1,0.24717096062307276,2.3382248562037646,0.7358186142352869,0.9430247329610487,0.0,0.45,1.2
46,Dijkstra,19,Post-congestion,0.5594826329476852,115.69151949967477,1,0.24182115168874874,2.370613290520274,0.73845400760604,0.9586421755012925,0.0,0.45,1.2
46,Dijkstra,20,Recovery,0.5051570528356255,99.87708600177488,1,0.21893283621181703,3.013521182921836,0.747890933677125,0.850138156467332,0.0,0.45,1.2
46,Dijkstra,21,Recovery,0.45118554677405753,87.86095969781925,1,0.19348748334724575,3.6339996511828274,0.806816256709571,0.723219637988531,0.0,0.45,1.2
46,Dijkstra,22,Recovery,0.47396266892617084,83.73514660319022,1,0.1803774814638086,4.171579476760913,0.8358202418237078,0.5915700068357553,0.0,0.45,1.2
46,Dijkstra,23,Stable,0.5137536232874738,87.03080740424109,1,0.1884816031801313,4.029945463996128,0.8423907613523106,0.6034280739351335,0.0,0.45,1.2
46,Dijkstra,24,Stable,0.49335648488099243,84.4956424038216,1,0.18827446807821546,3.9888863392991736,0.8303470269621214,0.6039015675105762,0.0,0.45,1.2
46,Dijkstra,25,Stable,0.48734403710015706,80.62154265487003,1,0.19136088343708402,3.8963187034650257,0.8241819842847306,0.5930205865657998,0.0,0.45,1.2
46,Dijkstra,26,Stable,0.4828119870275995,82.09329602288108,1,0.19717790817735403,3.8572779999439817,0.8297946305564347,0.5898336763426377,0.0,0.45,1.2
46,Dijkstra,27,Stable,0.48619819213379567,80.77047437938499,1,0.2041989251983929,3.809130781156063,0.8400904297299537,0.5747875270465871,0.0,0.45,1.2
46,Dijkstra,28,Stable,0.5125331776064141,84.43333149317635,1,0.20319654473759607,3.812187225217519,0.8458679350042823,0.5844038838339864,0.0,0.45,1.2
46,Dijkstra,29,Stable,0.505904853884675,82.09407208333036,1,0.19266796346611192,3.732746986155643,0.8431651795414371,0.5750474037962392,0.0,0.45,1.2
46,Dijkstra,30,Stable,0.47048475324418926,81.70289544769608,1,0.19293322080226716,3.8050520268691237,0.8315534439208602,0.5686525556312915,0.0,0.45,1.2
46,Dijkstra,31,Stable,0.4645121856113056,83.30651512560873,1,0.18949045442153534,3.706055096340141,0.8323801214940261,0.5519528153775854,0.0,0.45,1.2
46,Dijkstra,32,Stable,0.43000522961409476,79.70655705487914,1,0.18344578167458936,3.5812269895137487,0.8378620002098314,0.5183730186211752,0.0,0.45,1.2
46,Dijkstra,33,Stable,0.42914848850116993,76.60164311969456,1,0.18384993192727717,3.7036866341234065,0.8366912661600002,0.5135653332499287,0.0,0.45,1.2
46,Dijkstra,34,Stable,0.44574661048177155,78.1577851291607,1,0.1741637145580831,3.7806513218900513,0.8330577466877347,0.5509023032147401,0.0,0.45,1.2
46,Dijkstra,35,Stable,0.42205456748952536,78.35726293593801,1,0.16895362204224296,3.6620248681720784,0.8413580702136697,0.5254189389263507,0.0,0.45,1.2
46,Dijkstra,36,Stable,0.4591289384847905,80.18266807216993,1,0.17820044701939752,3.537280047943469,0.8621358127631205,0.5757002473327234,0.0,0.45,1.2
46,Dijkstra,37,Stable,0.45842419671476736,84.18632604437445,1,0.1797268245790693,3.4905763827000365,0.8619902975151139,0.559267999454078,0.0,0.45,1.2
46,Dijkstra,38,Stable,0.47059332073798144,88.10545952487595,1,0.1868547236888911,3.51208879168604,0.8549713237032961,0.5852846961360236,0.0,0.45,1.2
46,Dijkstra,39,Stable,0.48369890102814367,91.87772184208266,1,0.1819689643334197,3.4471166165367717,0.8682507284124825,0.5896189146117347,0.0,0.45,1.2
46,QT-APP,0,Normal,0.43729800865482626,209.31558251192038,4,0.2542163274917991,52.10767288171297,0.9049369848515976,0.21541213329676878,0.48773862507877713,0.47,1.19
46,QT-APP,1,Normal,0.4208462935941403,208.0460640534724,4,0.2613046033994758,53.66906440000642,0.9034495651204841,0.21007437934076012,0.6466941102515982,0.45999999999999996,1.2
46,QT-APP,2,Normal,0.4216593363403369,201.91376565503458,4,0.21584476212007797,70.59018128925057,0.8333225581733799,0.283867773625731,0.6203213348824211,0.49999999999999994,1.17
46,QT-APP,3,Normal,0.4328148028182737,194.17177588941206,4,0.2344598028608338,45.69294380932649,0.9425887845966157,0.30309858789716043,0.6631709527729623,0.57,1.1199999999999999
46,QT-APP,4,Normal,0.4156740168529045,207.44308310087214,4,0.24231474108571638,52.400171823844005,0.8758461602884708,0.137336088498584,1.0,0.59,1.1099999999999999
46,QT-APP,5,Normal,0.3930139582423754,175.95733511757936,5,0.19098233788791552,44.27869834270298,0.9251002333700697,0.3430500738678077,1.0,0.61,1.0999999999999999
46,QT-APP,6,Normal,0.3371992622269461,207.31539748686197,5,0.2285224081347499,61.0638891321287,0.9023348049283575,0.18847104164927878,1.0,0.63,1.0899999999999999
46,QT-APP,7,Normal,0.44378044994833693,205.0835497655546,4,0.15912915186172805,59.25978174478334,0.8595891090845319,0.33062625022450265,1.0,0.7000000000000001,1.0399999999999998
46,QT-APP,8,Normal,0.44872531126980897,210.38296204697573,4,0.16095507586610192,59.0916636526684,0.8552336546158227,0.34299289561616114,1.0,0.7400000000000001,1.0099999999999998
46,QT-APP,9,Normal,0.36774463749023745,173.54970750199638,5,0.17787824815352649,44.25669609319757,0.9205595084045987,0.35185064744316713,1.0,0.7600000000000001,0.9999999999999998
46,QT-APP,10,Congestion,0.640239128808435,54.32449740500085,1,0.21494456019621078,23.232275298837276,0.9226747923538886,0.8843086731366754,1.0,0.8300000000000002,0.9499999999999997
46,QT-APP,11,Congestion,0.4041001971797676,308.1270342594063,5,0.4231117224813683,25.071335649822963,0.7943039548937048,0.6140083857292258,1.0,0.8200000000000002,0.9599999999999997
46,QT-APP,12,Congestion,0.4615304288178784,384.7106901644337,5,0.5203939181818985,16.034269868368018,0.7409940839449783,0.8144149185827084,1.0,0.8600000000000002,0.9299999999999997
46,QT-APP,13,Congestion,0.5282129388719927,413.2083833761797,5,0.5932134496889521,8.753243124737162,0.7062218380464107,0.9798958587048577,1.0,0.9300000000000003,0.8799999999999997
46,QT-APP,14,Congestion,0.6485292162039522,596.976939531137,4,0.6144064638867188,6.204993606876049,0.6689255597749899,1.0,1.0,1.0,0.8299999999999996
46,QT-APP,15,Post-congestion,0.46600223456123996,546.0642022677268,6,0.6518146204489579,6.576792537858375,0.5819089329724152,0.9841789907616887,1.0,1.0,0.8199999999999996
46,QT-APP,16,Post-congestion,0.5850091291386794,133.40729904267266,1,0.29393146782147195,5.3779180261152435,0.6790701101448595,0.9731191455347873,1.0,1.0,0.7899999999999996
46,QT-APP,17,Post-congestion,0.5926147377849869,137.6542554650223,1,0.29703600075251746,5.214732402139678,0.677158172368396,0.9622480464530918,1.0,1.0,0.7599999999999996
46,QT-APP,18,Post-congestion,0.701714523145455,138.5392752966641,1,0.2970303412298967,5.050046715039867,0.6826440229943607,0.9972609004022628,1.0,1.0,0.7099999999999995
46,QT-APP,19,Post-congestion,0.6285076872276298,587.0651819841833,4,0.5843724853282772,9.385500956896365,0.5654057344264457,0.9865989153185282,1.0,0.99,0.7199999999999995
46,QT-APP,20,Recovery,0.555739308247667,531.0870093798645,4,0.584051035579849,7.366943431452533,0.7140600919879173,0.8779486105738117,1.0,0.98,0.7299999999999995
46,QT-APP,21,Recovery,0.4288854586614884,424.9502870121419,5,0.6233586029372484,10.031048970911339,0.6951038383750132,0.7279532042830853,1.0,1.0,0.7199999999999995
46,QT-APP,22,Recovery,0.470331446849863,354.7000197213917,5,0.5522704167672969,9.787685895531249,0.7726110377635326,0.6627523762775858,1.0,1.0,0.6899999999999995
46,QT-APP,23,Stable,0.45293046595854636,376.37225629978707,5,0.5836601246239291,11.510372041093257,0.7289425074574558,0.6280937347415525,1.0,0.99,0.6999999999999995
46,QT-APP,24,Stable,0.591743353497323,63.87007060526237,1,0.24779169065174267,8.40993698022365,0.7918216293478518,0.773448094472232,1.0,1.0,0.6499999999999995
46,QT-APP,25,Stable,0.5265294628325746,398.05884285594453,4,0.4410542530780386,15.596838218159283,0.684066583923397,0.7078270636807761,1.0,0.99,0.6599999999999995
46,QT-APP,26,Stable,0.48767022169854235,339.20712122712195,5,0.5384742638385124,11.700182991598584,0.6642372459907564,0.6903995398873356,1.0,0.98,0.6699999999999995
46,QT-APP,27,Stable,0.5249991693191247,388.23655825595324,4,0.4606525290753345,15.40204194652141,0.6824955627253491,0.7192491754227281,1.0,1.0,0.6399999999999995
46,QT-APP,28,Stable,0.4774304192604923,362.5779253397086,5,0.5560504041351484,9.773471011756001,0.7660342346876823,0.7127734207659737,1.0,1.0,0.6299999999999994
46,QT-APP,29,Stable,0.508657534333734,326.9624783883631,5,0.5947973843610066,12.792359772648254,0.6800035497605852,0.7275790249730738,1.0,1.0,0.5999999999999994
46,QT-APP,30,Stable,0.5988233617552721,372.41488232491594,4,0.4367083171137113,10.534282108745312,0.6536183391590484,0.7750833819912295,1.0,1.0,0.5499999999999994
46,QT-APP,31,Stable,0.5385997509548563,377.23149127386534,4,0.45941711793096285,15.85256900115558,0.696933989162177,0.747337970568377,1.0,0.99,0.5599999999999994
46,QT-APP,32,Stable,0.5220543711869425,316.4175462883713,5,0.593811671507356,12.778544716852043,0.6738034129848215,0.7542052804923195,1.0,0.98,0.5699999999999994
46,QT-APP,33,Stable,0.4873503506161329,342.5219211512721,5,0.5290503112790862,11.971657004713494,0.6680905004398403,0.7370407622921841,1.0,1.0,0.5599999999999994
46,QT-APP,34,Stable,0.5760266867971,368.1242919416548,4,0.41309100318461345,10.587890613824992,0.6450274409522662,0.8160623547257982,1.0,1.0,0.5099999999999993
46,QT-APP,35,Stable,0.5139061011878239,372.97480521709394,4,0.4779271085630742,15.603249639931434,0.705825337328858,0.7429696827227555,1.0,0.99,0.5199999999999994
46,QT-APP,36,Stable,0.5514609808910285,400.0935260015974,4,0.3914302717171738,12.376932551703355,0.6995799081007207,0.8143968394972021,1.0,1.0,0.4899999999999993
46,QT-APP,37,Stable,0.5198881990937231,317.7035604421717,5,0.6213109962720913,12.831899644248907,0.669555770194677,0.7526322052530855,1.0,0.99,0.49999999999999933
46,QT-APP,38,Stable,0.5623515333046017,409.39795073216305,4,0.38055860430541333,12.128600009053137,0.7015620779742902,0.8032601129483513,1.0,1.0,0.4499999999999993
46,QT-APP,39,Stable,0.5116864856779513,315.3676131174365,5,0.6085271752369136,12.69386333997721,0.669096983943587,0.7442879657152557,1.0,1.0,0.4399999999999993
46,QT-APP without adaptation,0,Normal,0.43729800865482626,209.31558251192038,4,0.2542163274917991,52.10767288171297,0.9049369848515976,0.21541213329676878,0.48773862507877713,0.45,1.2
46,QT-APP without adaptation,1,Normal,0.42372036539431845,202.0631262485408,4,0.22126545343229753,71.1142290654818,0.836202644866924,0.2577451862801946,0.5443233812853613,0.45,1.2
46,QT-APP without adaptation,2,Normal,0.4216593363403369,201.91376565503458,4,0.21584476212007797,70.59018128925057,0.8333225581733799,0.283867773625731,0.5435932437748258,0.45,1.2
46,QT-APP without adaptation,3,Normal,0.4328148028182737,194.17177588941206,4,0.2344598028608338,45.69294380932649,0.9425887845966157,0.30309858789716043,0.3133969534777558,0.45,1.2
46,QT-APP without adaptation,4,Normal,0.4156740168529045,207.44308310087214,4,0.24231474108571638,52.400171823844005,0.8758461602884708,0.137336088498584,0.5293741862019494,0.45,1.2
46,QT-APP without adaptation,5,Normal,0.35051045989360863,209.74893022448492,5,0.21501798072602496,60.49918516117032,0.8967381774266492,0.19880435710966013,0.5987546005248735,0.45,1.2
46,QT-APP without adaptation,6,Normal,0.3371992622269461,207.31539748686197,5,0.2285224081347499,61.0638891321287,0.9023348049283575,0.18847104164927878,0.6588350008903749,0.45,1.2
46,QT-APP without adaptation,7,Normal,0.44378044994833693,205.0835497655546,4,0.15912915186172805,59.25978174478334,0.8595891090845319,0.33062625022450265,0.30248737925560043,0.45,1.2
46,QT-APP without adaptation,8,Normal,0.44872531126980897,210.38296204697573,4,0.16095507586610192,59.0916636526684,0.8552336546158227,0.34299289561616114,0.26690714413562433,0.45,1.2
46,QT-APP without adaptation,9,Normal,0.313752570709222,205.98444775715086,5,0.20127556132305002,60.872900826015915,0.8984414257324878,0.17626879781567384,1.0,0.45,1.2
46,QT-APP without adaptation,10,Congestion,0.640239128808435,54.32449740500085,1,0.21494456019621078,23.232275298837276,0.9226747923538886,0.8843086731366754,0.3510614995828718,0.45,1.2
46,QT-APP without adaptation,11,Congestion,0.4041001971797676,308.1270342594063,5,0.4231117224813683,25.071335649822963,0.7943039548937048,0.6140083857292258,0.605345590948183,0.45,1.2
46,QT-APP without adaptation,12,Congestion,0.5454321944374784,401.2357783230194,4,0.4900852858047594,14.546167780250116,0.6692655467619169,0.7893005511484522,0.12026754793185011,0.45,1.2
46,QT-APP without adaptation,13,Congestion,0.49365508453412626,476.99576866022284,4,0.5461848871143989,9.10739240710084,0.7254160663578091,0.9069164911843295,0.16003006346444498,0.45,1.2
46,QT-APP without adaptation,14,Congestion,0.7060610706718891,140.6237088495466,1,0.3100108884624565,5.563296979397192,0.6874005350658413,1.0,0.29687044285818653,0.45,1.2
46,QT-APP without adaptation,15,Post-congestion,0.46600223456123996,546.0642022677268,6,0.6518146204489579,6.576792537858375,0.5819089329724152,0.9841789907616887,0.26283506105970017,0.45,1.2
46,QT-APP without adaptation,16,Post-congestion,0.5850091291386794,133.40729904267266,1,0.29393146782147195,5.3779180261152435,0.6790701101448595,0.9731191455347873,0.4140178779893803,0.45,1.2
46,QT-APP without adaptation,17,Post-congestion,0.5926147377849869,137.6542554650223,1,0.29703600075251746,5.214732402139678,0.677158172368396,0.9622480464530918,0.40399822434206323,0.45,1.2
46,QT-APP without adaptation,18,Post-congestion,0.701714523145455,138.5392752966641,1,0.2970303412298967,5.050046715039867,0.6826440229943607,0.9972609004022628,0.2999594966453937,0.45,1.2
46,QT-APP without adaptation,19,Post-congestion,0.6798374216492759,132.40085984356992,1,0.3019772607995731,5.205304481142403,0.6894430005038926,0.9903944256186262,0.316449156102841,0.45,1.2
46,QT-APP without adaptation,20,Recovery,0.555739308247667,531.0870093798645,4,0.584051035579849,7.366943431452533,0.7140600919879173,0.8779486105738117,0.05813914178600717,0.45,1.2
46,QT-APP without adaptation,21,Recovery,0.4288854586614884,424.9502870121419,5,0.6233586029372484,10.031048970911339,0.6951038383750132,0.7279532042830853,0.31310259682994945,0.45,1.2
46,QT-APP without adaptation,22,Recovery,0.470331446849863,354.7000197213917,5,0.5522704167672969,9.787685895531249,0.7726110377635326,0.6627523762775858,0.14619490556137077,0.45,1.2
46,QT-APP without adaptation,23,Stable,0.45293046595854636,376.37225629978707,5,0.5836601246239291,11.510372041093257,0.7289425074574558,0.6280937347415525,0.24257815162126561,0.45,1.2
46,QT-APP without adaptation,24,Stable,0.591743353497323,63.87007060526237,1,0.24779169065174267,8.40993698022365,0.7918216293478518,0.773448094472232,0.4051201277336737,0.45,1.2
46,QT-APP without adaptation,25,Stable,0.5265294628325746,398.05884285594453,4,0.4410542530780386,15.596838218159283,0.684066583923397,0.7078270636807761,0.12252586890680366,0.45,1.2
46,QT-APP without adaptation,26,Stable,0.4925987525411319,330.10077139464966,5,0.6045773527939755,12.543646197041289,0.6828979872078349,0.6977898811634656,0.11739418853596549,0.45,1.2
46,QT-APP without adaptation,27,Stable,0.4879508319118873,321.43590028978554,5,0.6108806019454669,12.671758613940934,0.6797659645722424,0.6999861912226328,0.11806487342792524,0.45,1.2
46,QT-APP without adaptation,28,Stable,0.47599190798830476,362.3054634251306,5,0.6023658070676603,13.558177526961623,0.6861244109954611,0.6658175489910588,0.08079303346800536,0.45,1.2
46,QT-APP without adaptation,29,Stable,0.567521551620547,61.28746743015487,1,0.24884601797248773,9.024950164209864,0.7996486190001171,0.8158312167419113,0.4392203763446704,0.45,1.2
46,QT-APP without adaptation,30,Stable,0.5481609265007247,386.25005776017633,4,0.46393155540980857,15.674780115188748,0.6932849719305578,0.742201664966545,0.11525062834969074,0.45,1.2
46,QT-APP without adaptation,31,Stable,0.5920902152257628,65.94186257811337,1,0.24327360879560345,9.266055200678496,0.794478735878514,0.8523165817632014,0.40467275990655005,0.45,1.2
46,QT-APP without adaptation,32,Stable,0.5311582278459039,367.1492289817314,4,0.4837091696020579,8.540761773044423,0.7303665553499048,0.6716898583550888,0.0727340295723172,0.45,1.2
46,QT-APP without adaptation,33,Stable,0.4666666651265654,357.22451746255956,5,0.6129795018249797,13.579291772910432,0.6879539478125539,0.6695883371964341,0.11831593813740514,0.45,1.2
46,QT-APP without adaptation,34,Stable,0.4662641266029969,354.9688715780079,5,0.6220828960896798,13.50893675816321,0.6950930998197398,0.6673456908205052,0.1356689459739435,0.45,1.2
46,QT-APP without adaptation,35,Stable,0.5910330855539452,62.55733747145993,1,0.2484062903620471,9.177266749968398,0.7707960968752209,0.8878860396033116,0.40603946171862093,0.45,1.2
46,QT-APP without adaptation,36,Stable,0.5514609808910285,400.0935260015974,4,0.3914302717171738,12.376932551703355,0.6995799081007207,0.8143968394972021,0.06702447397771834,0.45,1.2
46,QT-APP without adaptation,37,Stable,0.514891464128127,363.45988734292916,4,0.46690746328384924,8.548725128211252,0.7242279116081962,0.6735136181545213,0.09916681378347665,0.45,1.2
46,QT-APP without adaptation,38,Stable,0.5337336970469414,382.5568368454773,4,0.47584144724342414,15.255642548514057,0.7036697254858314,0.7509890237341517,0.1167654048233678,0.45,1.2
46,QT-APP without adaptation,39,Stable,0.5108089203725694,360.0748113641365,4,0.45997039743516444,8.644859631629645,0.729662156627227,0.6731069175071365,0.11719438788250605,0.45,1.2
46,QT-APP without tunneling,0,Normal,0.43729800865482626,209.31558251192038,4,0.2542163274917991,52.10767288171297,0.9049369848515976,0.21541213329676878,1.0,0.47,1.19
46,QT-APP without tunneling,1,Normal,0.4208462935941403,208.0460640534724,4,0.2613046033994758,53.66906440000642,0.9034495651204841,0.21007437934076012,1.0,0.45999999999999996,1.2
46,QT-APP without tunneling,2,Normal,0.42869068262024773,197.8334263147223,4,0.22847253391972644,45.00401793413381,0.9383083449664211,0.3166124164047361,1.0,0.49999999999999994,1.17
46,QT-APP without tunneling,3,Normal,0.6514627322943055,45.880976395787734,1,0.12738911528069707,28.46401436952622,0.9900946143156681,0.7061407849112913,1.0,0.57,1.1199999999999999
46,QT-APP without tunneling,4,Normal,0.653438139684934,46.52503157786053,1,0.13470929133644483,29.283395420718083,0.9883833315826301,0.6530914008555146,1.0,0.61,1.0899999999999999
46,QT-APP without tunneling,5,Normal,0.3930139582423754,175.95733511757936,5,0.19098233788791552,44.27869834270298,0.9251002333700697,0.3430500738678077,1.0,0.63,1.0799999999999998
46,QT-APP without tunneling,6,Normal,0.3371992622269461,207.31539748686197,5,0.2285224081347499,61.0638891321287,0.9023348049283575,0.18847104164927878,1.0,0.62,1.0899999999999999
46,QT-APP without tunneling,7,Normal,0.44378044994833693,205.0835497655546,4,0.15912915186172805,59.25978174478334,0.8595891090845319,0.33062625022450265,1.0,0.6900000000000001,1.0399999999999998
46,QT-APP without tunneling,8,Normal,0.44872531126980897,210.38296204697573,4,0.16095507586610192,59.0916636526684,0.8552336546158227,0.34299289561616114,1.0,0.7300000000000001,1.0099999999999998
46,QT-APP without tunneling,9,Normal,0.36774463749023745,173.54970750199638,5,0.17787824815352649,44.25669609319757,0.9205595084045987,0.35185064744316713,1.0,0.7500000000000001,0.9999999999999998
46,QT-APP without tunneling,10,Congestion,0.640239128808435,54.32449740500085,1,0.21494456019621078,23.232275298837276,0.9226747923538886,0.8843086731366754,1.0,0.8200000000000002,0.9499999999999997
46,QT-APP without tunneling,11,Congestion,0.4041001971797676,308.1270342594063,5,0.4231117224813683,25.071335649822963,0.7943039548937048,0.6140083857292258,1.0,0.8100000000000002,0.9599999999999997
46,QT-APP without tunneling,12,Congestion,0.4615304288178784,384.7106901644337,5,0.5203939181818985,16.034269868368018,0.7409940839449783,0.8144149185827084,1.0,0.8500000000000002,0.9299999999999997
46,QT-APP without tunneling,13,Congestion,0.5282129388719927,413.2083833761797,5,0.5932134496889521,8.753243124737162,0.7062218380464107,0.9798958587048577,1.0,0.9200000000000003,0.8799999999999997
46,QT-APP without tunneling,14,Congestion,0.6485292162039522,596.976939531137,4,0.6144064638867188,6.204993606876049,0.6689255597749899,1.0,1.0,0.9900000000000003,0.8299999999999996
46,QT-APP without tunneling,15,Post-congestion,0.46600223456123996,546.0642022677268,6,0.6518146204489579,6.576792537858375,0.5819089329724152,0.9841789907616887,1.0,1.0,0.8199999999999996
46,QT-APP without tunneling,16,Post-congestion,0.5850091291386794,133.40729904267266,1,0.29393146782147195,5.3779180261152435,0.6790701101448595,0.9731191455347873,1.0,1.0,0.7899999999999996
46,QT-APP without tunneling,17,Post-congestion,0.5926147377849869,137.6542554650223,1,0.29703600075251746,5.214732402139678,0.677158172368396,0.9622480464530918,1.0,1.0,0.7599999999999996
46,QT-APP without tunneling,18,Post-congestion,0.701714523145455,138.5392752966641,1,0.2970303412298967,5.050046715039867,0.6826440229943607,0.9972609004022628,1.0,1.0,0.7099999999999995
46,QT-APP without tunneling,19,Post-congestion,0.6285076872276298,587.0651819841833,4,0.5843724853282772,9.385500956896365,0.5654057344264457,0.9865989153185282,1.0,0.99,0.7199999999999995
46,QT-APP without tunneling,20,Recovery,0.555739308247667,531.0870093798645,4,0.584051035579849,7.366943431452533,0.7140600919879173,0.8779486105738117,1.0,0.98,0.7299999999999995
46,QT-APP without tunneling,21,Recovery,0.4288854586614884,424.9502870121419,5,0.6233586029372484,10.031048970911339,0.6951038383750132,0.7279532042830853,1.0,1.0,0.7199999999999995
46,QT-APP without tunneling,22,Recovery,0.470331446849863,354.7000197213917,5,0.5522704167672969,9.787685895531249,0.7726110377635326,0.6627523762775858,1.0,1.0,0.6899999999999995
46,QT-APP without tunneling,23,Stable,0.45293046595854636,376.37225629978707,5,0.5836601246239291,11.510372041093257,0.7289425074574558,0.6280937347415525,1.0,0.99,0.6999999999999995
46,QT-APP without tunneling,24,Stable,0.591743353497323,63.87007060526237,1,0.24779169065174267,8.40993698022365,0.7918216293478518,0.773448094472232,1.0,1.0,0.6499999999999995
46,QT-APP without tunneling,25,Stable,0.5265294628325746,398.05884285594453,4,0.4410542530780386,15.596838218159283,0.684066583923397,0.7078270636807761,1.0,0.99,0.6599999999999995
46,QT-APP without tunneling,26,Stable,0.48767022169854235,339.20712122712195,5,0.5384742638385124,11.700182991598584,0.6642372459907564,0.6903995398873356,1.0,0.98,0.6699999999999995
46,QT-APP without tunneling,27,Stable,0.5249991693191247,388.23655825595324,4,0.4606525290753345,15.40204194652141,0.6824955627253491,0.7192491754227281,1.0,1.0,0.6399999999999995
46,QT-APP without tunneling,28,Stable,0.4774304192604923,362.5779253397086,5,0.5560504041351484,9.773471011756001,0.7660342346876823,0.7127734207659737,1.0,1.0,0.6299999999999994
46,QT-APP without tunneling,29,Stable,0.508657534333734,326.9624783883631,5,0.5947973843610066,12.792359772648254,0.6800035497605852,0.7275790249730738,1.0,1.0,0.5999999999999994
46,QT-APP without tunneling,30,Stable,0.5988233617552721,372.41488232491594,4,0.4367083171137113,10.534282108745312,0.6536183391590484,0.7750833819912295,1.0,1.0,0.5499999999999994
46,QT-APP without tunneling,31,Stable,0.5385997509548563,377.23149127386534,4,0.45941711793096285,15.85256900115558,0.696933989162177,0.747337970568377,1.0,0.99,0.5599999999999994
46,QT-APP without tunneling,32,Stable,0.5220543711869425,316.4175462883713,5,0.593811671507356,12.778544716852043,0.6738034129848215,0.7542052804923195,1.0,0.98,0.5699999999999994
46,QT-APP without tunneling,33,Stable,0.4873503506161329,342.5219211512721,5,0.5290503112790862,11.971657004713494,0.6680905004398403,0.7370407622921841,1.0,1.0,0.5599999999999994
46,QT-APP without tunneling,34,Stable,0.5760266867971,368.1242919416548,4,0.41309100318461345,10.587890613824992,0.6450274409522662,0.8160623547257982,1.0,1.0,0.5099999999999993
46,QT-APP without tunneling,35,Stable,0.5139061011878239,372.97480521709394,4,0.4779271085630742,15.603249639931434,0.705825337328858,0.7429696827227555,1.0,0.99,0.5199999999999994
46,QT-APP without tunneling,36,Stable,0.5514609808910285,400.0935260015974,4,0.3914302717171738,12.376932551703355,0.6995799081007207,0.8143968394972021,1.0,1.0,0.4899999999999993
46,QT-APP without tunneling,37,Stable,0.5198881990937231,317.7035604421717,5,0.6213109962720913,12.831899644248907,0.669555770194677,0.7526322052530855,1.0,0.99,0.49999999999999933
46,QT-APP without tunneling,38,Stable,0.5623515333046017,409.39795073216305,4,0.38055860430541333,12.128600009053137,0.7015620779742902,0.8032601129483513,1.0,1.0,0.4499999999999993
46,QT-APP without tunneling,39,Stable,0.5116864856779513,315.3676131174365,5,0.6085271752369136,12.69386333997721,0.669096983943587,0.7442879657152557,1.0,1.0,0.4399999999999993
