seed,time_step,algorithm,path_cost,latency,hops,packet_loss,bandwidth,reliability,congestion,max_edge_barrier,mean_edge_potential,energy,kappa,route_changed,path
42,0,Dijkstra,0.8732118504140169,51.46159171854491,2,0.014585928563402392,68.67028550050289,0.76780751079835,0.2154193293817115,0.5796504023371737,0.43660592520700847,0.45,1.2,0,0->18->19
42,1,Dijkstra,0.915817237788986,51.470409469210175,2,0.012276703230569633,69.65450938963585,0.7671442312921917,0.23143042833728072,0.604365320465536,0.457908618894493,0.45,1.2,0,0->18->19
42,2,Dijkstra,0.9804970115671849,55.154592683215235,2,0.011597438112244222,68.32166804982407,0.7642913650802792,0.2415240927820237,0.6182792877348315,0.49024850578359247,0.45,1.2,0,0->18->19
42,3,Dijkstra,0.9370173507629704,54.496014393133194,2,0.016212020958059008,69.56307512564393,0.7731014216277947,0.22500179123564337,0.612876399977425,0.4685086753814852,0.45,1.2,0,0->18->19
42,4,Dijkstra,0.9654725224177971,56.89431113293837,2,0.014752711287628537,68.09605287354108,0.7833702778424556,0.24420868855025402,0.6195393284615986,0.48273626120889856,0.45,1.2,0,0->18->19
42,5,Dijkstra,1.025485403191488,59.26575961217675,2,0.017592114412321624,66.9111088580645,0.7898318516933167,0.2646861137348999,0.6301879558221106,0.512742701595744,0.45,1.2,0,0->18->19
42,6,Dijkstra,1.014669140764586,59.48948554212984,2,0.020048057953550955,70.65903777673134,0.7832874740127151,0.25492320953552594,0.629758053086599,0.507334570382293,0.45,1.2,0,0->18->19
42,7,Dijkstra,1.0166203786307721,61.34820342139814,2,0.020077068546085503,67.04159874914751,0.783788095308281,0.2567671462391271,0.6268821708149787,0.5083101893153861,0.45,1.2,0,0->18->19
42,8,Dijkstra,1.0004381501530784,62.772041307917206,2,0.025703849627100844,71.42632361058142,0.7931257526815004,0.26209260207257373,0.6065665935851206,0.5002190750765392,0.45,1.2,0,0->18->19
42,9,Dijkstra,0.9987861849730195,61.59849678777624,2,0.028481783422193294,69.45448468846325,0.7851171769538635,0.2567554507478428,0.6079405456632376,0.49939309248650976,0.45,1.2,0,0->18->19
42,10,Dijkstra,1.030669535139126,82.30801829327204,2,0.064788964571376,58.13144464087296,0.7378341395212793,0.4777870995254302,0.6274953555239098,0.515334767569563,0.45,1.2,0,0->18->19
42,11,Dijkstra,1.1018686939577662,100.27307987363172,2,0.09357325435040247,45.60215213807082,0.687935929125947,0.7473627929900372,0.6375783569362565,0.5509343469788831,0.45,1.2,0,0->18->19
42,12,Dijkstra,1.3049292828209724,112.04588245960123,3,0.13610314029324536,43.559265977201925,0.6940445941741383,0.8961450112197284,0.47467268698662746,0.4349764276069908,0.45,1.2,1,0->12->11->19
42,13,Dijkstra,1.4487613123955252,143.58517141425074,3,0.16869133084038546,35.483954393030416,0.65011044953786,0.9818211316316501,0.5135491190371962,0.48292043746517505,0.45,1.2,0,0->12->11->19
42,14,Dijkstra,0.9848599827877722,157.46922248386088,2,0.2208203238716997,18.262419289188625,0.5022491891593366,1.0,0.5742293438975404,0.4924299913938861,0.45,1.2,1,0->18->19
42,15,Dijkstra,1.3718739513450038,173.01210122327254,3,0.19903502006484874,21.6568489336059,0.5909256137985494,0.9671261269770732,0.5959861283750191,0.45729131711500126,0.45,1.2,1,0->12->11->19
42,16,Dijkstra,1.384976767872157,154.4075771166756,2,0.2261241889369054,18.37331565950695,0.5055453604799411,0.9835099482922343,0.8303188348636515,0.6924883839360785,0.45,1.2,1,0->18->19
42,17,Dijkstra,1.3488623747882977,150.60211131015103,2,0.2235011842161432,22.17331296227973,0.5090035919002674,0.9722515560108282,0.8155210219695065,0.6744311873941489,0.45,1.2,0,0->18->19
42,18,Dijkstra,1.1690245745094896,152.970868097104,2,0.22600008201663752,24.768121596772076,0.5046481851497779,0.9463691981033275,0.7530211850429245,0.5845122872547448,0.45,1.2,0,0->18->19
42,19,Dijkstra,1.1356989100503525,152.9646762651875,2,0.22647306457659783,27.341771580726864,0.504479422161958,0.9272664369760253,0.745309440664518,0.5678494550251763,0.45,1.2,0,0->18->19
42,20,Dijkstra,1.004422706582122,147.10446339183258,2,0.2144671901027586,34.025392858738726,0.5282967401552414,0.7862696440881519,0.6612057824098347,0.502211353291061,0.45,1.2,0,0->18->19
42,21,Dijkstra,1.03472256073711,138.9610192954751,2,0.20698162238860776,42.7708989556964,0.5492299932433329,0.6515937945516692,0.6699989745596934,0.517361280368555,0.45,1.2,0,0->18->19
42,22,Dijkstra,1.0517751101085309,130.24805946991032,2,0.20042761988329721,50.95949719305655,0.5778676090919572,0.5237474865412728,0.6768996317816848,0.5258875550542654,0.45,1.2,0,0->18->19
42,23,Dijkstra,0.9963293970543989,130.0527195758544,2,0.19788002348255443,53.434743892858975,0.5807792169535784,0.5498609792065325,0.6563871559242109,0.49816469852719947,0.45,1.2,0,0->18->19
42,24,Dijkstra,0.9772849152654746,127.66338527521441,2,0.1979495365413106,58.873253261158794,0.5763290671791084,0.5507750742521144,0.6434028285384155,0.4886424576327373,0.45,1.2,0,0->18->19
42,25,Dijkstra,0.9770377456253623,130.12064265293856,2,0.2011835196560971,57.25404890982589,0.5766534845618394,0.5452143758437232,0.6375514270749597,0.48851887281268114,0.45,1.2,0,0->18->19
42,26,Dijkstra,0.9993928978137696,133.53879522106473,2,0.19579805416357,57.64098593580521,0.5785518224014476,0.5332692574185895,0.6668411923676292,0.4996964489068848,0.45,1.2,0,0->18->19
42,27,Dijkstra,1.0101240931300357,132.69853847414768,2,0.19419093440752447,55.753257658620825,0.569477004986945,0.5286210072940787,0.6770010380533303,0.5050620465650179,0.45,1.2,0,0->18->19
42,28,Dijkstra,1.0496134448320893,132.58050653989062,2,0.19735187515383512,57.04663971964948,0.5735363122316721,0.5420659964622118,0.7156477182301472,0.5248067224160446,0.45,1.2,0,0->18->19
42,29,Dijkstra,1.0043725486540487,134.22810634482443,2,0.19457232323573298,58.544779371622944,0.5807861426666081,0.5069470586525009,0.6879671325766173,0.5021862743270243,0.45,1.2,0,0->18->19
42,30,Dijkstra,0.9751459423853482,136.01355673932076,2,0.1906188370212762,59.90080394309376,0.5859539880853663,0.5288515013588964,0.6509818858296542,0.4875729711926741,0.45,1.2,0,0->18->19
42,31,Dijkstra,0.9722272490201086,134.20690386242197,2,0.18907947149791668,61.50545786581681,0.5878358962640018,0.5375022297818733,0.6743359447762005,0.4861136245100543,0.45,1.2,0,0->18->19
42,32,Dijkstra,0.9420884209353828,134.1338843189713,2,0.19034526537008364,60.539611791515725,0.5939742774733863,0.49935134955016486,0.6514598732941478,0.4710442104676914,0.45,1.2,0,0->18->19
42,33,Dijkstra,0.9304677144108404,136.41870746682918,2,0.18815057229594356,60.927202746199654,0.5914578560570444,0.4937304684453467,0.6385504870117931,0.4652338572054202,0.45,1.2,0,0->18->19
42,34,Dijkstra,0.9591429021194771,136.68545870446027,2,0.18965503481245644,59.67837396832799,0.5937498149574018,0.5081359939396652,0.6605641766689336,0.47957145105973853,0.45,1.2,0,0->18->19
42,35,Dijkstra,0.9810222914319932,137.25891789962697,2,0.19170750313450372,57.2640040755619,0.5889656120367996,0.5160780286294699,0.6704256863139918,0.4905111457159966,0.45,1.2,0,0->18->19
42,36,Dijkstra,0.975515013856534,137.35285714795504,2,0.1933705114732887,60.7906969930838,0.5888599339429059,0.5067051421740738,0.6811177419669338,0.487757506928267,0.45,1.2,0,0->18->19
42,37,Dijkstra,0.9680530720473801,130.76811089515917,2,0.1919434163116709,59.40798852112913,0.5846233944297912,0.5213471104025091,0.694442898613858,0.48402653602369006,0.45,1.2,0,0->18->19
42,38,Dijkstra,0.965757074621276,134.37721067415566,2,0.19084503747093406,57.59780762459915,0.5847960109346644,0.5136741781948997,0.6669554509754148,0.482878537310638,0.45,1.2,0,0->18->19
42,39,Dijkstra,0.939081071804508,129.18025182021518,2,0.18596383861858448,59.07379809747693,0.5848771580231464,0.530715797128876,0.6532757302397665,0.469540535902254,0.45,1.2,0,0->18->19
43,0,Dijkstra,0.48430011911375276,16.53393621602243,1,0.04049362632730225,84.59213620069995,0.913536917446924,0.5186841176489592,0.48430011911375276,0.48430011911375276,0.45,1.2,0,0->19
43,1,Dijkstra,0.4850800422871335,18.21888448764695,1,0.04561209900349185,85.69521866516432,0.9103971046458662,0.5609657623279399,0.4850800422871335,0.4850800422871335,0.45,1.2,0,0->19
43,2,Dijkstra,0.48520035677742246,18.636119880207143,1,0.04672084036251453,86.83907882236478,0.9101603810013806,0.5699514785913523,0.48520035677742246,0.48520035677742246,0.45,1.2,0,0->19
43,3,Dijkstra,0.48674186434162264,18.37909635246961,1,0.051411143178098744,90.73288797072632,0.9097556916885027,0.5386318432758003,0.48674186434162264,0.48674186434162264,0.45,1.2,0,0->19
43,4,Dijkstra,0.47704580280227576,17.566582563614638,1,0.055212689433185476,93.81861343797934,0.9230712194289553,0.5645428369306302,0.47704580280227576,0.47704580280227576,0.45,1.2,0,0->19
43,5,Dijkstra,0.4454873682303372,13.218680539539534,1,0.051789391749908244,97.97636110834763,0.9288187351172281,0.5497509158355384,0.4454873682303372,0.4454873682303372,0.45,1.2,0,0->19
43,6,Dijkstra,0.4622785753416544,15.151537915880088,1,0.055161997028848955,97.08747370883903,0.9339387684916517,0.5660858529652057,0.4622785753416544,0.4622785753416544,0.45,1.2,0,0->19
43,7,Dijkstra,0.4667192043262648,14.621041833987137,1,0.050492677548224514,96.38137296130509,0.9117624098180502,0.5606188126688421,0.4667192043262648,0.4667192043262648,0.45,1.2,0,0->19
43,8,Dijkstra,0.4458073185575312,10.911339951373982,1,0.05300081002306538,96.95629205781754,0.9123429178031736,0.5401100494287914,0.4458073185575312,0.4458073185575312,0.45,1.2,0,0->19
43,9,Dijkstra,0.44100537718862176,11.075774929436887,1,0.05765989349397842,100.6954877567567,0.9052936135189771,0.5341872868192604,0.44100537718862176,0.44100537718862176,0.45,1.2,0,0->19
43,10,Dijkstra,0.46983441166764445,24.06007435264913,1,0.08623517286912524,95.41460801189629,0.8331484283858076,0.8153023236315403,0.46983441166764445,0.46983441166764445,0.45,1.2,0,0->19
43,11,Dijkstra,0.4241445110266768,31.007724635083733,1,0.10749902997358515,88.39681520658344,0.772974990198602,1.0,0.4241445110266768,0.4241445110266768,0.45,1.2,0,0->19
43,12,Dijkstra,0.46089503601813486,43.47469319463319,1,0.14332722700683886,69.95222248075156,0.7371249895402459,1.0,0.46089503601813486,0.46089503601813486,0.45,1.2,0,0->19
43,13,Dijkstra,0.482836013786112,52.27133009347101,1,0.1863111989407204,52.51386552502517,0.6841602332581985,1.0,0.482836013786112,0.482836013786112,0.45,1.2,0,0->19
43,14,Dijkstra,0.2543566251552326,59.9320989948388,1,0.21825531632367928,33.20895608440334,0.6364654712679518,1.0,0.2543566251552326,0.2543566251552326,0.45,1.2,0,0->19
43,15,Dijkstra,0.4502901472443436,57.492375350971955,1,0.21717925673259442,35.19077323621739,0.6345420168928615,0.9924957979077302,0.4502901472443436,0.4502901472443436,0.45,1.2,0,0->19
43,16,Dijkstra,0.41298886109047467,57.659630389647155,1,0.22114448884497928,35.95393426287449,0.6362532180782056,0.9717330350951316,0.41298886109047467,0.41298886109047467,0.45,1.2,0,0->19
43,17,Dijkstra,0.47576962444018706,58.34493215683508,1,0.22526661377409274,32.86877913418964,0.6275476959934293,0.9953579593013661,0.47576962444018706,0.47576962444018706,0.45,1.2,0,0->19
43,18,Dijkstra,0.4962935763807828,60.750837215165376,1,0.2333070366471769,29.9695129330213,0.6250096634805451,0.9885976688007727,0.4962935763807828,0.4962935763807828,0.45,1.2,0,0->19
43,19,Dijkstra,0.5293443476326787,59.40214471681734,1,0.2345476449387687,28.3686205813436,0.6293382764490729,1.0,0.5293443476326787,0.5293443476326787,0.45,1.2,0,0->19
43,20,Dijkstra,0.5071763900078832,53.52843421462728,1,0.21757957946109385,30.535402891197492,0.6291670888340049,0.9052864841519994,0.5071763900078832,0.5071763900078832,0.45,1.2,0,0->19
43,21,Dijkstra,0.5546180327953959,53.48350280842433,1,0.21179153689186994,36.84211409196958,0.6305661057007044,0.8600829227798572,0.5546180327953959,0.5546180327953959,0.45,1.2,0,0->19
43,22,Dijkstra,0.5651950371182708,52.40596415096211,1,0.19445724666954498,37.716726694594215,0.6530250762010851,0.770500018424798,0.5651950371182708,0.5651950371182708,0.45,1.2,0,0->19
43,23,Dijkstra,0.5729871073297209,52.73831137822466,1,0.1960699848078143,36.27655870698181,0.6539995733233809,0.7677256205756007,0.5729871073297209,0.5729871073297209,0.45,1.2,0,0->19
43,24,Dijkstra,0.55576759785692,52.12599514952255,1,0.19648777192378022,38.85513824347495,0.6516281111097825,0.7603304578375741,0.55576759785692,0.55576759785692,0.45,1.2,0,0->19
43,25,Dijkstra,0.5674245703509301,51.78217571054512,1,0.20077246408353194,34.50182814026025,0.6370964996066083,0.7740738670486251,0.5674245703509301,0.5674245703509301,0.45,1.2,0,0->19
43,26,Dijkstra,0.5355440290179871,51.60543888145263,1,0.19952046337611465,38.050043627860774,0.6340533967112935,0.7102644287427207,0.5355440290179871,0.5355440290179871,0.45,1.2,0,0->19
43,27,Dijkstra,0.5269821582905518,51.57125281033495,1,0.18725065304450078,37.23166118206269,0.6278524046391585,0.7128655596879341,0.5269821582905518,0.5269821582905518,0.45,1.2,0,0->19
43,28,Dijkstra,0.5585795028117726,53.405238969474965,1,0.1844479899500101,30.985633976735684,0.636717294200921,0.725046089282133,0.5585795028117726,0.5585795028117726,0.45,1.2,0,0->19
43,29,Dijkstra,0.5571115068391577,53.98726478832047,1,0.18750493981485689,27.98250323221736,0.6223720025307504,0.7070626976858617,0.5571115068391577,0.5571115068391577,0.45,1.2,0,0->19
43,30,Dijkstra,0.5401413845948138,53.34538135933424,1,0.18607009051826945,30.739925349695973,0.6213327062638895,0.6916518548268171,0.5401413845948138,0.5401413845948138,0.45,1.2,0,0->19
43,31,Dijkstra,0.5359832878786474,52.148426265695356,1,0.18748008743016623,29.791912437541576,0.6226741221503928,0.6777943756047127,0.5359832878786474,0.5359832878786474,0.45,1.2,0,0->19
43,32,Dijkstra,0.5191054191112937,51.99323605451284,1,0.18288196697724668,32.31743909784137,0.6248422570476537,0.7023312196676634,0.5191054191112937,0.5191054191112937,0.45,1.2,0,0->19
43,33,Dijkstra,0.5088690927176327,52.60256396894901,1,0.1852272950916834,34.114091853914,0.6184599377184364,0.6833278705351886,0.5088690927176327,0.5088690927176327,0.45,1.2,0,0->19
43,34,Dijkstra,0.5330494562460308,53.266500660220935,1,0.18062954397355285,32.50045665948423,0.6133364030967217,0.7090007781401747,0.5330494562460308,0.5330494562460308,0.45,1.2,0,0->19
43,35,Dijkstra,0.5556793221365598,54.44059184906989,1,0.18126657250279157,34.464666084761674,0.624065143589865,0.7353268017216419,0.5556793221365598,0.5556793221365598,0.45,1.2,0,0->19
43,36,Dijkstra,0.5546673860673369,55.358172836805586,1,0.18111567485434055,36.003497335787344,0.6232212322025006,0.754585063833503,0.5546673860673369,0.5546673860673369,0.45,1.2,0,0->19
43,37,Dijkstra,0.5730577691325921,56.64266829316322,1,0.18575713153457832,36.75210057550448,0.6249151040803329,0.7771384411678348,0.5730577691325921,0.5730577691325921,0.45,1.2,0,0->19
43,38,Dijkstra,0.5890903529716032,54.82196078218852,1,0.18899637356830953,28.414831627719007,0.6081453836080098,0.7731948410566344,0.5890903529716032,0.5890903529716032,0.45,1.2,0,0->19
43,39,Dijkstra,0.6293339122937811,55.35250284095088,1,0.19673230627143978,26.798268883179453,0.5947019018426897,0.7905710856789441,0.6293339122937811,0.6293339122937811,0.45,1.2,0,0->19
44,0,Dijkstra,1.6122910811198188,107.5385483569643,3,0.0408131981085156,61.73340541518227,0.8561122604952801,0.31059025031430715,0.6365374491260837,0.537430360373273,0.45,1.2,0,0->2->1->19
44,1,Dijkstra,1.6795702873727052,113.59220105704617,3,0.038934386695451496,60.1902820584477,0.8506399419184302,0.31938778481578955,0.6705108401607978,0.5598567624575684,0.45,1.2,0,0->2->1->19
44,2,Dijkstra,1.6412003979337357,109.4191216866802,3,0.03746588195760447,58.73146060915908,0.8425781269695704,0.31248552433209553,0.6681091189711513,0.5470667993112452,0.45,1.2,0,0->2->1->19
44,3,Dijkstra,1.5975281635694076,106.15009985906279,3,0.038468745967121944,58.97233489807365,0.8512521062346771,0.3313191620786286,0.6463302938234825,0.5325093878564692,0.45,1.2,0,0->2->1->19
44,4,Dijkstra,1.6454813668822472,106.03264234666239,3,0.03863245813767537,58.527203293709555,0.8416472495416207,0.333420513227407,0.6683083529177577,0.5484937889607491,0.45,1.2,0,0->2->1->19
44,5,Dijkstra,1.6543559716163962,112.67741516445426,3,0.03585749396227365,59.562699507966606,0.8392364822755812,0.31798599075549405,0.6526904226351651,0.5514519905387988,0.45,1.2,0,0->2->1->19
44,6,Dijkstra,1.60852502695735,110.18282122641762,3,0.035924357044291685,58.920589460035906,0.8352845975573661,0.30408640349485033,0.6389803606377171,0.5361750089857833,0.45,1.2,0,0->2->1->19
44,7,Dijkstra,1.6355949395483023,107.71093578066386,3,0.037487892375403724,61.781035876611575,0.833861271613693,0.3145270650006448,0.6559519388402586,0.5451983131827675,0.45,1.2,0,0->2->1->19
44,8,Dijkstra,1.653831189445148,109.27876769528508,3,0.03771087478627073,62.157076519117005,0.8381501490119624,0.3541727257438489,0.684139986703622,0.5512770631483827,0.45,1.2,0,0->2->1->19
44,9,Dijkstra,1.613283026730996,90.92718319320038,3,0.032427676692909184,51.54911824133018,0.8555781995324802,0.4110055808541966,0.6989226672295349,0.5377610089103321,0.45,1.2,1,0->13->4->19
44,10,Dijkstra,1.7183141595308973,143.83216568278135,3,0.06817572445995584,46.24443636402731,0.7975921154832788,0.58826544601411,0.7075028045558613,0.5727713865102991,0.45,1.2,1,0->2->1->19
44,11,Dijkstra,1.7737373992660577,174.87083091476686,3,0.09833316943537929,36.901481318773854,0.7354430183130786,0.7940464199270533,0.753488753073687,0.5912457997553525,0.45,1.2,0,0->2->1->19
44,12,Dijkstra,1.9198706090928894,215.42609769306898,3,0.1311748733639365,28.324620573739153,0.6927661394147738,0.8717574026566752,0.8571198695296838,0.6399568696976298,0.45,1.2,0,0->2->1->19
44,13,Dijkstra,1.8772561346159422,238.433008903857,3,0.17081873338386802,17.823030550519967,0.6398773308454556,0.9698957893922936,0.8724730157575656,0.6257520448719808,0.45,1.2,0,0->2->1->19
44,14,Dijkstra,1.30830666830298,248.27070524858678,3,0.1942510926814066,5.0,0.5961466908764187,1.0,0.5177332017981001,0.43610222276766003,0.45,1.2,1,0->13->4->19
44,15,Dijkstra,1.9348869370093729,248.46566472501496,3,0.19357062849036621,7.422360801539952,0.5897951825627133,0.9923149711856265,0.7880799788051807,0.6449623123364576,0.45,1.2,0,0->13->4->19
44,16,Dijkstra,1.9042638215500813,247.10380879131577,3,0.1933048091242031,8.525134795059715,0.5964432991010117,0.9886808487658557,0.8004031332708113,0.6347546071833604,0.45,1.2,0,0->13->4->19
44,17,Dijkstra,1.8983138131713044,243.45657930616284,3,0.1907859749578857,8.90701785461121,0.5963544773242204,0.9872645692626899,0.7925262916275474,0.6327712710571015,0.45,1.2,0,0->13->4->19
44,18,Dijkstra,1.9278529824215487,242.7617544682066,3,0.1974237933851961,9.977915808707893,0.6009817463560929,0.9871853541009142,0.7932141071176768,0.6426176608071829,0.45,1.2,0,0->13->4->19
44,19,Dijkstra,1.8735714239352665,240.91447458918424,3,0.19469567193590456,9.144743415429465,0.5971284975468033,0.9742902964437627,0.8061287976662651,0.6245238079784222,0.45,1.2,0,0->13->4->19
44,20,Dijkstra,1.7530438540587525,228.10456652631785,3,0.18708911825478944,17.72722054921572,0.6237953345495952,0.9120722248874703,0.7401748368556903,0.5843479513529175,0.45,1.2,0,0->13->4->19
44,21,Dijkstra,1.7089471813671646,214.03185654226598,3,0.17987237495336703,24.593971266050158,0.641190437921936,0.8395138261582762,0.6583059237256667,0.5696490604557215,0.45,1.2,0,0->13->4->19
44,22,Dijkstra,1.763133792103198,204.00804853155438,3,0.17562665016137377,28.82719230210685,0.6656818840611328,0.7601961322752606,0.6869260835282264,0.5877112640343993,0.45,1.2,0,0->13->4->19
44,23,Dijkstra,1.7127551296240702,218.9673477212277,3,0.19004432386433903,29.636623933121694,0.6437555774473067,0.6633520270362699,0.7054662898327031,0.5709183765413567,0.45,1.2,1,0->2->1->19
44,24,Dijkstra,1.6331026246727904,220.35608493607418,3,0.18887934361798867,30.883665081164693,0.6418002866989702,0.6555931296384155,0.6814654103147173,0.5443675415575968,0.45,1.2,0,0->2->1->19
44,25,Dijkstra,1.601366447680852,195.8477242632432,3,0.17370035131644335,31.691158472634424,0.6634930134140974,0.7267794015540855,0.6372327276063958,0.5337888158936174,0.45,1.2,1,0->13->4->19
44,26,Dijkstra,1.6146956241196238,199.26929172530555,3,0.1724897344554195,33.401149429922135,0.6687672198536262,0.7609918628946181,0.6684995780137701,0.5382318747065412,0.45,1.2,0,0->13->4->19
44,27,Dijkstra,1.5846555436766412,198.34714626310432,3,0.17296355065935573,34.33065612829706,0.6723170035279917,0.7621776567653981,0.6634336731811339,0.5282185145588804,0.45,1.2,0,0->13->4->19
44,28,Dijkstra,1.6623532384164181,200.84804081831766,3,0.17537576618461148,36.413994432946865,0.6723106614964443,0.7731502711474093,0.664502805281692,0.554117746138806,0.45,1.2,0,0->13->4->19
44,29,Dijkstra,1.6283819097539016,199.4282584616813,3,0.17729992531136615,36.67436056110404,0.6716650605870361,0.762277113719418,0.6848675268469367,0.5427939699179672,0.45,1.2,0,0->13->4->19
44,30,Dijkstra,1.599972095562698,200.68320101394855,3,0.17964568323701458,38.553937415056275,0.6646719359729505,0.7656960280953556,0.7021993084982319,0.5333240318542326,0.45,1.2,0,0->13->4->19
44,31,Dijkstra,1.6165043975713054,203.10023583322635,3,0.18174546615479947,38.24966501857322,0.661950762828763,0.7654990515331702,0.6953191442068389,0.5388347991904351,0.45,1.2,0,0->13->4->19
44,32,Dijkstra,1.5809771019286285,198.54880841383485,3,0.18149168125635382,38.79528217401236,0.6581017815967055,0.7525041024447955,0.7017997862850944,0.5269923673095428,0.45,1.2,0,0->13->4->19
44,33,Dijkstra,1.5688897029388853,199.12205304430043,3,0.1813609132359053,37.975782639407136,0.659157811011794,0.7427662911754617,0.6764552335937356,0.5229632343129618,0.45,1.2,0,0->13->4->19
44,34,Dijkstra,1.625242461003312,199.4497249260769,3,0.18686539958415319,36.35019496938777,0.6629415811414577,0.7394565040518967,0.6996733716668121,0.541747487001104,0.45,1.2,0,0->13->4->19
44,35,Dijkstra,1.6405322205411617,199.58054346438757,3,0.18566235969919798,36.927557160092135,0.6610146914043665,0.7426948596964005,0.7044518139378954,0.5468440735137206,0.45,1.2,0,0->13->4->19
44,36,Dijkstra,1.6220317309490913,199.4044851522019,3,0.18552985442635492,36.434212841138795,0.6639745336725464,0.7550171132204527,0.6909712657317378,0.540677243649697,0.45,1.2,0,0->13->4->19
44,37,Dijkstra,1.5454511819903773,197.55540634572043,3,0.17901298547076025,37.894913864492786,0.663424831505311,0.7547313482133062,0.661604496744106,0.5151503939967924,0.45,1.2,0,0->13->4->19
44,38,Dijkstra,1.6165225712912277,195.10322967873446,3,0.17683991614039407,35.747673271009745,0.6635814247566145,0.7674029157589866,0.6823754772289563,0.5388408570970759,0.45,1.2,0,0->13->4->19
44,39,Dijkstra,1.6257636094670214,200.10490698647294,3,0.17753554525163362,31.447699368550406,0.6693132756430272,0.765008233998866,0.6806960389043931,0.5419212031556738,0.45,1.2,0,0->13->4->19
45,0,Dijkstra,1.3698306374018614,105.34501487417205,3,0.01629325362383935,51.34595561438971,0.8756570383487571,0.2168448489478161,0.5636839947526574,0.4566102124672871,0.45,1.2,0,0->4->13->19
45,1,Dijkstra,1.3999327104639323,106.90871102106007,3,0.017255698610635136,52.58129912318335,0.8803917811630121,0.20527059667526118,0.5684067256569425,0.4666442368213108,0.45,1.2,0,0->4->13->19
45,2,Dijkstra,1.4833285510072842,106.29863924172912,3,0.019251250534005306,53.20751949217552,0.8877614688850809,0.18975763160598302,0.596969904462065,0.4944428503357614,0.45,1.2,0,0->4->13->19
45,3,Dijkstra,1.5005311278450808,109.20531850279524,3,0.019273836256822875,52.266164307423615,0.8838678041049771,0.20766302491726715,0.6039002270737156,0.5001770426150269,0.45,1.2,0,0->4->13->19
45,4,Dijkstra,1.4937572998003574,107.60576431809807,3,0.020792013694409566,53.46908459525471,0.8856326369964237,0.19714966525558889,0.5899067035300828,0.49791909993345246,0.45,1.2,0,0->4->13->19
45,5,Dijkstra,1.4533638192280476,105.81150272341833,3,0.019720836516824526,55.50406209440434,0.8919208031167577,0.1906089384730919,0.5692860606983275,0.4844546064093492,0.45,1.2,0,0->4->13->19
45,6,Dijkstra,1.394848185979228,103.21213568086166,3,0.01905868874791818,55.18783385885004,0.8926947971593244,0.15618823600815648,0.5361549006284165,0.4649493953264094,0.45,1.2,0,0->4->13->19
45,7,Dijkstra,1.3748510750600047,106.03999461885391,3,0.020864949997426756,56.96129319750878,0.8929406925552689,0.15476236130534304,0.5147141529921427,0.4582836916866682,0.45,1.2,0,0->4->13->19
45,8,Dijkstra,1.3893044126474006,105.56804454384718,3,0.021482826555213563,58.91762360082644,0.8926041573352056,0.1669200718417064,0.524997646968092,0.46310147088246684,0.45,1.2,0,0->4->13->19
45,9,Dijkstra,1.4428307192045933,111.56309127745514,3,0.021391830406826764,59.874557670466295,0.8886925613571793,0.16028251078230757,0.5434960328995291,0.48094357306819774,0.45,1.2,0,0->4->13->19
45,10,Dijkstra,1.533527103841774,140.23998223646475,3,0.059639917886084214,47.339481809787095,0.8369837712674609,0.3996474709506306,0.5689963084626123,0.5111757012805913,0.45,1.2,0,0->4->13->19
45,11,Dijkstra,1.5696054854918453,164.7440940584748,3,0.09438414404070618,36.01182984376316,0.7733996726308948,0.6951392484665196,0.5811488763969134,0.5232018284972818,0.45,1.2,0,0->4->13->19
45,12,Dijkstra,1.7543612927885757,192.65219363174694,3,0.1324651203331898,21.84056501388119,0.7020328515653745,0.8265581941161968,0.6665534117191083,0.5847870975961919,0.45,1.2,0,0->4->13->19
45,13,Dijkstra,1.8009623719320982,231.08329066797023,3,0.16193598871775425,14.095470900910717,0.6479235522064073,0.9123437595035523,0.6617906118195706,0.6003207906440328,0.45,1.2,0,0->4->13->19
45,14,Dijkstra,1.189293265357962,265.63196132204774,3,0.22854817200945962,31.76006675846986,0.6099899865917117,1.0,0.4933992208997145,0.396431088452654,0.45,1.2,1,0->17->5->19
45,15,Dijkstra,1.799396871206061,267.32634578651243,3,0.22513095936127073,31.998689808202275,0.6048591210678519,0.988767929931134,0.7439973867689271,0.599798957068687,0.45,1.2,0,0->17->5->19
45,16,Dijkstra,1.8220732623538822,267.80583241536823,3,0.18604150466160255,10.972633198656808,0.6119926818591397,0.9819559207862457,0.6657380689324067,0.6073577541179608,0.45,1.2,1,0->4->13->19
45,17,Dijkstra,2.003790627044526,267.76171361483404,3,0.18541274517350856,10.253839054620075,0.6122550275310826,0.9963855904600667,0.7280979978786803,0.667930209014842,0.45,1.2,0,0->4->13->19
45,18,Dijkstra,1.9312494074104372,269.8189569931683,3,0.22903685782842853,30.77360241106068,0.5963738920502992,0.9812872704979186,0.8213098732257391,0.6437498024701457,0.45,1.2,1,0->17->5->19
45,19,Dijkstra,1.8205074532173025,265.7759177233712,3,0.23309676667597698,28.90330321018942,0.600207469091813,0.9701623556183584,0.7708870917089939,0.6068358177391008,0.45,1.2,0,0->17->5->19
45,20,Dijkstra,1.4488754412446245,253.79270729654627,3,0.22304616216775644,34.76351679991941,0.6198224990452414,0.8594203089420981,0.6411568554166615,0.4829584804148748,0.45,1.2,0,0->17->5->19
45,21,Dijkstra,1.73076750730376,238.394207045228,3,0.16661102636083536,17.990486632741696,0.6455534676040485,0.7966032146553074,0.6303809303045141,0.5769225024345866,0.45,1.2,1,0->4->13->19
45,22,Dijkstra,1.6558616436094926,224.07110534817068,3,0.15674938574817485,25.60219826397314,0.6675428698004225,0.6858398137560563,0.6802645278403362,0.5519538812031642,0.45,1.2,0,0->4->13->19
45,23,Dijkstra,1.7302206456075846,226.72153555779184,3,0.15208253161752466,26.715508060973708,0.668966177585301,0.7044928426408119,0.7112254971831238,0.5767402152025282,0.45,1.2,0,0->4->13->19
45,24,Dijkstra,1.6781127269498626,228.25103716212854,3,0.15351999747397774,27.931674386590988,0.6718341606029049,0.701802299099236,0.6896978643481629,0.5593709089832876,0.45,1.2,0,0->4->13->19
45,25,Dijkstra,1.5982224793812914,229.51942568734154,3,0.1569097205528682,26.567437341336888,0.6723930464513826,0.6835073680876801,0.661214598320935,0.5327408264604304,0.45,1.2,0,0->4->13->19
45,26,Dijkstra,1.5975563447744514,230.71281382548716,3,0.15612536432963695,25.844058700249406,0.6793852862317018,0.6748443569892292,0.6589464255454476,0.5325187815914838,0.45,1.2,0,0->4->13->19
45,27,Dijkstra,1.633532506645925,235.22858289801886,3,0.15452397452646585,26.960377860072484,0.6792782680374482,0.6711124285125818,0.6565698033786646,0.5445108355486417,0.45,1.2,0,0->4->13->19
45,28,Dijkstra,1.550578983810306,233.0868035634643,3,0.15277794527958624,26.590935783510215,0.6734503230631401,0.6722616051077125,0.5809045930722426,0.516859661270102,0.45,1.2,0,0->4->13->19
45,29,Dijkstra,1.5780365421853704,236.37127855752817,3,0.15150691243984643,27.27335751989777,0.6731996291102789,0.666896604962045,0.5724147254840065,0.5260121807284568,0.45,1.2,0,0->4->13->19
45,30,Dijkstra,1.5368603921099853,236.80296503380367,3,0.14980784494439528,27.637307038357022,0.6750736874318429,0.6529150350233507,0.559902023827768,0.512286797369995,0.45,1.2,0,0->4->13->19
45,31,Dijkstra,1.5372106632963027,236.1591395481351,3,0.14968695922472033,27.6658647032652,0.6804833519435555,0.6497293248691572,0.582207214420977,0.512403554432101,0.45,1.2,0,0->4->13->19
45,32,Dijkstra,1.5123690651719888,237.4011964998178,3,0.15008097883729063,29.622756273940468,0.6833768237807799,0.6593606690424831,0.5921443642766356,0.5041230217239963,0.45,1.2,0,0->4->13->19
45,33,Dijkstra,1.5126738107922244,238.59315608103248,3,0.15153286346337402,28.666031311797244,0.6814056723506994,0.6505959029718035,0.5595875910687665,0.5042246035974082,0.45,1.2,0,0->4->13->19
45,34,Dijkstra,1.5516618466044414,239.55966346811235,3,0.1534455374939578,28.408095357139214,0.6737509059799748,0.6565186004270718,0.5781555906090253,0.5172206155348138,0.45,1.2,0,0->4->13->19
45,35,Dijkstra,1.5002141812346212,238.2300809682984,3,0.15502756280703547,29.854141524213784,0.6664898725338256,0.649016360084346,0.5530441495109392,0.5000713937448737,0.45,1.2,0,0->4->13->19
45,36,Dijkstra,1.5540865059255504,243.74631309183889,3,0.15611350824757486,26.836451494191305,0.6645173232864366,0.6498909360456611,0.5755096467311311,0.5180288353085168,0.45,1.2,0,0->4->13->19
45,37,Dijkstra,1.5404938102001458,246.83078180565056,3,0.15768908247361335,24.15088051361052,0.6639003097978858,0.6399451120737886,0.5999327450400384,0.513497936733382,0.45,1.2,0,0->4->13->19
45,38,Dijkstra,1.5793638828283108,245.85235998840784,3,0.15470195941437825,23.97659943738796,0.6678498173337246,0.6599134864508625,0.6240158626107338,0.526454627609437,0.45,1.2,0,0->4->13->19
45,39,Dijkstra,1.6548628044496811,245.03923898826037,3,0.1548403836169804,24.395231392631405,0.6735514048486803,0.6778139247206791,0.6448780029140346,0.5516209348165604,0.45,1.2,0,0->4->13->19
46,0,Dijkstra,0.530353348809316,30.60700477771844,1,0.06027029752911368,33.990630655897604,0.7849430710550802,0.09611576246689849,0.530353348809316,0.530353348809316,0.45,1.2,0,0->19
46,1,Dijkstra,0.5442170423267406,31.41904294094868,1,0.05919766815407935,30.74396881785782,0.7802488516410332,0.11476416204126816,0.5442170423267406,0.5442170423267406,0.45,1.2,0,0->19
46,2,Dijkstra,0.543065920274541,30.357215317377378,1,0.05994568525477066,24.073000179689746,0.7892466875100028,0.09629227092185746,0.543065920274541,0.543065920274541,0.45,1.2,0,0->19
46,3,Dijkstra,0.5565382854561554,29.142293083399597,1,0.061498567443458,29.42253132383054,0.779071440245856,0.09479418806331791,0.5565382854561554,0.5565382854561554,0.45,1.2,0,0->19
46,4,Dijkstra,0.5682657175562768,29.72120201107154,1,0.05915645066003592,28.434057794671787,0.7915233968122956,0.09370201746244632,0.5682657175562768,0.5682657175562768,0.45,1.2,0,0->19
46,5,Dijkstra,0.5863560634776985,31.227770980936864,1,0.062407609259955046,28.328928980224454,0.7929943889395342,0.10899159606196199,0.5863560634776985,0.5863560634776985,0.45,1.2,0,0->19
46,6,Dijkstra,0.526004651446385,30.432647175426656,1,0.05876819158941642,30.476485172737775,0.7888877165309446,0.06043383331884521,0.526004651446385,0.526004651446385,0.45,1.2,0,0->19
46,7,Dijkstra,0.5022317083124478,30.42998551166835,1,0.05202397456393788,35.53258897633322,0.7878262019105136,0.04671240033763579,0.5022317083124478,0.5022317083124478,0.45,1.2,0,0->19
46,8,Dijkstra,0.4579298435835664,27.536611439757145,1,0.05172916046641218,32.84195816633288,0.7872392722278727,0.02622130948116335,0.4579298435835664,0.4579298435835664,0.45,1.2,0,0->19
46,9,Dijkstra,0.45008446832596427,24.941950625217956,1,0.051208845405174584,37.02427979763162,0.7904508536878364,0.03825358691584585,0.45008446832596427,0.45008446832596427,0.45,1.2,0,0->19
46,10,Dijkstra,0.4932869614900919,39.76072592559316,1,0.09083638963870028,14.975563836347405,0.7544568781889732,0.31888366079365854,0.4932869614900919,0.4932869614900919,0.45,1.2,0,0->19
46,11,Dijkstra,0.5408975357851326,52.396745530388216,1,0.1296765807780899,5.0,0.7260267681345169,0.44653478987462547,0.5408975357851326,0.5408975357851326,0.45,1.2,0,0->19
46,12,Dijkstra,0.5143400288442203,69.76195794788543,1,0.14863785134216906,5.0,0.711217409239409,0.6175362142042254,0.5143400288442203,0.5143400288442203,0.45,1.2,0,0->19
46,13,Dijkstra,0.5622664075813738,83.39014887528002,1,0.19250463853545063,5.0,0.6433569996522613,0.7708239521577162,0.5622664075813738,0.5622664075813738,0.45,1.2,0,0->19
46,14,Dijkstra,0.5728960369081434,93.6117529783957,1,0.22989219864130783,5.0,0.5687626360489305,0.9625618475682172,0.5728960369081434,0.5728960369081434,0.45,1.2,0,0->19
46,15,Dijkstra,0.5707110800584495,93.51392856123769,1,0.2340442655354423,6.45394458196964,0.561538948324856,0.9305054654798373,0.5707110800584495,0.5707110800584495,0.45,1.2,0,0->19
46,16,Dijkstra,0.6295741454497954,93.73833655645812,1,0.23415653447637644,6.312434034958391,0.5696818844920053,0.9337961467249388,0.6295741454497954,0.6295741454497954,0.45,1.2,0,0->19
46,17,Dijkstra,0.5806945321074372,95.7275764649202,1,0.24142039493712833,8.653632930933203,0.5706317880245355,0.9315298122566714,0.5806945321074372,0.5806945321074372,0.45,1.2,0,0->19
46,18,Dijkstra,0.6201580262936648,94.3788414554582,1,0.23895356207447688,8.63288444380787,0.564184672352154,0.9272957234173569,0.6201580262936648,0.6201580262936648,0.45,1.2,0,0->19
46,19,Dijkstra,0.6846021686851842,94.12879376067112,1,0.23933057033831728,12.054546817589726,0.5698728574682244,0.9502551649216052,0.6846021686851842,0.6846021686851842,0.45,1.2,0,0->19
46,20,Dijkstra,0.6074997557374167,90.01673175853043,1,0.2268452037296816,23.365763348155816,0.597296357320833,0.8368957867359539,0.6074997557374167,0.6074997557374167,0.45,1.2,0,0->19
46,21,Dijkstra,0.599442016057607,87.34688228513042,1,0.2148944364972402,34.32651940250497,0.6115177311585283,0.760891492866315,0.599442016057607,0.599442016057607,0.45,1.2,0,0->19
46,22,Dijkstra,0.6772294016842304,85.26801575503781,1,0.2069859350977244,43.061850673856846,0.6417131488236242,0.7156823842134331,0.6772294016842304,0.6772294016842304,0.45,1.2,0,0->19
46,23,Dijkstra,0.6830425379215287,84.71169718869105,1,0.2057216569469117,46.20888562101272,0.6461904247280842,0.7469455068203764,0.6830425379215287,0.6830425379215287,0.45,1.2,0,0->19
46,24,Dijkstra,0.6705572375919693,82.77485981159454,1,0.2075002280216541,45.288067961375226,0.6444006072751389,0.7581034315107384,0.6705572375919693,0.6705572375919693,0.45,1.2,0,0->19
46,25,Dijkstra,0.6465248634517855,82.70511241409667,1,0.20823666552651332,43.526479698288114,0.6364696529856174,0.7138912037970776,0.6465248634517855,0.6465248634517855,0.45,1.2,0,0->19
46,26,Dijkstra,0.6278713790203566,82.16575165915123,1,0.2031744589166712,45.844006074111874,0.6396863740592013,0.7339027009707584,0.6278713790203566,0.6278713790203566,0.45,1.2,0,0->19
46,27,Dijkstra,0.576994094889996,78.1507822706525,1,0.200567475556391,50.20115746393222,0.648376391890289,0.7295835205134422,0.576994094889996,0.576994094889996,0.45,1.2,0,0->19
46,28,Dijkstra,0.5662243790893298,78.17962197249265,1,0.19519631780165164,54.7154649693546,0.6578993904472714,0.7564311770684968,0.5662243790893298,0.5662243790893298,0.45,1.2,0,0->19
46,29,Dijkstra,0.5371115630684342,78.34927411479327,1,0.19471731652324098,54.715434082170475,0.6549639577446306,0.754692067667668,0.5371115630684342,0.5371115630684342,0.45,1.2,0,0->19
46,30,Dijkstra,0.54512548711418,76.27746890223861,1,0.19452225129364703,50.85854519678932,0.6583481186146672,0.771763715489205,0.54512548711418,0.54512548711418,0.45,1.2,0,0->19
46,31,Dijkstra,0.5403141143728853,77.42582842120083,1,0.1878475255082798,47.51255714485953,0.6745075617607397,0.7687666128343796,0.5403141143728853,0.5403141143728853,0.45,1.2,0,0->19
46,32,Dijkstra,0.5306813489688154,78.3222243162936,1,0.1853536902443274,47.39690364375083,0.6765225569286873,0.7743808687710781,0.5306813489688154,0.5306813489688154,0.45,1.2,0,0->19
46,33,Dijkstra,0.544029608777088,77.3207611855062,1,0.18776301819475066,46.136494708981445,0.6615911494950137,0.7764051823606927,0.544029608777088,0.544029608777088,0.45,1.2,0,0->19
46,34,Dijkstra,0.5701312932629914,75.45865161163185,1,0.18685679977696795,49.29353422392122,0.65710372432121,0.8225065938154021,0.5701312932629914,0.5701312932629914,0.45,1.2,0,0->19
46,35,Dijkstra,0.5730977243957172,78.63923667453346,1,0.18982957528809824,47.997911141030976,0.6758141920150534,0.8150153377772952,0.5730977243957172,0.5730977243957172,0.45,1.2,0,0->19
46,36,Dijkstra,0.587214696525311,77.88071326375228,1,0.1883701363930264,40.82249362104831,0.6696883479712394,0.8127140863518225,0.587214696525311,0.587214696525311,0.45,1.2,0,0->19
46,37,Dijkstra,0.5596401618594427,77.07441736376833,1,0.1939837806488045,42.97857245926234,0.672942216313436,0.7647069573802034,0.5596401618594427,0.5596401618594427,0.45,1.2,0,0->19
46,38,Dijkstra,0.5486950978513666,76.85986554787077,1,0.19744705808968363,42.2925340633833,0.6801796988559629,0.7513262464173228,0.5486950978513666,0.5486950978513666,0.45,1.2,0,0->19
46,39,Dijkstra,0.555497895833447,76.64439873557833,1,0.2001274727887408,38.76886957931398,0.6855096250692522,0.736466006805314,0.555497895833447,0.555497895833447,0.45,1.2,0,0->19
42,0,QT-APP,0.8732118504140169,51.46159171854491,2,0.014585928563402392,68.67028550050289,0.76780751079835,0.2154193293817115,0.5796504023371737,0.43660592520700847,0.45,1.2,0,0->18->19
42,1,QT-APP,1.294501760767911,42.69883063534616,3,0.04570944114963559,76.1767695364962,0.8595389318001857,0.3689272704575875,0.48408327522733435,0.431500586922637,0.43,1.22,1,0->12->11->19
42,2,QT-APP,1.421719841090405,84.89385224079116,4,0.054676170398862335,69.74678993107503,0.9093400898385564,0.13271309761934746,0.44598666509862034,0.35542996027260126,0.46499999999999997,1.195,1,0->5->7->18->19
42,3,QT-APP,0.813909792519131,54.7146519802316,2,0.01420426027438991,70.2721625887252,0.7815168491426915,0.18970520731522383,0.5421641219174166,0.4069548962595655,0.46499999999999997,1.195,1,0->18->19
42,4,QT-APP,1.3610979979763502,88.60934352529856,4,0.055576377684076236,70.8223319488983,0.9084378912912952,0.12014369542930935,0.46503964197679565,0.34027449949408756,0.5,1.1700000000000002,1,0->5->7->18->19
42,5,QT-APP,1.7777101402533741,88.69472359871922,5,0.026856972856702348,57.36545581871727,0.879972918796384,0.19018299546539696,0.6285433678700408,0.3555420280506748,0.535,1.1450000000000002,1,0->5->2->14->18->19
42,6,QT-APP,1.3293831162900085,39.5468185010975,3,0.046450086867371655,72.55818070068766,0.8715047552662956,0.38071511691997845,0.5012258888232428,0.44312770543000285,0.5700000000000001,1.1200000000000003,1,0->12->11->19
42,7,QT-APP,0.8451643189351635,51.6649636545815,2,0.019166754950668767,73.19067562382335,0.7760359124876228,0.18095820263151263,0.5739528607514968,0.42258215946758176,0.6050000000000001,1.0950000000000004,1,0->18->19
42,8,QT-APP,1.2584165628028585,61.91318547379811,3,0.03803365238424681,72.55138931124391,0.8775704807303152,0.306867579242662,0.5077616719812663,0.41947218760095284,0.6400000000000001,1.0700000000000005,1,0->12->13->19
42,9,QT-APP,1.706970098186447,109.21830363960987,4,0.041996989727184415,53.61649504376053,0.9069980689143246,0.176530864632516,0.5729091762677738,0.42674252454661177,0.6750000000000002,1.0450000000000006,1,0->5->10->4->19
42,10,QT-APP,0.9770931550681328,70.36455703031623,2,0.059012983287102985,64.76624554748854,0.7217964895175883,0.49177795211205244,0.5605031873960895,0.4885465775340664,0.7100000000000002,1.0200000000000007,1,0->18->19
42,11,QT-APP,1.7596986009938853,128.1226135252804,3,0.11236980347606011,37.6052342348711,0.7074393768438348,0.8361187106042056,0.7683200316926028,0.5865662003312951,0.7450000000000002,0.9950000000000007,1,0->6->11->19
42,12,QT-APP,2.148675240574706,228.10668790988424,4,0.15391071772193146,28.800808884283377,0.7321392823229462,0.8167458289347911,0.7018413176650008,0.5371688101436765,0.7800000000000002,0.9700000000000006,1,0->5->7->18->19
42,13,QT-APP,1.3466599441351108,123.25065165887912,2,0.17154948375115298,16.652745785960057,0.568976583878274,1.0,0.6890494479837992,0.6733299720675554,0.8150000000000003,0.9450000000000006,1,0->18->19
42,14,QT-APP,0.9081314758888295,139.23011123467006,2,0.20267358134791968,8.379919052383649,0.4947080562139261,1.0,0.48724360260112903,0.45406573794441474,0.8500000000000003,0.9200000000000006,0,0->18->19
42,15,QT-APP,1.2501003603693976,142.9871146084977,2,0.20363081171286979,11.92723551707817,0.4909249139959593,0.9878877418530851,0.6935448184333379,0.6250501801846988,0.8850000000000003,0.8950000000000006,0,0->18->19
42,16,QT-APP,1.3600394329249044,147.96537967141708,2,0.2062037032997185,8.865923373215681,0.48435669013640203,0.9848697701823294,0.7409709172951404,0.6800197164624522,0.9200000000000004,0.8700000000000006,0,0->18->19
42,17,QT-APP,1.751892992008921,197.03346177793867,3,0.20524578671401958,15.469036431280882,0.6153425604060389,0.9902803697893381,0.608831976419293,0.5839643306696404,0.9550000000000004,0.8450000000000005,1,0->12->11->19
42,18,QT-APP,1.540062677802254,187.06143494844267,3,0.21264616639813116,12.682377401742704,0.6343194596345663,0.9570675614230847,0.5806916935875372,0.5133542259340846,0.9900000000000004,0.8200000000000005,1,0->12->13->19
42,19,QT-APP,1.3396846820505253,145.8222266227379,2,0.20674880467803053,7.622087964414802,0.49313227195285564,0.9670019212241546,0.6990587551434265,0.6698423410252626,1.0,0.7950000000000005,1,0->18->19
42,20,QT-APP,1.833383382363139,200.97939325974545,3,0.18591525343076087,17.177981652842373,0.5511813995519291,0.8783821690391685,0.6864099698557564,0.6111277941210463,1.0,0.7700000000000005,1,0->6->11->19
42,21,QT-APP,1.7131639174181044,170.9381609432732,3,0.18767118528730528,28.41044828610069,0.645344728933082,0.8072032023726172,0.5886447541565506,0.5710546391393682,1.0,0.7450000000000004,1,0->12->11->19
42,22,QT-APP,1.5540380038952157,157.25907301865183,3,0.18979223098277168,30.737957466459232,0.7015099732784247,0.6524532812654832,0.5964478857241069,0.518012667965072,1.0,0.7450000000000004,1,0->12->13->19
42,23,QT-APP,1.6941857170786343,156.71724288184032,3,0.17362104011130985,32.735951529213686,0.6715783479148869,0.7844023985400589,0.6177704931565109,0.5647285723595448,1.0,0.7450000000000004,1,0->12->11->19
42,24,QT-APP,1.683298676338242,155.8741162538861,3,0.1749581976961537,36.23186580440092,0.6648883964268769,0.7622782651055368,0.6003854685704101,0.561099558779414,1.0,0.7450000000000004,0,0->12->11->19
42,25,QT-APP,2.385026521824738,276.5833403209226,4,0.1734938134484255,32.447212041143835,0.617235074496742,0.6550798106691303,0.7333566993103565,0.5962566304561845,1.0,0.7450000000000004,1,0->18->14->1->19
42,26,QT-APP,1.2156386133174486,125.60892639178032,2,0.16261738098783474,33.98399076570207,0.5344211316872634,0.672839387615178,0.6658040113823981,0.6078193066587243,1.0,0.7200000000000004,1,0->18->19
42,27,QT-APP,1.6810449450614904,173.0167936828763,3,0.15652206568025898,31.858365570225754,0.5873299749342286,0.6984140321888997,0.6291945075198161,0.5603483150204968,1.0,0.6950000000000004,1,0->6->11->19
42,28,QT-APP,1.147188066290613,123.6445026414408,2,0.16490239393954365,37.74997175690076,0.5381182669842315,0.6858279100966949,0.6303483850248877,0.5735940331453065,1.0,0.6700000000000004,1,0->18->19
42,29,QT-APP,1.7320197197487626,173.732718125821,3,0.15694921706474577,31.145449600119324,0.5841633538041219,0.7096123944409833,0.6354023309135898,0.5773399065829209,1.0,0.6450000000000004,1,0->6->11->19
42,30,QT-APP,1.232713539814236,121.22290904637799,2,0.17492217089593085,39.83726249186985,0.5415589956728586,0.6923887536887927,0.7032441849068144,0.616356769907118,1.0,0.6200000000000003,1,0->18->19
42,31,QT-APP,1.6457534470209758,211.15741042132944,3,0.16111676218716095,34.38051081011697,0.6925266601972457,0.6079646353498265,0.6293585182254936,0.5485844823403253,1.0,0.5950000000000003,1,0->12->4->19
42,32,QT-APP,1.2174217221541532,124.08954138972622,2,0.17459548650910384,41.990629360235886,0.5300244315498714,0.6584520829848306,0.6924753235547413,0.6087108610770766,1.0,0.5700000000000003,1,0->18->19
42,33,QT-APP,1.6485591348481177,162.57746720096068,3,0.1639901858924604,32.2327695666111,0.5806336787016745,0.676042839039919,0.6156157684741277,0.5495197116160392,1.0,0.5450000000000003,1,0->6->11->19
42,34,QT-APP,1.160965304132929,120.22877613176206,2,0.17555243702402923,43.56687568655985,0.5407083144011788,0.6666936864775646,0.6737610250593664,0.5804826520664645,1.0,0.5200000000000002,1,0->18->19
42,35,QT-APP,1.5901333807680178,155.885881985659,3,0.16237644366237858,32.82087193878632,0.5870753104642417,0.6565655365223928,0.5570917942478895,0.5300444602560059,1.0,0.4950000000000002,1,0->6->11->19
42,36,QT-APP,1.3988248646483266,171.97878505818625,3,0.18116984855632737,24.990524129443568,0.7007174701801082,0.5543005764383668,0.5361651115994188,0.46627495488277554,1.0,0.4700000000000002,1,0->12->13->19
42,37,QT-APP,1.1945382490700869,124.40607288970313,2,0.18081008356485928,41.83734286753744,0.5530029351021245,0.6818614138590458,0.6576447183259386,0.5972691245350434,1.0,0.4700000000000002,1,0->18->19
42,38,QT-APP,1.5797029112443515,163.75843859053657,3,0.16224219241272783,35.07194472209241,0.5974182565994329,0.6402671524113828,0.5512664577979731,0.5265676370814505,1.0,0.4700000000000002,1,0->6->11->19
42,39,QT-APP,1.2120098505243602,125.99970950842864,2,0.18472709854911537,42.79239030696853,0.551576702531416,0.6853495191271387,0.675997165809376,0.6060049252621801,1.0,0.4450000000000002,1,0->18->19
43,0,QT-APP,0.48430011911375276,16.53393621602243,1,0.04049362632730225,84.59213620069995,0.913536917446924,0.5186841176489592,0.48430011911375276,0.48430011911375276,0.45,1.2,0,0->19
43,1,QT-APP,2.1395011773697465,121.70920309584916,4,0.06087119671629994,63.408211618750975,0.8319492289706614,0.2752355946579925,0.7021654365308616,0.5348752943424366,0.43,1.22,1,0->12->7->16->19
43,2,QT-APP,0.48730959405743457,17.661734227955968,1,0.043465738868589975,83.92387745900288,0.9201886631620989,0.5433620970921003,0.48730959405743457,0.48730959405743457,0.46499999999999997,1.195,1,0->19
43,3,QT-APP,0.48746825543014305,17.79290792013265,1,0.04411710435070334,86.3487994303513,0.9228847470811824,0.5371813896376861,0.48746825543014305,0.48746825543014305,0.5,1.1700000000000002,0,0->19
43,4,QT-APP,0.5009689555482117,18.209977188673875,1,0.04618215801663606,90.01046175154704,0.8997792590338207,0.5521379523413998,0.5009689555482117,0.5009689555482117,0.48,1.1900000000000002,0,0->19
43,5,QT-APP,0.499565971066349,15.490526634081565,1,0.04732187922681963,85.47087608414245,0.8956517132787248,0.5409244435684435,0.499565971066349,0.499565971066349,0.45999999999999996,1.2100000000000002,0,0->19
43,6,QT-APP,0.5005617317526505,15.77163316220354,1,0.05114488401070858,83.79162326085638,0.9004863607459526,0.5567826727906892,0.5005617317526505,0.5005617317526505,0.43999999999999995,1.2300000000000002,0,0->19
43,7,QT-APP,0.4875213001685815,15.715052546846678,1,0.04894944799313432,84.57908622731759,0.8963206112512151,0.5399826801079838,0.4875213001685815,0.4875213001685815,0.41999999999999993,1.2500000000000002,0,0->19
43,8,QT-APP,1.3398818160968302,113.23917826188935,2,0.051281683011652236,56.51726605233895,0.8254951536934174,0.3031722096935034,0.7181354646494869,0.6699409080484151,0.3999999999999999,1.2700000000000002,1,0->12->19
43,9,QT-APP,0.5173123731340304,15.683441059451107,1,0.058881327828373256,79.88226574206,0.8896646104238699,0.5505936023075086,0.5173123731340304,0.5173123731340304,0.43499999999999994,1.2450000000000003,1,0->19
43,10,QT-APP,0.48876568434069567,22.444354959860377,1,0.09264187969154211,73.6332498748555,0.8221600207437206,0.8824284234138466,0.48876568434069567,0.48876568434069567,0.47,1.2200000000000004,0,0->19
43,11,QT-APP,2.3720899444086014,210.6709760957083,4,0.1300847002683671,37.74750789030091,0.7027349973417968,0.8056986666354062,0.7118062393977623,0.5930224861021504,0.47,1.2200000000000004,1,0->12->7->16->19
43,12,QT-APP,0.47861672501114966,40.25318922170423,1,0.1346276843374995,45.88632839871171,0.7363919731510861,1.0,0.47861672501114966,0.47861672501114966,0.505,1.1950000000000005,1,0->19
43,13,QT-APP,0.4996958499775307,50.75176872822903,1,0.17979946017066414,38.2024316193817,0.67433295212907,1.0,0.4996958499775307,0.4996958499775307,0.54,1.1700000000000006,0,0->19
43,14,QT-APP,0.3522429337745803,62.91505754012798,1,0.22479700249498502,19.156500664312084,0.6034328501212847,1.0,0.3522429337745803,0.3522429337745803,0.5750000000000001,1.1450000000000007,0,0->19
43,15,QT-APP,0.6125297733146928,62.2561216720812,1,0.22341762928695313,19.622613871928802,0.5966349797210988,1.0,0.6125297733146928,0.6125297733146928,0.6100000000000001,1.1200000000000008,0,0->19
43,16,QT-APP,0.6122443771219177,61.26622359409014,1,0.2247369827593923,24.62350074190322,0.5783819118985836,1.0,0.6122443771219177,0.6122443771219177,0.6450000000000001,1.0950000000000009,0,0->19
43,17,QT-APP,0.6206241962881401,63.89684677161896,1,0.22611372125832288,23.669531277986046,0.582863530639238,1.0,0.6206241962881401,0.6206241962881401,0.6800000000000002,1.070000000000001,0,0->19
43,18,QT-APP,2.8991900927433787,353.3906806665389,5,0.22555882000769892,23.695127415111326,0.5997561770239708,0.9785814923454614,0.718244820150224,0.5798380185486758,0.7150000000000002,1.045000000000001,1,0->9->18->14->16->19
43,19,QT-APP,0.5559004199453772,67.39859318780462,1,0.2355138304421643,23.04619575823728,0.5847893704776317,0.9687110923070026,0.5559004199453772,0.5559004199453772,0.7500000000000002,1.0200000000000011,1,0->19
43,20,QT-APP,1.3017026983830535,215.3329461574054,2,0.2017375874495838,23.8991886576272,0.586491357052378,0.8350366355677604,0.672036603263839,0.6508513491915268,0.7850000000000003,0.9950000000000011,1,0->12->19
43,21,QT-APP,0.49889219634057547,55.715703516384814,1,0.20732979555599415,33.35706318498583,0.6399066393823163,0.7719422094627316,0.49889219634057547,0.49889219634057547,0.8200000000000003,0.9700000000000011,1,0->19
43,22,QT-APP,0.5125705354600724,51.35510485281033,1,0.19900376573767475,37.19013035269745,0.663523734977366,0.6976678737281166,0.5125705354600724,0.5125705354600724,0.8550000000000003,0.9450000000000011,0,0->19
43,23,QT-APP,1.9492778748367634,236.3747439264233,4,0.2141240938584567,45.006697097524196,0.6265367934383786,0.661815226296596,0.5376097947893717,0.48731946870919085,0.8550000000000003,0.9450000000000011,1,0->4->14->16->19
43,24,QT-APP,0.4358044898959621,50.068595497827985,1,0.2045452467481949,37.99671286274493,0.6852904457662364,0.6713611737784646,0.4358044898959621,0.4358044898959621,0.8900000000000003,0.920000000000001,1,0->19
43,25,QT-APP,0.4204690710428241,49.32732309448943,1,0.2063715273079474,40.0817378637471,0.6780475045428294,0.6515380542027875,0.4204690710428241,0.4204690710428241,0.9250000000000004,0.895000000000001,0,0->19
43,26,QT-APP,0.4047548642189732,49.151684631568955,1,0.21025472568002598,38.8696930229802,0.6744977377480096,0.6258088371831018,0.4047548642189732,0.4047548642189732,0.9250000000000004,0.895000000000001,0,0->19
43,27,QT-APP,0.3582815037811763,48.119610709187135,1,0.2073701860425385,37.210185021858464,0.6762166998959404,0.5678251558489505,0.3582815037811763,0.3582815037811763,0.9250000000000004,0.895000000000001,0,0->19
43,28,QT-APP,1.0271227030663495,184.13076798567477,2,0.16859060545427074,31.45268913193346,0.6333463450721057,0.5192871494715008,0.5195858334577882,0.5135613515331747,0.9250000000000004,0.895000000000001,1,0->12->19
43,29,QT-APP,0.3470303550059934,47.07544102156084,1,0.20963606338413449,35.5276784681512,0.6714685562264524,0.5526212929344394,0.3470303550059934,0.3470303550059934,0.9600000000000004,0.870000000000001,1,0->19
43,30,QT-APP,0.336488581181061,47.07149339979555,1,0.21415509756864543,33.87735767852814,0.670095435724365,0.511538698830464,0.336488581181061,0.336488581181061,0.9950000000000004,0.845000000000001,0,0->19
43,31,QT-APP,0.36985390825717257,49.2371668935142,1,0.21680791986318568,33.74976728007472,0.6706142836740566,0.5393864249945554,0.36985390825717257,0.36985390825717257,0.9950000000000004,0.845000000000001,0,0->19
43,32,QT-APP,1.0689766303788353,182.390481818824,2,0.1754966642671404,31.28411129065503,0.6368902670979525,0.5133698148546273,0.5411649274547662,0.5344883151894176,0.9950000000000004,0.845000000000001,1,0->12->19
43,33,QT-APP,0.35404257884475454,49.254765580963735,1,0.20819748987788744,31.57411833264507,0.6704695942949228,0.5024832416398598,0.35404257884475454,0.35404257884475454,1.0,0.820000000000001,1,0->19
43,34,QT-APP,1.0120166183984165,182.66931293261598,2,0.1724721489783192,35.6173627920611,0.6369284974540882,0.5124678225650254,0.5138165189340655,0.5060083091992083,1.0,0.7950000000000009,1,0->12->19
43,35,QT-APP,0.3615374130639259,47.810975426898274,1,0.20948861571022048,29.2585769462202,0.6558740521518319,0.5311421246212082,0.3615374130639259,0.3615374130639259,1.0,0.7700000000000009,1,0->19
43,36,QT-APP,0.3647723033302683,47.460897986340846,1,0.21330486394451054,29.02415371650758,0.6557161399024605,0.5437683153711594,0.3647723033302683,0.3647723033302683,1.0,0.7450000000000009,0,0->19
43,37,QT-APP,0.36786604177111376,49.48689491528911,1,0.21202733088270573,26.646363867275987,0.6571854508908539,0.5014726531923164,0.36786604177111376,0.36786604177111376,1.0,0.7450000000000009,0,0->19
43,38,QT-APP,1.0297365560432128,188.15615945036484,2,0.17114202676413637,39.01526295958209,0.6337284512432212,0.5176901838246886,0.574961198794076,0.5148682780216064,1.0,0.7450000000000009,1,0->12->19
43,39,QT-APP,0.35370855487451824,49.79954943974681,1,0.21683020014491486,32.46158431726299,0.6423233718065635,0.4739300549290834,0.35370855487451824,0.35370855487451824,1.0,0.7200000000000009,1,0->19
44,0,QT-APP,1.6122910811198188,107.5385483569643,3,0.0408131981085156,61.73340541518227,0.8561122604952801,0.31059025031430715,0.6365374491260837,0.537430360373273,0.45,1.2,0,0->2->1->19
44,1,QT-APP,2.071152825854361,122.12245138390502,4,0.047747722664261194,64.88987040995731,0.8960764340992466,0.3624280967073268,0.7263299118840217,0.5177882064635903,0.43,1.22,1,0->12->13->4->19
44,2,QT-APP,1.6574401428070964,112.8704620291276,3,0.0424608352393325,63.32587105270088,0.8696347989248188,0.3108535940041706,0.6484688588467902,0.5524800476023655,0.46499999999999997,1.195,1,0->2->1->19
44,3,QT-APP,2.0653945583837836,110.07458732515306,4,0.030417566701012977,53.67267847966795,0.821331288066572,0.32522650031391664,0.6163735805895197,0.5163486395959459,0.5,1.1700000000000002,1,0->2->10->1->19
44,4,QT-APP,2.1665793287392803,117.68379050137932,4,0.055078543563745766,65.51993325873835,0.8864959628110899,0.3738487545951876,0.6869975375000269,0.5416448321848201,0.535,1.1450000000000002,1,0->9->5->4->19
44,5,QT-APP,1.7310326886230134,119.17531918442936,3,0.04000729357665771,58.00288102477262,0.8659413414203461,0.3248273681450923,0.655831438698455,0.5770108962076711,0.515,1.1650000000000003,1,0->2->1->19
44,6,QT-APP,2.0189365516964934,111.0781888433443,4,0.051735335240007695,64.19559007451797,0.8870316166420819,0.3688243610905212,0.6349445373324359,0.5047341379241234,0.55,1.1400000000000003,1,0->9->5->4->19
44,7,QT-APP,1.7828465375722073,107.18889122536433,3,0.033506983860837794,65.23075526337207,0.8222585572643908,0.3935969250876769,0.6459395937962192,0.5942821791907358,0.5850000000000001,1.1150000000000004,1,0->12->1->19
44,8,QT-APP,1.653819402615322,98.31504062090346,3,0.033678113192149105,39.50192591499309,0.8555965044607903,0.3499844873886679,0.6563616225268697,0.5512731342051073,0.5850000000000001,1.1150000000000004,1,0->13->4->19
44,9,QT-APP,1.5678071117093402,95.58988808625016,3,0.026299937862067885,57.850137638186766,0.9299586036413953,0.44621334543734487,0.651382577217097,0.5226023705697801,0.5650000000000001,1.1350000000000005,1,0->12->4->19
44,10,QT-APP,2.269694587399561,166.93649830639316,4,0.09259871147809906,48.10989503057804,0.832775386493497,0.5986281967070246,0.72355573698125,0.5674236468498902,0.545,1.1550000000000005,1,0->9->5->4->19
44,11,QT-APP,1.878131901803616,154.98216101800148,3,0.10411003328933595,41.21235204219203,0.6955850380490863,0.9242112797277079,0.691293916158197,0.626043967267872,0.5800000000000001,1.1300000000000006,1,0->12->1->19
44,12,QT-APP,1.9445453410548197,173.46339501511557,3,0.1200309680008629,27.062963430898805,0.6370832916497605,1.0,0.7457936722173056,0.6481817803516066,0.6150000000000001,1.1050000000000006,0,0->12->1->19
44,13,QT-APP,2.3853098763010787,259.35493322922787,4,0.17740448578147144,11.786621098023165,0.6146456220209531,0.956010191860314,0.752311349849121,0.5963274690752697,0.6500000000000001,1.0800000000000007,1,0->2->10->1->19
44,14,QT-APP,1.09612874261282,230.53292043512033,3,0.18521073599248253,12.348461988764868,0.6290805082114037,1.0,0.47821374545897394,0.3653762475376066,0.6850000000000002,1.0550000000000008,1,0->12->4->19
44,15,QT-APP,2.159855449039766,336.5374663690492,4,0.18199290937921936,5.941160295669199,0.6014589319417442,0.9657750022649625,0.6654593679294416,0.5399638622599415,0.7200000000000002,1.030000000000001,1,0->2->7->1->19
44,16,QT-APP,2.3070543977067812,299.2942405897727,4,0.2217348137635684,6.162716876844069,0.5785685326954362,0.9666221995953689,0.7205895033881217,0.5767635994266953,0.7550000000000002,1.005000000000001,1,0->2->10->1->19
44,17,QT-APP,2.390855314330726,336.8651310251688,4,0.21303687372955746,22.548632356776654,0.6209075037701153,0.9851555133702561,0.7447065454785199,0.5977138285826815,0.7900000000000003,0.980000000000001,1,0->12->13->4->19
44,18,QT-APP,1.720817073850494,228.23246167006573,3,0.18190889389199535,12.329128668349838,0.6257257300661155,0.9861902954895431,0.6904793142702964,0.573605691283498,0.8250000000000003,0.955000000000001,1,0->12->4->19
44,19,QT-APP,1.8253926946246612,269.81485490487404,3,0.1963111863909619,5.204367526173058,0.6214891353040207,0.9455836058246936,0.7538182595863107,0.6084642315415537,0.8600000000000003,0.9300000000000009,1,0->2->4->19
44,20,QT-APP,2.1549887294884216,294.8291996901817,4,0.20994418056097003,22.721896679214836,0.6375974534716211,0.8550120229851186,0.6916067504290185,0.5387471823721054,0.8950000000000004,0.9050000000000009,1,0->9->7->1->19
44,21,QT-APP,2.186387328874493,266.4344349065629,4,0.2022652084985487,18.556036763244215,0.6104523021059515,0.7723182269500674,0.6943868424568492,0.5465968322186232,0.9300000000000004,0.8800000000000009,1,0->2->10->1->19
44,22,QT-APP,1.5471525153860024,192.60013220422775,3,0.15825818271360612,25.459229433315684,0.68684653539593,0.6952743140867926,0.6442185871734782,0.5157175051286674,0.9300000000000004,0.8800000000000009,1,0->12->4->19
44,23,QT-APP,2.0996159852976777,242.9234998552309,3,0.18217020260780906,20.69014054590005,0.64877798337655,0.7321575722187722,0.7422581017755385,0.6998719950992259,0.9650000000000004,0.8550000000000009,1,0->13->4->19
44,24,QT-APP,2.0174591794175365,292.4506966078752,4,0.20697164062052092,46.44024481926917,0.6831616019892512,0.6206788381560525,0.5977549851174768,0.5043647948543841,1.0,0.8300000000000008,1,0->9->5->4->19
44,25,QT-APP,1.6526039807275668,225.14053240212752,3,0.16392895525152842,20.670582226295263,0.6736408744811339,0.6224232981706797,0.7114195646755963,0.5508679935758556,1.0,0.8300000000000008,1,0->2->4->19
44,26,QT-APP,2.121698340606649,263.05622671435935,4,0.19537796793068155,32.52207874815299,0.6673533168021497,0.6864852353468263,0.6385803552482358,0.5304245851516622,1.0,0.8050000000000008,1,0->9->7->1->19
44,27,QT-APP,2.078219070083509,281.25234501809416,4,0.18573262857917416,22.970876233610035,0.6448759240474156,0.6246543472698127,0.7011475668491183,0.5195547675208773,1.0,0.7800000000000008,1,0->13->2->4->19
44,28,QT-APP,1.8789688083143061,248.08159095248544,3,0.17483984104547165,22.18785628848049,0.647032713744289,0.7053796202125316,0.693318735635457,0.6263229361047687,1.0,0.7800000000000008,1,0->13->4->19
44,29,QT-APP,1.4603476856573225,222.89243985703172,3,0.15830798674636337,28.63910086437097,0.6638421702048051,0.5944219884403036,0.6072457288929961,0.4867825618857742,1.0,0.7800000000000008,1,0->2->4->19
44,30,QT-APP,2.061807140672345,254.0803581247135,4,0.1952350547288998,35.62570856315113,0.6664400601222866,0.6959373445108683,0.6784185983666802,0.5154517851680862,1.0,0.7550000000000008,1,0->9->7->1->19
44,31,QT-APP,1.5742640960982914,189.61113233760594,3,0.18647444659841217,48.599518734506944,0.5735827005847552,0.7154155528409092,0.6561487581259595,0.5247546986994305,1.0,0.7300000000000008,1,0->12->1->19
44,32,QT-APP,1.399652975165412,209.7420408379398,3,0.1552411452807332,31.901182005096235,0.6559429915387421,0.5921651031583167,0.5706414131708809,0.46655099172180403,1.0,0.7050000000000007,1,0->2->4->19
44,33,QT-APP,2.1742136832618284,278.3896727973886,4,0.19430837894845668,43.99094929187874,0.6468813165024428,0.7191650052425776,0.5930545169083867,0.5435534208154571,1.0,0.7050000000000007,1,0->2->15->1->19
44,34,QT-APP,1.3969407007017327,213.59371643288796,3,0.1562248808632377,32.368815510523866,0.6598961901366388,0.5658543363687386,0.5882251778785863,0.4656469002339109,1.0,0.6800000000000007,1,0->2->4->19
44,35,QT-APP,1.394791004653333,216.20325501850084,3,0.1555782157678272,31.944674758122545,0.6655932697454058,0.5506915983751886,0.5775012054829936,0.4649303348844443,1.0,0.6550000000000007,0,0->2->4->19
44,36,QT-APP,2.0362214792778945,284.58055632322703,4,0.20780195075529437,44.16862500640936,0.6754209848350541,0.6211446258071336,0.5230167710355741,0.5090553698194736,1.0,0.6550000000000007,1,0->9->5->4->19
44,37,QT-APP,2.1756149036511423,257.6771484370987,4,0.20661661209526153,39.619645736075796,0.6656551309897004,0.7122030768716638,0.6742920746165938,0.5439037259127856,1.0,0.6300000000000007,1,0->9->7->1->19
44,38,QT-APP,1.6234395759659948,194.63198394042553,3,0.1900701879593714,53.7650703188693,0.5979469195861646,0.7684430335104596,0.6319467844508891,0.5411465253219983,1.0,0.6300000000000007,1,0->12->1->19
44,39,QT-APP,2.044152307184206,259.069972660443,4,0.20324131392912803,34.69824117814811,0.6370979655826334,0.6365734945067487,0.6156837955370301,0.5110380767960515,1.0,0.6050000000000006,1,0->2->10->1->19
45,0,QT-APP,1.757896593881474,103.14719967013616,3,0.040952091341600626,75.98280536984915,0.8754454545522536,0.41933588381326653,0.7534605060156903,0.5859655312938247,0.45,1.2,0,0->17->5->19
45,1,QT-APP,1.347749136081264,107.4527904472786,3,0.01726336043160662,51.08710439683694,0.8722654417408648,0.2198602378012077,0.545483639843576,0.44924971202708797,0.43,1.22,1,0->4->13->19
45,2,QT-APP,2.228858816287196,140.51642640386035,5,0.03747418077866577,71.62032213500302,0.9133374096049197,0.28636278203996535,0.5135461683567227,0.44577176325743917,0.46499999999999997,1.195,1,0->17->2->4->13->19
45,3,QT-APP,1.3450824428191717,107.879331773813,3,0.018922635236558984,53.02437962799809,0.8853950305523869,0.20208770747632288,0.5461559431049657,0.44836081427305724,0.5,1.1700000000000002,1,0->4->13->19
45,4,QT-APP,2.4575639024452878,181.03262993216418,6,0.034220316795282237,63.22587262722781,0.9154844502340271,0.24577411348363973,0.59055678542364,0.4095939837408813,0.535,1.1450000000000002,1,0->17->1->7->4->13->19
45,5,QT-APP,1.2947457972864005,106.63101110234146,3,0.015298729525538207,55.271662635445075,0.8796009899437459,0.20040127256055404,0.4983382566920669,0.43158193242880016,0.5700000000000001,1.1200000000000003,1,0->4->13->19
45,6,QT-APP,1.2820836069076875,104.93036284248754,3,0.016250780963336795,58.491482794850036,0.874809822216594,0.19685105248089216,0.5127812505773525,0.4273612023025625,0.6050000000000001,1.0950000000000004,0,0->4->13->19
45,7,QT-APP,1.337625669522088,106.86036640720701,3,0.022917455738988738,59.69279072565515,0.8770718652515903,0.2126246932232939,0.5436000111033156,0.44587522317402933,0.5850000000000001,1.1150000000000004,0,0->4->13->19
45,8,QT-APP,2.8147900280566307,175.09065735391158,5,0.047539659145841906,81.31537561011264,0.8432315022887359,0.4596205385428339,0.6486033183536724,0.5629580056113261,0.5650000000000001,1.1350000000000005,1,0->4->2->17->5->19
45,9,QT-APP,1.5929931613678394,106.5754182976576,3,0.03379367907173369,79.05855614656748,0.8900866616653765,0.47509476081900665,0.650312231390113,0.5309977204559465,0.6000000000000001,1.1100000000000005,1,0->17->5->19
45,10,QT-APP,1.4492803218643753,136.2720369295965,3,0.06158037547345487,48.98835663024132,0.8248570123867855,0.43701768679728636,0.5856880007818381,0.4830934406214584,0.6350000000000001,1.0850000000000006,1,0->4->13->19
45,11,QT-APP,1.5558727254376483,168.57173300142335,3,0.09314440423035769,39.73371398947541,0.7763802402786822,0.6557696016584814,0.6407733735236869,0.5186242418125494,0.6350000000000001,1.0850000000000006,0,0->4->13->19
45,12,QT-APP,1.6843061845722391,199.5867907756558,3,0.12820353936193063,29.293751531906462,0.7241711211204428,0.8990437414247127,0.6492626513850126,0.561435394857413,0.6350000000000001,1.0850000000000006,0,0->4->13->19
45,13,QT-APP,2.0873172990280695,230.1919598976076,3,0.17209412571028895,16.4299278995093,0.6671059493192725,0.994044585528418,0.8072947685408632,0.6957724330093565,0.6350000000000001,1.0850000000000006,0,0->4->13->19
45,14,QT-APP,1.218817999583379,252.21170063563778,3,0.2010520051931695,30.4010032601122,0.57397883656145,1.0,0.5156417226836583,0.406272666527793,0.6700000000000002,1.0600000000000007,1,0->17->5->19
45,15,QT-APP,1.7251488496426997,261.11712414775184,3,0.19954852331501935,13.09152077493608,0.5972320682459987,0.9695771144521448,0.611004670101587,0.5750496165475666,0.7050000000000002,1.0350000000000008,1,0->4->13->19
45,16,QT-APP,1.8180589849121138,252.52400801075856,3,0.2038693413237502,30.087402210237613,0.5670170423610995,0.9809670659671204,0.6964232661753439,0.6060196616373713,0.7400000000000002,1.010000000000001,1,0->17->5->19
45,17,QT-APP,3.3836283498668673,431.10870765355673,5,0.23168201218780368,23.534467210690234,0.548084894287363,0.9740338243512294,0.7507447055501012,0.6767256699733735,0.7750000000000002,0.9850000000000009,1,0->4->2->17->5->19
45,18,QT-APP,1.8882904706735488,256.5921316420837,3,0.20225575486812866,18.517035905719027,0.6014686556441343,0.9671465907400592,0.6550144642047935,0.629430156891183,0.8100000000000003,0.9600000000000009,1,0->4->13->19
45,19,QT-APP,1.9636884234819165,259.10461018023227,3,0.2052063808357877,16.94036543227092,0.6116693705397338,0.9746191255580204,0.6681411996266197,0.6545628078273055,0.8450000000000003,0.9350000000000008,0,0->4->13->19
45,20,QT-APP,1.7191133970599402,242.6143187131632,3,0.19895713614045366,26.824148621721033,0.6302737972084089,0.8813842029678142,0.5943146694536829,0.5730377990199801,0.8800000000000003,0.9100000000000008,0,0->4->13->19
45,21,QT-APP,1.5411007742488914,227.90584176991393,3,0.18453710542582236,32.723557043547,0.6494695299684593,0.7608690909419565,0.5503042345271525,0.5137002580829638,0.9150000000000004,0.8850000000000008,0,0->4->13->19
45,22,QT-APP,1.5247170534930508,209.67138141286466,3,0.1694025307041758,50.90497287078131,0.6234277296507762,0.6949994924090671,0.650939980870546,0.5082390178310169,0.9150000000000004,0.8850000000000008,1,0->17->5->19
45,23,QT-APP,1.5563552457373548,220.96014115030536,3,0.16807741620243152,38.45835480107002,0.6688946446407451,0.6506217722181308,0.5615191341367888,0.5187850819124517,0.9150000000000004,0.8850000000000008,1,0->4->13->19
45,24,QT-APP,2.072707050701527,331.95383143071575,5,0.1741906854827126,45.58906450407336,0.7039090726138919,0.6328751527970908,0.5134091102714902,0.4145414101403054,0.9150000000000004,0.8850000000000008,1,0->17->2->4->13->19
45,25,QT-APP,1.4125075885834608,217.68552091329317,3,0.16563559157876423,37.49586775847411,0.6743453862053349,0.6492309688361199,0.5408106394617463,0.4708358628611536,0.9500000000000004,0.8600000000000008,1,0->4->13->19
45,26,QT-APP,1.4493258334843722,219.34028000478716,3,0.1681300409074938,35.67014580413331,0.675959996237638,0.6533991154509963,0.5386247551509772,0.48310861116145737,0.9850000000000004,0.8350000000000007,0,0->4->13->19
45,27,QT-APP,1.4592518626454258,219.36688894538705,3,0.16724234368032834,35.08536290182454,0.6736865833072933,0.6599545866941612,0.5496231674661414,0.4864172875484753,0.9850000000000004,0.8350000000000007,0,0->4->13->19
45,28,QT-APP,1.4353674954638072,217.07631738417,3,0.16333519156098628,35.04385416902783,0.6731575829692845,0.6448300681039957,0.545918350045211,0.47845583182126905,0.9850000000000004,0.8350000000000007,0,0->4->13->19
45,29,QT-APP,1.9050046648160688,289.5006555764468,4,0.17146620578246521,47.51102397180798,0.5893948330718557,0.6618500865979675,0.5719645106561466,0.4762511662040172,0.9850000000000004,0.8350000000000007,1,0->17->10->5->19
45,30,QT-APP,1.342369779302612,212.98055596277828,3,0.17100426371893515,51.509754120658165,0.6222114437339372,0.6882249155348278,0.5640291130939157,0.44745659310087066,1.0,0.8100000000000007,1,0->17->5->19
45,31,QT-APP,1.3826787668662783,213.7375263764937,3,0.16821692264605315,51.20652706515862,0.6205969084701493,0.7007752013123283,0.5671778690572026,0.46089292228875944,1.0,0.7850000000000007,0,0->17->5->19
45,32,QT-APP,1.3918164112021905,215.77399697420293,3,0.17076811426127372,50.53707329407123,0.6253894739469315,0.6915029132185181,0.5985317339032864,0.4639388037340635,1.0,0.7850000000000007,0,0->17->5->19
45,33,QT-APP,1.5090607728661878,214.7836369354947,3,0.17221298772765434,50.65114085457003,0.6197308941781605,0.6918206260903972,0.6467433963044129,0.5030202576220626,1.0,0.7850000000000007,0,0->17->5->19
45,34,QT-APP,1.375091175244206,213.25304461840793,3,0.17243296794409535,51.099496044168596,0.6255636867005506,0.6738112875638018,0.608903953626674,0.45836372508140205,1.0,0.7850000000000007,0,0->17->5->19
45,35,QT-APP,1.3930304985587714,210.9411287357831,3,0.174843556405658,53.55742145208607,0.6232816449302544,0.674155749258171,0.6272876639000428,0.4643434995195905,1.0,0.7850000000000007,0,0->17->5->19
45,36,QT-APP,1.3312127289927824,217.48334960205358,3,0.1641205652770072,39.20130252634096,0.6627444983516931,0.6185507594980466,0.49321392004361553,0.4437375763309275,1.0,0.7850000000000007,1,0->4->13->19
45,37,QT-APP,2.9882634203648024,381.9000679832926,6,0.17939356108091378,38.57357221081725,0.6137060884381252,0.6968785937467139,0.6724324594246156,0.49804390339413374,1.0,0.7850000000000007,1,0->17->3->15->10->5->19
45,38,QT-APP,1.9332157729295176,331.9495325792528,5,0.17531929238363872,49.82273690904502,0.7091632191579713,0.6225614164479429,0.48360821794617925,0.38664315458590354,1.0,0.7600000000000007,1,0->17->2->4->13->19
45,39,QT-APP,1.2762635693898756,214.67869512541924,3,0.16368898906275217,39.58715738825105,0.6626175201674178,0.5845054987920321,0.4616172509571325,0.4254211897966252,1.0,0.7350000000000007,1,0->4->13->19
46,0,QT-APP,0.530353348809316,30.60700477771844,1,0.06027029752911368,33.990630655897604,0.7849430710550802,0.09611576246689849,0.530353348809316,0.530353348809316,0.45,1.2,0,0->19
46,1,QT-APP,0.5425872065478998,30.1407728819822,1,0.06514265861664507,35.387676196756644,0.7799964363029415,0.10940128400878629,0.5425872065478998,0.5425872065478998,0.43,1.22,0,0->19
46,2,QT-APP,2.020390952447844,125.45861908483792,4,0.04119052734313676,37.57771969984451,0.8775387526647179,0.18491535454618313,0.5794536753296318,0.505097738111961,0.41,1.24,1,0->18->13->9->19
46,3,QT-APP,1.9950402205047844,85.13399075267972,4,0.06238421575379212,48.05328987674574,0.8583584625435696,0.25650843178372923,0.554502099450477,0.4987600551261961,0.44499999999999995,1.215,1,0->13->18->9->19
46,4,QT-APP,0.5462512756712774,30.447949803204256,1,0.05924587451773153,36.490504355583134,0.7849055999143804,0.12239308418625724,0.5462512756712774,0.5462512756712774,0.42499999999999993,1.235,1,0->19
46,5,QT-APP,1.6026270434890748,77.48998448034595,3,0.06690064355997012,44.632388854294355,0.8701823152618848,0.2820050236215179,0.5607672926900655,0.5342090144963583,0.45999999999999996,1.2100000000000002,1,0->13->9->19
46,6,QT-APP,2.24897583759909,108.29403147787056,5,0.05790082013441363,62.383869688234746,0.8518381446650585,0.24553815761509182,0.5532611385458479,0.44979516751981796,0.495,1.1850000000000003,1,0->13->18->10->7->19
46,7,QT-APP,1.9711592115802854,95.18200137708936,4,0.06376727872273708,51.0784305299448,0.866695471001179,0.24719771339476793,0.5407202343714705,0.49278980289507135,0.53,1.1600000000000004,1,0->13->18->9->19
46,8,QT-APP,1.6945997060176121,79.1761156897997,3,0.06431078397674746,44.51187578754503,0.8768564987392292,0.3132824595072065,0.602034303382192,0.5648665686725374,0.53,1.1600000000000004,1,0->13->9->19
46,9,QT-APP,0.5529891504241708,32.66583417751826,1,0.053821231898572505,43.165252081710264,0.7877310356414139,0.15300754936828515,0.5529891504241708,0.5529891504241708,0.53,1.1600000000000004,1,0->19
46,10,QT-APP,0.5710314977467559,43.1800468968558,1,0.09681047925185066,22.095618785732903,0.7358244382908321,0.2724763119553757,0.5710314977467559,0.5710314977467559,0.5650000000000001,1.1350000000000005,0,0->19
46,11,QT-APP,2.408884830325038,163.30042444572177,4,0.12681826691386924,26.9798615158176,0.7181387827208832,0.8292577045615568,0.6724716501995646,0.6022212075812595,0.545,1.1550000000000005,1,0->16->18->9->19
46,12,QT-APP,1.5137496237928492,137.83993168071606,2,0.17627402408291903,20.944431570827348,0.6093481406803207,0.953556495661392,0.7763892095820735,0.7568748118964246,0.5800000000000001,1.1300000000000006,1,0->7->19
46,13,QT-APP,0.759977087898163,62.4351343624526,1,0.20082667624364797,5.0,0.5801465266201294,1.0,0.759977087898163,0.759977087898163,0.6150000000000001,1.1050000000000006,1,0->19
46,14,QT-APP,0.5426328222351446,76.43451336862087,1,0.23637133178830322,5.0,0.5035581648653191,1.0,0.5426328222351446,0.5426328222351446,0.6500000000000001,1.0800000000000007,0,0->19
46,15,QT-APP,0.5824314276300901,77.39790478631625,1,0.23420336355413385,7.611586030055816,0.5082132545549715,0.9705181022203846,0.5824314276300901,0.5824314276300901,0.6850000000000002,1.0550000000000008,0,0->19
46,16,QT-APP,1.7854982219536248,213.18329887267333,3,0.21669681507037072,13.149374777231946,0.5509610081863315,0.9783105095696589,0.6300237043676729,0.5951660739845416,0.7200000000000002,1.030000000000001,1,0->13->9->19
46,17,QT-APP,0.7857136390723574,80.84903920160923,1,0.22006893013583959,5.248230683965135,0.5029009752405119,1.0,0.7857136390723574,0.7857136390723574,0.7550000000000002,1.005000000000001,1,0->19
46,18,QT-APP,0.7879722125081309,81.73428123784524,1,0.21647230344394092,5.0,0.497967309515209,1.0,0.7879722125081309,0.7879722125081309,0.7900000000000003,0.980000000000001,0,0->19
46,19,QT-APP,0.76607590906759,79.21752776537608,1,0.2147393008797488,5.0,0.5035855154095683,1.0,0.76607590906759,0.76607590906759,0.8250000000000003,0.955000000000001,0,0->19
46,20,QT-APP,1.302268762292055,160.87697193133195,2,0.26115342565282024,20.767005620032375,0.5507121491595414,0.8536765402567453,0.6528439155815527,0.6511343811460275,0.8600000000000003,0.9300000000000009,1,0->7->19
46,21,QT-APP,1.277962488870425,157.41544621131908,2,0.25236478903311593,30.08590495693811,0.5831900259199045,0.7485235212831818,0.659569359555717,0.6389812444352125,0.8950000000000004,0.9050000000000009,0,0->7->19
46,22,QT-APP,0.6536331026741833,63.153333200958286,1,0.18423194657900527,15.82235503612273,0.5655291058939573,0.7026108692043751,0.6536331026741833,0.6536331026741833,0.8950000000000004,0.9050000000000009,1,0->19
46,23,QT-APP,0.6423617248086921,61.160002376551496,1,0.17804969087839695,15.450575071152858,0.5539861615471294,0.6835493534037439,0.6423617248086921,0.6423617248086921,0.9300000000000004,0.8800000000000009,0,0->19
46,24,QT-APP,0.6324306146319362,60.3048346743419,1,0.17780481529945058,15.775739597808185,0.5443783494707599,0.703489266241768,0.6324306146319362,0.6324306146319362,0.9300000000000004,0.8800000000000009,0,0->19
46,25,QT-APP,0.6608432432267601,60.6357729713327,1,0.17580597846848128,15.983022719345769,0.5433367174594858,0.7128908496736044,0.6608432432267601,0.6608432432267601,0.9300000000000004,0.8800000000000009,0,0->19
46,26,QT-APP,0.6170515114324645,58.73782799662159,1,0.17629647606646776,12.374986208415804,0.5447771562591135,0.664128090344736,0.6170515114324645,0.6170515114324645,0.9300000000000004,0.8800000000000009,0,0->19
46,27,QT-APP,0.612163495357732,58.898448268926366,1,0.17404415870073559,14.797016518973141,0.5544450675412191,0.6913580136426037,0.612163495357732,0.612163495357732,0.9300000000000004,0.8800000000000009,0,0->19
46,28,QT-APP,0.6372422756843438,60.00648829021657,1,0.17581767312358842,17.779035088647216,0.5564706722723851,0.7299279981737881,0.6372422756843438,0.6372422756843438,0.9300000000000004,0.8800000000000009,0,0->19
46,29,QT-APP,0.6150366766518259,59.87857072647879,1,0.1763901649664646,16.735761395138468,0.5582114813573406,0.7159598192773767,0.6150366766518259,0.6150366766518259,0.9300000000000004,0.8800000000000009,0,0->19
46,30,QT-APP,1.611132406295334,208.49444538796115,3,0.1662940968263421,37.71539215978456,0.560406550417481,0.5970818370110068,0.7469967240516572,0.537044135431778,0.9300000000000004,0.8800000000000009,1,0->18->9->19
46,31,QT-APP,1.852503695607129,212.10822373540117,4,0.19377875310917453,25.704510317775938,0.6709670757126377,0.6425719760251927,0.5830529260560446,0.46312592390178225,0.9650000000000004,0.8550000000000009,1,0->17->2->9->19
46,32,QT-APP,1.325886313725582,156.96452065073368,2,0.24341682950197843,30.73554686330009,0.5560680320977178,0.6312047992708911,0.7306205923494823,0.662943156862791,0.9650000000000004,0.8550000000000009,1,0->7->19
46,33,QT-APP,0.5707882831026814,61.84335595725935,1,0.17947515879301862,11.693795224333552,0.5599456640843969,0.6459338699774042,0.5707882831026814,0.5707882831026814,1.0,0.8300000000000008,1,0->19
46,34,QT-APP,0.5934536828823047,58.732009481298746,1,0.1812515858906678,9.721925478896111,0.5592644568557684,0.6712858821319513,0.5934536828823047,0.5934536828823047,1.0,0.8050000000000008,0,0->19
46,35,QT-APP,1.3285004468358927,157.091835397512,2,0.24315561029062083,38.74222787021615,0.5518067280232541,0.647084079093412,0.7326696650629545,0.6642502234179464,1.0,0.8050000000000008,1,0->7->19
46,36,QT-APP,0.609579153220573,60.620558532161944,1,0.18560016119563463,7.066952101547995,0.5769067166615154,0.6917589553436334,0.609579153220573,0.609579153220573,1.0,0.7800000000000008,1,0->19
46,37,QT-APP,1.4647406561861702,171.85623571084682,3,0.17891697583754293,40.629673895470646,0.6076786437345749,0.654415835842879,0.5655252020828059,0.4882468853953901,1.0,0.7550000000000008,1,0->13->9->19
46,38,QT-APP,1.3747154070228564,154.87581213576476,2,0.24723135315184946,37.673141536736026,0.5455385898478919,0.69719115318157,0.7440380549316784,0.6873577035114282,1.0,0.7300000000000008,1,0->7->19
46,39,QT-APP,0.5691854392522182,59.72574851384513,1,0.18245594318380545,17.549988768087243,0.6067254671546871,0.7220917637142229,0.5691854392522182,0.5691854392522182,1.0,0.7300000000000008,1,0->19
42,0,QT-APP without adaptation,0.8732118504140169,51.46159171854491,2,0.014585928563402392,68.67028550050289,0.76780751079835,0.2154193293817115,0.5796504023371737,0.43660592520700847,0.45,1.2,0,0->18->19
42,1,QT-APP without adaptation,1.294501760767911,42.69883063534616,3,0.04570944114963559,76.1767695364962,0.8595389318001857,0.3689272704575875,0.48408327522733435,0.431500586922637,0.45,1.2,1,0->12->11->19
42,2,QT-APP without adaptation,1.421719841090405,84.89385224079116,4,0.054676170398862335,69.74678993107503,0.9093400898385564,0.13271309761934746,0.44598666509862034,0.35542996027260126,0.45,1.2,1,0->5->7->18->19
42,3,QT-APP without adaptation,0.813909792519131,54.7146519802316,2,0.01420426027438991,70.2721625887252,0.7815168491426915,0.18970520731522383,0.5421641219174166,0.4069548962595655,0.45,1.2,1,0->18->19
42,4,QT-APP without adaptation,1.3610979979763502,88.60934352529856,4,0.055576377684076236,70.8223319488983,0.9084378912912952,0.12014369542930935,0.46503964197679565,0.34027449949408756,0.45,1.2,1,0->5->7->18->19
42,5,QT-APP without adaptation,1.7777101402533741,88.69472359871922,5,0.026856972856702348,57.36545581871727,0.879972918796384,0.19018299546539696,0.6285433678700408,0.3555420280506748,0.45,1.2,1,0->5->2->14->18->19
42,6,QT-APP without adaptation,1.3293831162900085,39.5468185010975,3,0.046450086867371655,72.55818070068766,0.8715047552662956,0.38071511691997845,0.5012258888232428,0.44312770543000285,0.45,1.2,1,0->12->11->19
42,7,QT-APP without adaptation,0.8451643189351635,51.6649636545815,2,0.019166754950668767,73.19067562382335,0.7760359124876228,0.18095820263151263,0.5739528607514968,0.42258215946758176,0.45,1.2,1,0->18->19
42,8,QT-APP without adaptation,1.2584165628028585,61.91318547379811,3,0.03803365238424681,72.55138931124391,0.8775704807303152,0.306867579242662,0.5077616719812663,0.41947218760095284,0.45,1.2,1,0->12->13->19
42,9,QT-APP without adaptation,1.7528563907968904,95.7372961080695,5,0.03730485667787556,77.63202750812393,0.8623478432811897,0.1500405340415439,0.4849811679324679,0.35057127815937805,0.45,1.2,1,0->5->10->14->18->19
42,10,QT-APP without adaptation,0.9770931550681328,70.36455703031623,2,0.059012983287102985,64.76624554748854,0.7217964895175883,0.49177795211205244,0.5605031873960895,0.4885465775340664,0.45,1.2,1,0->18->19
42,11,QT-APP without adaptation,1.7596986009938853,128.1226135252804,3,0.11236980347606011,37.6052342348711,0.7074393768438348,0.8361187106042056,0.7683200316926028,0.5865662003312951,0.45,1.2,1,0->6->11->19
42,12,QT-APP without adaptation,2.2327503048176496,216.59400289765506,4,0.14859477112395675,31.24605700458668,0.7136640162320047,0.8878378894659938,0.7779507615713708,0.5581875762044124,0.45,1.2,1,0->5->2->11->19
42,13,QT-APP without adaptation,1.3466599441351108,123.25065165887912,2,0.17154948375115298,16.652745785960057,0.568976583878274,1.0,0.6890494479837992,0.6733299720675554,0.45,1.2,1,0->18->19
42,14,QT-APP without adaptation,0.9081314758888295,139.23011123467006,2,0.20267358134791968,8.379919052383649,0.4947080562139261,1.0,0.48724360260112903,0.45406573794441474,0.45,1.2,0,0->18->19
42,15,QT-APP without adaptation,1.2501003603693976,142.9871146084977,2,0.20363081171286979,11.92723551707817,0.4909249139959593,0.9878877418530851,0.6935448184333379,0.6250501801846988,0.45,1.2,0,0->18->19
42,16,QT-APP without adaptation,1.3600394329249044,147.96537967141708,2,0.2062037032997185,8.865923373215681,0.48435669013640203,0.9848697701823294,0.7409709172951404,0.6800197164624522,0.45,1.2,0,0->18->19
42,17,QT-APP without adaptation,1.751892992008921,197.03346177793867,3,0.20524578671401958,15.469036431280882,0.6153425604060389,0.9902803697893381,0.608831976419293,0.5839643306696404,0.45,1.2,1,0->12->11->19
42,18,QT-APP without adaptation,1.540062677802254,187.06143494844267,3,0.21264616639813116,12.682377401742704,0.6343194596345663,0.9570675614230847,0.5806916935875372,0.5133542259340846,0.45,1.2,1,0->12->13->19
42,19,QT-APP without adaptation,1.3396846820505253,145.8222266227379,2,0.20674880467803053,7.622087964414802,0.49313227195285564,0.9670019212241546,0.6990587551434265,0.6698423410252626,0.45,1.2,1,0->18->19
42,20,QT-APP without adaptation,1.833383382363139,200.97939325974545,3,0.18591525343076087,17.177981652842373,0.5511813995519291,0.8783821690391685,0.6864099698557564,0.6111277941210463,0.45,1.2,1,0->6->11->19
42,21,QT-APP without adaptation,1.7131639174181044,170.9381609432732,3,0.18767118528730528,28.41044828610069,0.645344728933082,0.8072032023726172,0.5886447541565506,0.5710546391393682,0.45,1.2,1,0->12->11->19
42,22,QT-APP without adaptation,1.5540380038952157,157.25907301865183,3,0.18979223098277168,30.737957466459232,0.7015099732784247,0.6524532812654832,0.5964478857241069,0.518012667965072,0.45,1.2,1,0->12->13->19
42,23,QT-APP without adaptation,1.6941857170786343,156.71724288184032,3,0.17362104011130985,32.735951529213686,0.6715783479148869,0.7844023985400589,0.6177704931565109,0.5647285723595448,0.45,1.2,1,0->12->11->19
42,24,QT-APP without adaptation,1.683298676338242,155.8741162538861,3,0.1749581976961537,36.23186580440092,0.6648883964268769,0.7622782651055368,0.6003854685704101,0.561099558779414,0.45,1.2,0,0->12->11->19
42,25,QT-APP without adaptation,2.385026521824738,276.5833403209226,4,0.1734938134484255,32.447212041143835,0.617235074496742,0.6550798106691303,0.7333566993103565,0.5962566304561845,0.45,1.2,1,0->18->14->1->19
42,26,QT-APP without adaptation,1.2156386133174486,125.60892639178032,2,0.16261738098783474,33.98399076570207,0.5344211316872634,0.672839387615178,0.6658040113823981,0.6078193066587243,0.45,1.2,1,0->18->19
42,27,QT-APP without adaptation,1.6810449450614904,173.0167936828763,3,0.15652206568025898,31.858365570225754,0.5873299749342286,0.6984140321888997,0.6291945075198161,0.5603483150204968,0.45,1.2,1,0->6->11->19
42,28,QT-APP without adaptation,1.147188066290613,123.6445026414408,2,0.16490239393954365,37.74997175690076,0.5381182669842315,0.6858279100966949,0.6303483850248877,0.5735940331453065,0.45,1.2,1,0->18->19
42,29,QT-APP without adaptation,1.7320197197487626,173.732718125821,3,0.15694921706474577,31.145449600119324,0.5841633538041219,0.7096123944409833,0.6354023309135898,0.5773399065829209,0.45,1.2,1,0->6->11->19
42,30,QT-APP without adaptation,1.232713539814236,121.22290904637799,2,0.17492217089593085,39.83726249186985,0.5415589956728586,0.6923887536887927,0.7032441849068144,0.616356769907118,0.45,1.2,1,0->18->19
42,31,QT-APP without adaptation,1.6457534470209758,211.15741042132944,3,0.16111676218716095,34.38051081011697,0.6925266601972457,0.6079646353498265,0.6293585182254936,0.5485844823403253,0.45,1.2,1,0->12->4->19
42,32,QT-APP without adaptation,1.2174217221541532,124.08954138972622,2,0.17459548650910384,41.990629360235886,0.5300244315498714,0.6584520829848306,0.6924753235547413,0.6087108610770766,0.45,1.2,1,0->18->19
42,33,QT-APP without adaptation,1.6485591348481177,162.57746720096068,3,0.1639901858924604,32.2327695666111,0.5806336787016745,0.676042839039919,0.6156157684741277,0.5495197116160392,0.45,1.2,1,0->6->11->19
42,34,QT-APP without adaptation,1.160965304132929,120.22877613176206,2,0.17555243702402923,43.56687568655985,0.5407083144011788,0.6666936864775646,0.6737610250593664,0.5804826520664645,0.45,1.2,1,0->18->19
42,35,QT-APP without adaptation,1.5901333807680178,155.885881985659,3,0.16237644366237858,32.82087193878632,0.5870753104642417,0.6565655365223928,0.5570917942478895,0.5300444602560059,0.45,1.2,1,0->6->11->19
42,36,QT-APP without adaptation,1.3988248646483266,171.97878505818625,3,0.18116984855632737,24.990524129443568,0.7007174701801082,0.5543005764383668,0.5361651115994188,0.46627495488277554,0.45,1.2,1,0->12->13->19
42,37,QT-APP without adaptation,1.1945382490700869,124.40607288970313,2,0.18081008356485928,41.83734286753744,0.5530029351021245,0.6818614138590458,0.6576447183259386,0.5972691245350434,0.45,1.2,1,0->18->19
42,38,QT-APP without adaptation,1.5797029112443515,163.75843859053657,3,0.16224219241272783,35.07194472209241,0.5974182565994329,0.6402671524113828,0.5512664577979731,0.5265676370814505,0.45,1.2,1,0->6->11->19
42,39,QT-APP without adaptation,1.2120098505243602,125.99970950842864,2,0.18472709854911537,42.79239030696853,0.551576702531416,0.6853495191271387,0.675997165809376,0.6060049252621801,0.45,1.2,1,0->18->19
43,0,QT-APP without adaptation,0.48430011911375276,16.53393621602243,1,0.04049362632730225,84.59213620069995,0.913536917446924,0.5186841176489592,0.48430011911375276,0.48430011911375276,0.45,1.2,0,0->19
43,1,QT-APP without adaptation,2.1395011773697465,121.70920309584916,4,0.06087119671629994,63.408211618750975,0.8319492289706614,0.2752355946579925,0.7021654365308616,0.5348752943424366,0.45,1.2,1,0->12->7->16->19
43,2,QT-APP without adaptation,0.48730959405743457,17.661734227955968,1,0.043465738868589975,83.92387745900288,0.9201886631620989,0.5433620970921003,0.48730959405743457,0.48730959405743457,0.45,1.2,1,0->19
43,3,QT-APP without adaptation,0.48746825543014305,17.79290792013265,1,0.04411710435070334,86.3487994303513,0.9228847470811824,0.5371813896376861,0.48746825543014305,0.48746825543014305,0.45,1.2,0,0->19
43,4,QT-APP without adaptation,0.5009689555482117,18.209977188673875,1,0.04618215801663606,90.01046175154704,0.8997792590338207,0.5521379523413998,0.5009689555482117,0.5009689555482117,0.45,1.2,0,0->19
43,5,QT-APP without adaptation,0.499565971066349,15.490526634081565,1,0.04732187922681963,85.47087608414245,0.8956517132787248,0.5409244435684435,0.499565971066349,0.499565971066349,0.45,1.2,0,0->19
43,6,QT-APP without adaptation,0.5005617317526505,15.77163316220354,1,0.05114488401070858,83.79162326085638,0.9004863607459526,0.5567826727906892,0.5005617317526505,0.5005617317526505,0.45,1.2,0,0->19
43,7,QT-APP without adaptation,0.4875213001685815,15.715052546846678,1,0.04894944799313432,84.57908622731759,0.8963206112512151,0.5399826801079838,0.4875213001685815,0.4875213001685815,0.45,1.2,0,0->19
43,8,QT-APP without adaptation,1.3398818160968302,113.23917826188935,2,0.051281683011652236,56.51726605233895,0.8254951536934174,0.3031722096935034,0.7181354646494869,0.6699409080484151,0.45,1.2,1,0->12->19
43,9,QT-APP without adaptation,0.5173123731340304,15.683441059451107,1,0.058881327828373256,79.88226574206,0.8896646104238699,0.5505936023075086,0.5173123731340304,0.5173123731340304,0.45,1.2,1,0->19
43,10,QT-APP without adaptation,0.48876568434069567,22.444354959860377,1,0.09264187969154211,73.6332498748555,0.8221600207437206,0.8824284234138466,0.48876568434069567,0.48876568434069567,0.45,1.2,0,0->19
43,11,QT-APP without adaptation,2.3720899444086014,210.6709760957083,4,0.1300847002683671,37.74750789030091,0.7027349973417968,0.8056986666354062,0.7118062393977623,0.5930224861021504,0.45,1.2,1,0->12->7->16->19
43,12,QT-APP without adaptation,0.47861672501114966,40.25318922170423,1,0.1346276843374995,45.88632839871171,0.7363919731510861,1.0,0.47861672501114966,0.47861672501114966,0.45,1.2,1,0->19
43,13,QT-APP without adaptation,0.4996958499775307,50.75176872822903,1,0.17979946017066414,38.2024316193817,0.67433295212907,1.0,0.4996958499775307,0.4996958499775307,0.45,1.2,0,0->19
43,14,QT-APP without adaptation,0.3522429337745803,62.91505754012798,1,0.22479700249498502,19.156500664312084,0.6034328501212847,1.0,0.3522429337745803,0.3522429337745803,0.45,1.2,0,0->19
43,15,QT-APP without adaptation,0.6125297733146928,62.2561216720812,1,0.22341762928695313,19.622613871928802,0.5966349797210988,1.0,0.6125297733146928,0.6125297733146928,0.45,1.2,0,0->19
43,16,QT-APP without adaptation,0.6122443771219177,61.26622359409014,1,0.2247369827593923,24.62350074190322,0.5783819118985836,1.0,0.6122443771219177,0.6122443771219177,0.45,1.2,0,0->19
43,17,QT-APP without adaptation,0.6206241962881401,63.89684677161896,1,0.22611372125832288,23.669531277986046,0.582863530639238,1.0,0.6206241962881401,0.6206241962881401,0.45,1.2,0,0->19
43,18,QT-APP without adaptation,2.8991900927433787,353.3906806665389,5,0.22555882000769892,23.695127415111326,0.5997561770239708,0.9785814923454614,0.718244820150224,0.5798380185486758,0.45,1.2,1,0->9->18->14->16->19
43,19,QT-APP without adaptation,0.5559004199453772,67.39859318780462,1,0.2355138304421643,23.04619575823728,0.5847893704776317,0.9687110923070026,0.5559004199453772,0.5559004199453772,0.45,1.2,1,0->19
43,20,QT-APP without adaptation,1.3017026983830535,215.3329461574054,2,0.2017375874495838,23.8991886576272,0.586491357052378,0.8350366355677604,0.672036603263839,0.6508513491915268,0.45,1.2,1,0->12->19
43,21,QT-APP without adaptation,0.49889219634057547,55.715703516384814,1,0.20732979555599415,33.35706318498583,0.6399066393823163,0.7719422094627316,0.49889219634057547,0.49889219634057547,0.45,1.2,1,0->19
43,22,QT-APP without adaptation,0.5125705354600724,51.35510485281033,1,0.19900376573767475,37.19013035269745,0.663523734977366,0.6976678737281166,0.5125705354600724,0.5125705354600724,0.45,1.2,0,0->19
43,23,QT-APP without adaptation,1.9492778748367634,236.3747439264233,4,0.2141240938584567,45.006697097524196,0.6265367934383786,0.661815226296596,0.5376097947893717,0.48731946870919085,0.45,1.2,1,0->4->14->16->19
43,24,QT-APP without adaptation,0.4358044898959621,50.068595497827985,1,0.2045452467481949,37.99671286274493,0.6852904457662364,0.6713611737784646,0.4358044898959621,0.4358044898959621,0.45,1.2,1,0->19
43,25,QT-APP without adaptation,0.4204690710428241,49.32732309448943,1,0.2063715273079474,40.0817378637471,0.6780475045428294,0.6515380542027875,0.4204690710428241,0.4204690710428241,0.45,1.2,0,0->19
43,26,QT-APP without adaptation,0.4047548642189732,49.151684631568955,1,0.21025472568002598,38.8696930229802,0.6744977377480096,0.6258088371831018,0.4047548642189732,0.4047548642189732,0.45,1.2,0,0->19
43,27,QT-APP without adaptation,0.3582815037811763,48.119610709187135,1,0.2073701860425385,37.210185021858464,0.6762166998959404,0.5678251558489505,0.3582815037811763,0.3582815037811763,0.45,1.2,0,0->19
43,28,QT-APP without adaptation,1.0271227030663495,184.13076798567477,2,0.16859060545427074,31.45268913193346,0.6333463450721057,0.5192871494715008,0.5195858334577882,0.5135613515331747,0.45,1.2,1,0->12->19
43,29,QT-APP without adaptation,0.3470303550059934,47.07544102156084,1,0.20963606338413449,35.5276784681512,0.6714685562264524,0.5526212929344394,0.3470303550059934,0.3470303550059934,0.45,1.2,1,0->19
43,30,QT-APP without adaptation,0.336488581181061,47.07149339979555,1,0.21415509756864543,33.87735767852814,0.670095435724365,0.511538698830464,0.336488581181061,0.336488581181061,0.45,1.2,0,0->19
43,31,QT-APP without adaptation,0.36985390825717257,49.2371668935142,1,0.21680791986318568,33.74976728007472,0.6706142836740566,0.5393864249945554,0.36985390825717257,0.36985390825717257,0.45,1.2,0,0->19
43,32,QT-APP without adaptation,1.0689766303788353,182.390481818824,2,0.1754966642671404,31.28411129065503,0.6368902670979525,0.5133698148546273,0.5411649274547662,0.5344883151894176,0.45,1.2,1,0->12->19
43,33,QT-APP without adaptation,0.35404257884475454,49.254765580963735,1,0.20819748987788744,31.57411833264507,0.6704695942949228,0.5024832416398598,0.35404257884475454,0.35404257884475454,0.45,1.2,1,0->19
43,34,QT-APP without adaptation,1.0120166183984165,182.66931293261598,2,0.1724721489783192,35.6173627920611,0.6369284974540882,0.5124678225650254,0.5138165189340655,0.5060083091992083,0.45,1.2,1,0->12->19
43,35,QT-APP without adaptation,0.3615374130639259,47.810975426898274,1,0.20948861571022048,29.2585769462202,0.6558740521518319,0.5311421246212082,0.3615374130639259,0.3615374130639259,0.45,1.2,1,0->19
43,36,QT-APP without adaptation,0.3647723033302683,47.460897986340846,1,0.21330486394451054,29.02415371650758,0.6557161399024605,0.5437683153711594,0.3647723033302683,0.3647723033302683,0.45,1.2,0,0->19
43,37,QT-APP without adaptation,0.36786604177111376,49.48689491528911,1,0.21202733088270573,26.646363867275987,0.6571854508908539,0.5014726531923164,0.36786604177111376,0.36786604177111376,0.45,1.2,0,0->19
43,38,QT-APP without adaptation,1.0297365560432128,188.15615945036484,2,0.17114202676413637,39.01526295958209,0.6337284512432212,0.5176901838246886,0.574961198794076,0.5148682780216064,0.45,1.2,1,0->12->19
43,39,QT-APP without adaptation,0.35370855487451824,49.79954943974681,1,0.21683020014491486,32.46158431726299,0.6423233718065635,0.4739300549290834,0.35370855487451824,0.35370855487451824,0.45,1.2,1,0->19
44,0,QT-APP without adaptation,1.6122910811198188,107.5385483569643,3,0.0408131981085156,61.73340541518227,0.8561122604952801,0.31059025031430715,0.6365374491260837,0.537430360373273,0.45,1.2,0,0->2->1->19
44,1,QT-APP without adaptation,2.071152825854361,122.12245138390502,4,0.047747722664261194,64.88987040995731,0.8960764340992466,0.3624280967073268,0.7263299118840217,0.5177882064635903,0.45,1.2,1,0->12->13->4->19
44,2,QT-APP without adaptation,1.6574401428070964,112.8704620291276,3,0.0424608352393325,63.32587105270088,0.8696347989248188,0.3108535940041706,0.6484688588467902,0.5524800476023655,0.45,1.2,1,0->2->1->19
44,3,QT-APP without adaptation,2.0653945583837836,110.07458732515306,4,0.030417566701012977,53.67267847966795,0.821331288066572,0.32522650031391664,0.6163735805895197,0.5163486395959459,0.45,1.2,1,0->2->10->1->19
44,4,QT-APP without adaptation,2.1665793287392803,117.68379050137932,4,0.055078543563745766,65.51993325873835,0.8864959628110899,0.3738487545951876,0.6869975375000269,0.5416448321848201,0.45,1.2,1,0->9->5->4->19
44,5,QT-APP without adaptation,1.7310326886230134,119.17531918442936,3,0.04000729357665771,58.00288102477262,0.8659413414203461,0.3248273681450923,0.655831438698455,0.5770108962076711,0.45,1.2,1,0->2->1->19
44,6,QT-APP without adaptation,2.0189365516964934,111.0781888433443,4,0.051735335240007695,64.19559007451797,0.8870316166420819,0.3688243610905212,0.6349445373324359,0.5047341379241234,0.45,1.2,1,0->9->5->4->19
44,7,QT-APP without adaptation,1.7828465375722073,107.18889122536433,3,0.033506983860837794,65.23075526337207,0.8222585572643908,0.3935969250876769,0.6459395937962192,0.5942821791907358,0.45,1.2,1,0->12->1->19
44,8,QT-APP without adaptation,1.653819402615322,98.31504062090346,3,0.033678113192149105,39.50192591499309,0.8555965044607903,0.3499844873886679,0.6563616225268697,0.5512731342051073,0.45,1.2,1,0->13->4->19
44,9,QT-APP without adaptation,1.5678071117093402,95.58988808625016,3,0.026299937862067885,57.850137638186766,0.9299586036413953,0.44621334543734487,0.651382577217097,0.5226023705697801,0.45,1.2,1,0->12->4->19
44,10,QT-APP without adaptation,2.269694587399561,166.93649830639316,4,0.09259871147809906,48.10989503057804,0.832775386493497,0.5986281967070246,0.72355573698125,0.5674236468498902,0.45,1.2,1,0->9->5->4->19
44,11,QT-APP without adaptation,1.878131901803616,154.98216101800148,3,0.10411003328933595,41.21235204219203,0.6955850380490863,0.9242112797277079,0.691293916158197,0.626043967267872,0.45,1.2,1,0->12->1->19
44,12,QT-APP without adaptation,1.9445453410548197,173.46339501511557,3,0.1200309680008629,27.062963430898805,0.6370832916497605,1.0,0.7457936722173056,0.6481817803516066,0.45,1.2,0,0->12->1->19
44,13,QT-APP without adaptation,2.3853098763010787,259.35493322922787,4,0.17740448578147144,11.786621098023165,0.6146456220209531,0.956010191860314,0.752311349849121,0.5963274690752697,0.45,1.2,1,0->2->10->1->19
44,14,QT-APP without adaptation,1.09612874261282,230.53292043512033,3,0.18521073599248253,12.348461988764868,0.6290805082114037,1.0,0.47821374545897394,0.3653762475376066,0.45,1.2,1,0->12->4->19
44,15,QT-APP without adaptation,2.159855449039766,336.5374663690492,4,0.18199290937921936,5.941160295669199,0.6014589319417442,0.9657750022649625,0.6654593679294416,0.5399638622599415,0.45,1.2,1,0->2->7->1->19
44,16,QT-APP without adaptation,2.3070543977067812,299.2942405897727,4,0.2217348137635684,6.162716876844069,0.5785685326954362,0.9666221995953689,0.7205895033881217,0.5767635994266953,0.45,1.2,1,0->2->10->1->19
44,17,QT-APP without adaptation,2.390855314330726,336.8651310251688,4,0.21303687372955746,22.548632356776654,0.6209075037701153,0.9851555133702561,0.7447065454785199,0.5977138285826815,0.45,1.2,1,0->12->13->4->19
44,18,QT-APP without adaptation,1.720817073850494,228.23246167006573,3,0.18190889389199535,12.329128668349838,0.6257257300661155,0.9861902954895431,0.6904793142702964,0.573605691283498,0.45,1.2,1,0->12->4->19
44,19,QT-APP without adaptation,1.8253926946246612,269.81485490487404,3,0.1963111863909619,5.204367526173058,0.6214891353040207,0.9455836058246936,0.7538182595863107,0.6084642315415537,0.45,1.2,1,0->2->4->19
44,20,QT-APP without adaptation,2.1549887294884216,294.8291996901817,4,0.20994418056097003,22.721896679214836,0.6375974534716211,0.8550120229851186,0.6916067504290185,0.5387471823721054,0.45,1.2,1,0->9->7->1->19
44,21,QT-APP without adaptation,2.186387328874493,266.4344349065629,4,0.2022652084985487,18.556036763244215,0.6104523021059515,0.7723182269500674,0.6943868424568492,0.5465968322186232,0.45,1.2,1,0->2->10->1->19
44,22,QT-APP without adaptation,1.5471525153860024,192.60013220422775,3,0.15825818271360612,25.459229433315684,0.68684653539593,0.6952743140867926,0.6442185871734782,0.5157175051286674,0.45,1.2,1,0->12->4->19
44,23,QT-APP without adaptation,2.0996159852976777,242.9234998552309,3,0.18217020260780906,20.69014054590005,0.64877798337655,0.7321575722187722,0.7422581017755385,0.6998719950992259,0.45,1.2,1,0->13->4->19
44,24,QT-APP without adaptation,2.0174591794175365,292.4506966078752,4,0.20697164062052092,46.44024481926917,0.6831616019892512,0.6206788381560525,0.5977549851174768,0.5043647948543841,0.45,1.2,1,0->9->5->4->19
44,25,QT-APP without adaptation,1.6526039807275668,225.14053240212752,3,0.16392895525152842,20.670582226295263,0.6736408744811339,0.6224232981706797,0.7114195646755963,0.5508679935758556,0.45,1.2,1,0->2->4->19
44,26,QT-APP without adaptation,2.121698340606649,263.05622671435935,4,0.19537796793068155,32.52207874815299,0.6673533168021497,0.6864852353468263,0.6385803552482358,0.5304245851516622,0.45,1.2,1,0->9->7->1->19
44,27,QT-APP without adaptation,2.078219070083509,281.25234501809416,4,0.18573262857917416,22.970876233610035,0.6448759240474156,0.6246543472698127,0.7011475668491183,0.5195547675208773,0.45,1.2,1,0->13->2->4->19
44,28,QT-APP without adaptation,1.8789688083143061,248.08159095248544,3,0.17483984104547165,22.18785628848049,0.647032713744289,0.7053796202125316,0.693318735635457,0.6263229361047687,0.45,1.2,1,0->13->4->19
44,29,QT-APP without adaptation,1.4603476856573225,222.89243985703172,3,0.15830798674636337,28.63910086437097,0.6638421702048051,0.5944219884403036,0.6072457288929961,0.4867825618857742,0.45,1.2,1,0->2->4->19
44,30,QT-APP without adaptation,2.061807140672345,254.0803581247135,4,0.1952350547288998,35.62570856315113,0.6664400601222866,0.6959373445108683,0.6784185983666802,0.5154517851680862,0.45,1.2,1,0->9->7->1->19
44,31,QT-APP without adaptation,1.5742640960982914,189.61113233760594,3,0.18647444659841217,48.599518734506944,0.5735827005847552,0.7154155528409092,0.6561487581259595,0.5247546986994305,0.45,1.2,1,0->12->1->19
44,32,QT-APP without adaptation,1.399652975165412,209.7420408379398,3,0.1552411452807332,31.901182005096235,0.6559429915387421,0.5921651031583167,0.5706414131708809,0.46655099172180403,0.45,1.2,1,0->2->4->19
44,33,QT-APP without adaptation,2.1742136832618284,278.3896727973886,4,0.19430837894845668,43.99094929187874,0.6468813165024428,0.7191650052425776,0.5930545169083867,0.5435534208154571,0.45,1.2,1,0->2->15->1->19
44,34,QT-APP without adaptation,1.3969407007017327,213.59371643288796,3,0.1562248808632377,32.368815510523866,0.6598961901366388,0.5658543363687386,0.5882251778785863,0.4656469002339109,0.45,1.2,1,0->2->4->19
44,35,QT-APP without adaptation,1.394791004653333,216.20325501850084,3,0.1555782157678272,31.944674758122545,0.6655932697454058,0.5506915983751886,0.5775012054829936,0.4649303348844443,0.45,1.2,0,0->2->4->19
44,36,QT-APP without adaptation,2.0362214792778945,284.58055632322703,4,0.20780195075529437,44.16862500640936,0.6754209848350541,0.6211446258071336,0.5230167710355741,0.5090553698194736,0.45,1.2,1,0->9->5->4->19
44,37,QT-APP without adaptation,2.1756149036511423,257.6771484370987,4,0.20661661209526153,39.619645736075796,0.6656551309897004,0.7122030768716638,0.6742920746165938,0.5439037259127856,0.45,1.2,1,0->9->7->1->19
44,38,QT-APP without adaptation,1.6234395759659948,194.63198394042553,3,0.1900701879593714,53.7650703188693,0.5979469195861646,0.7684430335104596,0.6319467844508891,0.5411465253219983,0.45,1.2,1,0->12->1->19
44,39,QT-APP without adaptation,2.044152307184206,259.069972660443,4,0.20324131392912803,34.69824117814811,0.6370979655826334,0.6365734945067487,0.6156837955370301,0.5110380767960515,0.45,1.2,1,0->2->10->1->19
45,0,QT-APP without adaptation,1.757896593881474,103.14719967013616,3,0.040952091341600626,75.98280536984915,0.8754454545522536,0.41933588381326653,0.7534605060156903,0.5859655312938247,0.45,1.2,0,0->17->5->19
45,1,QT-APP without adaptation,1.347749136081264,107.4527904472786,3,0.01726336043160662,51.08710439683694,0.8722654417408648,0.2198602378012077,0.545483639843576,0.44924971202708797,0.45,1.2,1,0->4->13->19
45,2,QT-APP without adaptation,2.228858816287196,140.51642640386035,5,0.03747418077866577,71.62032213500302,0.9133374096049197,0.28636278203996535,0.5135461683567227,0.44577176325743917,0.45,1.2,1,0->17->2->4->13->19
45,3,QT-APP without adaptation,1.3450824428191717,107.879331773813,3,0.018922635236558984,53.02437962799809,0.8853950305523869,0.20208770747632288,0.5461559431049657,0.44836081427305724,0.45,1.2,1,0->4->13->19
45,4,QT-APP without adaptation,2.4575639024452878,181.03262993216418,6,0.034220316795282237,63.22587262722781,0.9154844502340271,0.24577411348363973,0.59055678542364,0.4095939837408813,0.45,1.2,1,0->17->1->7->4->13->19
45,5,QT-APP without adaptation,1.2947457972864005,106.63101110234146,3,0.015298729525538207,55.271662635445075,0.8796009899437459,0.20040127256055404,0.4983382566920669,0.43158193242880016,0.45,1.2,1,0->4->13->19
45,6,QT-APP without adaptation,1.2820836069076875,104.93036284248754,3,0.016250780963336795,58.491482794850036,0.874809822216594,0.19685105248089216,0.5127812505773525,0.4273612023025625,0.45,1.2,0,0->4->13->19
45,7,QT-APP without adaptation,1.337625669522088,106.86036640720701,3,0.022917455738988738,59.69279072565515,0.8770718652515903,0.2126246932232939,0.5436000111033156,0.44587522317402933,0.45,1.2,0,0->4->13->19
45,8,QT-APP without adaptation,2.8147900280566307,175.09065735391158,5,0.047539659145841906,81.31537561011264,0.8432315022887359,0.4596205385428339,0.6486033183536724,0.5629580056113261,0.45,1.2,1,0->4->2->17->5->19
45,9,QT-APP without adaptation,1.5929931613678394,106.5754182976576,3,0.03379367907173369,79.05855614656748,0.8900866616653765,0.47509476081900665,0.650312231390113,0.5309977204559465,0.45,1.2,1,0->17->5->19
45,10,QT-APP without adaptation,1.4492803218643753,136.2720369295965,3,0.06158037547345487,48.98835663024132,0.8248570123867855,0.43701768679728636,0.5856880007818381,0.4830934406214584,0.45,1.2,1,0->4->13->19
45,11,QT-APP without adaptation,1.5558727254376483,168.57173300142335,3,0.09314440423035769,39.73371398947541,0.7763802402786822,0.6557696016584814,0.6407733735236869,0.5186242418125494,0.45,1.2,0,0->4->13->19
45,12,QT-APP without adaptation,1.6843061845722391,199.5867907756558,3,0.12820353936193063,29.293751531906462,0.7241711211204428,0.8990437414247127,0.6492626513850126,0.561435394857413,0.45,1.2,0,0->4->13->19
45,13,QT-APP without adaptation,2.0873172990280695,230.1919598976076,3,0.17209412571028895,16.4299278995093,0.6671059493192725,0.994044585528418,0.8072947685408632,0.6957724330093565,0.45,1.2,0,0->4->13->19
45,14,QT-APP without adaptation,1.218817999583379,252.21170063563778,3,0.2010520051931695,30.4010032601122,0.57397883656145,1.0,0.5156417226836583,0.406272666527793,0.45,1.2,1,0->17->5->19
45,15,QT-APP without adaptation,1.7251488496426997,261.11712414775184,3,0.19954852331501935,13.09152077493608,0.5972320682459987,0.9695771144521448,0.611004670101587,0.5750496165475666,0.45,1.2,1,0->4->13->19
45,16,QT-APP without adaptation,1.8180589849121138,252.52400801075856,3,0.2038693413237502,30.087402210237613,0.5670170423610995,0.9809670659671204,0.6964232661753439,0.6060196616373713,0.45,1.2,1,0->17->5->19
45,17,QT-APP without adaptation,3.4502195625793366,425.1669025234214,5,0.2190016566361847,16.303520857903866,0.6032539163903902,0.9883353260097835,0.8640662032739086,0.6900439125158673,0.45,1.2,1,0->17->1->10->5->19
45,18,QT-APP without adaptation,1.8882904706735488,256.5921316420837,3,0.20225575486812866,18.517035905719027,0.6014686556441343,0.9671465907400592,0.6550144642047935,0.629430156891183,0.45,1.2,1,0->4->13->19
45,19,QT-APP without adaptation,1.9636884234819165,259.10461018023227,3,0.2052063808357877,16.94036543227092,0.6116693705397338,0.9746191255580204,0.6681411996266197,0.6545628078273055,0.45,1.2,0,0->4->13->19
45,20,QT-APP without adaptation,1.7191133970599402,242.6143187131632,3,0.19895713614045366,26.824148621721033,0.6302737972084089,0.8813842029678142,0.5943146694536829,0.5730377990199801,0.45,1.2,0,0->4->13->19
45,21,QT-APP without adaptation,1.5411007742488914,227.90584176991393,3,0.18453710542582236,32.723557043547,0.6494695299684593,0.7608690909419565,0.5503042345271525,0.5137002580829638,0.45,1.2,0,0->4->13->19
45,22,QT-APP without adaptation,1.5247170534930508,209.67138141286466,3,0.1694025307041758,50.90497287078131,0.6234277296507762,0.6949994924090671,0.650939980870546,0.5082390178310169,0.45,1.2,1,0->17->5->19
45,23,QT-APP without adaptation,1.5563552457373548,220.96014115030536,3,0.16807741620243152,38.45835480107002,0.6688946446407451,0.6506217722181308,0.5615191341367888,0.5187850819124517,0.45,1.2,1,0->4->13->19
45,24,QT-APP without adaptation,2.072707050701527,331.95383143071575,5,0.1741906854827126,45.58906450407336,0.7039090726138919,0.6328751527970908,0.5134091102714902,0.4145414101403054,0.45,1.2,1,0->17->2->4->13->19
45,25,QT-APP without adaptation,1.4125075885834608,217.68552091329317,3,0.16563559157876423,37.49586775847411,0.6743453862053349,0.6492309688361199,0.5408106394617463,0.4708358628611536,0.45,1.2,1,0->4->13->19
45,26,QT-APP without adaptation,1.4493258334843722,219.34028000478716,3,0.1681300409074938,35.67014580413331,0.675959996237638,0.6533991154509963,0.5386247551509772,0.48310861116145737,0.45,1.2,0,0->4->13->19
45,27,QT-APP without adaptation,1.4592518626454258,219.36688894538705,3,0.16724234368032834,35.08536290182454,0.6736865833072933,0.6599545866941612,0.5496231674661414,0.4864172875484753,0.45,1.2,0,0->4->13->19
45,28,QT-APP without adaptation,1.4353674954638072,217.07631738417,3,0.16333519156098628,35.04385416902783,0.6731575829692845,0.6448300681039957,0.545918350045211,0.47845583182126905,0.45,1.2,0,0->4->13->19
45,29,QT-APP without adaptation,1.9050046648160688,289.5006555764468,4,0.17146620578246521,47.51102397180798,0.5893948330718557,0.6618500865979675,0.5719645106561466,0.4762511662040172,0.45,1.2,1,0->17->10->5->19
45,30,QT-APP without adaptation,1.342369779302612,212.98055596277828,3,0.17100426371893515,51.509754120658165,0.6222114437339372,0.6882249155348278,0.5640291130939157,0.44745659310087066,0.45,1.2,1,0->17->5->19
45,31,QT-APP without adaptation,1.3826787668662783,213.7375263764937,3,0.16821692264605315,51.20652706515862,0.6205969084701493,0.7007752013123283,0.5671778690572026,0.46089292228875944,0.45,1.2,0,0->17->5->19
45,32,QT-APP without adaptation,1.3918164112021905,215.77399697420293,3,0.17076811426127372,50.53707329407123,0.6253894739469315,0.6915029132185181,0.5985317339032864,0.4639388037340635,0.45,1.2,0,0->17->5->19
45,33,QT-APP without adaptation,1.5090607728661878,214.7836369354947,3,0.17221298772765434,50.65114085457003,0.6197308941781605,0.6918206260903972,0.6467433963044129,0.5030202576220626,0.45,1.2,0,0->17->5->19
45,34,QT-APP without adaptation,1.375091175244206,213.25304461840793,3,0.17243296794409535,51.099496044168596,0.6255636867005506,0.6738112875638018,0.608903953626674,0.45836372508140205,0.45,1.2,0,0->17->5->19
45,35,QT-APP without adaptation,1.3930304985587714,210.9411287357831,3,0.174843556405658,53.55742145208607,0.6232816449302544,0.674155749258171,0.6272876639000428,0.4643434995195905,0.45,1.2,0,0->17->5->19
45,36,QT-APP without adaptation,1.3312127289927824,217.48334960205358,3,0.1641205652770072,39.20130252634096,0.6627444983516931,0.6185507594980466,0.49321392004361553,0.4437375763309275,0.45,1.2,1,0->4->13->19
45,37,QT-APP without adaptation,2.9882634203648024,381.9000679832926,6,0.17939356108091378,38.57357221081725,0.6137060884381252,0.6968785937467139,0.6724324594246156,0.49804390339413374,0.45,1.2,1,0->17->3->15->10->5->19
45,38,QT-APP without adaptation,1.9332157729295176,331.9495325792528,5,0.17531929238363872,49.82273690904502,0.7091632191579713,0.6225614164479429,0.48360821794617925,0.38664315458590354,0.45,1.2,1,0->17->2->4->13->19
45,39,QT-APP without adaptation,1.2762635693898756,214.67869512541924,3,0.16368898906275217,39.58715738825105,0.6626175201674178,0.5845054987920321,0.4616172509571325,0.4254211897966252,0.45,1.2,1,0->4->13->19
46,0,QT-APP without adaptation,0.530353348809316,30.60700477771844,1,0.06027029752911368,33.990630655897604,0.7849430710550802,0.09611576246689849,0.530353348809316,0.530353348809316,0.45,1.2,0,0->19
46,1,QT-APP without adaptation,0.5425872065478998,30.1407728819822,1,0.06514265861664507,35.387676196756644,0.7799964363029415,0.10940128400878629,0.5425872065478998,0.5425872065478998,0.45,1.2,0,0->19
46,2,QT-APP without adaptation,2.020390952447844,125.45861908483792,4,0.04119052734313676,37.57771969984451,0.8775387526647179,0.18491535454618313,0.5794536753296318,0.505097738111961,0.45,1.2,1,0->18->13->9->19
46,3,QT-APP without adaptation,1.9950402205047844,85.13399075267972,4,0.06238421575379212,48.05328987674574,0.8583584625435696,0.25650843178372923,0.554502099450477,0.4987600551261961,0.45,1.2,1,0->13->18->9->19
46,4,QT-APP without adaptation,0.5462512756712774,30.447949803204256,1,0.05924587451773153,36.490504355583134,0.7849055999143804,0.12239308418625724,0.5462512756712774,0.5462512756712774,0.45,1.2,1,0->19
46,5,QT-APP without adaptation,1.6026270434890748,77.48998448034595,3,0.06690064355997012,44.632388854294355,0.8701823152618848,0.2820050236215179,0.5607672926900655,0.5342090144963583,0.45,1.2,1,0->13->9->19
46,6,QT-APP without adaptation,2.24897583759909,108.29403147787056,5,0.05790082013441363,62.383869688234746,0.8518381446650585,0.24553815761509182,0.5532611385458479,0.44979516751981796,0.45,1.2,1,0->13->18->10->7->19
46,7,QT-APP without adaptation,1.9711592115802854,95.18200137708936,4,0.06376727872273708,51.0784305299448,0.866695471001179,0.24719771339476793,0.5407202343714705,0.49278980289507135,0.45,1.2,1,0->13->18->9->19
46,8,QT-APP without adaptation,1.6945997060176121,79.1761156897997,3,0.06431078397674746,44.51187578754503,0.8768564987392292,0.3132824595072065,0.602034303382192,0.5648665686725374,0.45,1.2,1,0->13->9->19
46,9,QT-APP without adaptation,0.5529891504241708,32.66583417751826,1,0.053821231898572505,43.165252081710264,0.7877310356414139,0.15300754936828515,0.5529891504241708,0.5529891504241708,0.45,1.2,1,0->19
46,10,QT-APP without adaptation,0.5710314977467559,43.1800468968558,1,0.09681047925185066,22.095618785732903,0.7358244382908321,0.2724763119553757,0.5710314977467559,0.5710314977467559,0.45,1.2,0,0->19
46,11,QT-APP without adaptation,2.408884830325038,163.30042444572177,4,0.12681826691386924,26.9798615158176,0.7181387827208832,0.8292577045615568,0.6724716501995646,0.6022212075812595,0.45,1.2,1,0->16->18->9->19
46,12,QT-APP without adaptation,1.5137496237928492,137.83993168071606,2,0.17627402408291903,20.944431570827348,0.6093481406803207,0.953556495661392,0.7763892095820735,0.7568748118964246,0.45,1.2,1,0->7->19
46,13,QT-APP without adaptation,0.759977087898163,62.4351343624526,1,0.20082667624364797,5.0,0.5801465266201294,1.0,0.759977087898163,0.759977087898163,0.45,1.2,1,0->19
46,14,QT-APP without adaptation,0.5426328222351446,76.43451336862087,1,0.23637133178830322,5.0,0.5035581648653191,1.0,0.5426328222351446,0.5426328222351446,0.45,1.2,0,0->19
46,15,QT-APP without adaptation,0.5824314276300901,77.39790478631625,1,0.23420336355413385,7.611586030055816,0.5082132545549715,0.9705181022203846,0.5824314276300901,0.5824314276300901,0.45,1.2,0,0->19
46,16,QT-APP without adaptation,1.7854982219536248,213.18329887267333,3,0.21669681507037072,13.149374777231946,0.5509610081863315,0.9783105095696589,0.6300237043676729,0.5951660739845416,0.45,1.2,1,0->13->9->19
46,17,QT-APP without adaptation,0.7857136390723574,80.84903920160923,1,0.22006893013583959,5.248230683965135,0.5029009752405119,1.0,0.7857136390723574,0.7857136390723574,0.45,1.2,1,0->19
46,18,QT-APP without adaptation,0.7879722125081309,81.73428123784524,1,0.21647230344394092,5.0,0.497967309515209,1.0,0.7879722125081309,0.7879722125081309,0.45,1.2,0,0->19
46,19,QT-APP without adaptation,0.76607590906759,79.21752776537608,1,0.2147393008797488,5.0,0.5035855154095683,1.0,0.76607590906759,0.76607590906759,0.45,1.2,0,0->19
46,20,QT-APP without adaptation,1.302268762292055,160.87697193133195,2,0.26115342565282024,20.767005620032375,0.5507121491595414,0.8536765402567453,0.6528439155815527,0.6511343811460275,0.45,1.2,1,0->7->19
46,21,QT-APP without adaptation,1.6228486780624873,194.46878546198212,3,0.18963181586586694,26.215536289923776,0.6121571969891322,0.7754059048691743,0.6235168269003635,0.5409495593541624,0.45,1.2,1,0->13->9->19
46,22,QT-APP without adaptation,0.6536331026741833,63.153333200958286,1,0.18423194657900527,15.82235503612273,0.5655291058939573,0.7026108692043751,0.6536331026741833,0.6536331026741833,0.45,1.2,1,0->19
46,23,QT-APP without adaptation,0.6423617248086921,61.160002376551496,1,0.17804969087839695,15.450575071152858,0.5539861615471294,0.6835493534037439,0.6423617248086921,0.6423617248086921,0.45,1.2,0,0->19
46,24,QT-APP without adaptation,0.6324306146319362,60.3048346743419,1,0.17780481529945058,15.775739597808185,0.5443783494707599,0.703489266241768,0.6324306146319362,0.6324306146319362,0.45,1.2,0,0->19
46,25,QT-APP without adaptation,0.6608432432267601,60.6357729713327,1,0.17580597846848128,15.983022719345769,0.5433367174594858,0.7128908496736044,0.6608432432267601,0.6608432432267601,0.45,1.2,0,0->19
46,26,QT-APP without adaptation,0.6170515114324645,58.73782799662159,1,0.17629647606646776,12.374986208415804,0.5447771562591135,0.664128090344736,0.6170515114324645,0.6170515114324645,0.45,1.2,0,0->19
46,27,QT-APP without adaptation,0.612163495357732,58.898448268926366,1,0.17404415870073559,14.797016518973141,0.5544450675412191,0.6913580136426037,0.612163495357732,0.612163495357732,0.45,1.2,0,0->19
46,28,QT-APP without adaptation,0.6372422756843438,60.00648829021657,1,0.17581767312358842,17.779035088647216,0.5564706722723851,0.7299279981737881,0.6372422756843438,0.6372422756843438,0.45,1.2,0,0->19
46,29,QT-APP without adaptation,0.6150366766518259,59.87857072647879,1,0.1763901649664646,16.735761395138468,0.5582114813573406,0.7159598192773767,0.6150366766518259,0.6150366766518259,0.45,1.2,0,0->19
46,30,QT-APP without adaptation,1.611132406295334,208.49444538796115,3,0.1662940968263421,37.71539215978456,0.560406550417481,0.5970818370110068,0.7469967240516572,0.537044135431778,0.45,1.2,1,0->18->9->19
46,31,QT-APP without adaptation,1.852503695607129,212.10822373540117,4,0.19377875310917453,25.704510317775938,0.6709670757126377,0.6425719760251927,0.5830529260560446,0.46312592390178225,0.45,1.2,1,0->17->2->9->19
46,32,QT-APP without adaptation,1.325886313725582,156.96452065073368,2,0.24341682950197843,30.73554686330009,0.5560680320977178,0.6312047992708911,0.7306205923494823,0.662943156862791,0.45,1.2,1,0->7->19
46,33,QT-APP without adaptation,0.5707882831026814,61.84335595725935,1,0.17947515879301862,11.693795224333552,0.5599456640843969,0.6459338699774042,0.5707882831026814,0.5707882831026814,0.45,1.2,1,0->19
46,34,QT-APP without adaptation,0.5934536828823047,58.732009481298746,1,0.1812515858906678,9.721925478896111,0.5592644568557684,0.6712858821319513,0.5934536828823047,0.5934536828823047,0.45,1.2,0,0->19
46,35,QT-APP without adaptation,1.3285004468358927,157.091835397512,2,0.24315561029062083,38.74222787021615,0.5518067280232541,0.647084079093412,0.7326696650629545,0.6642502234179464,0.45,1.2,1,0->7->19
46,36,QT-APP without adaptation,0.609579153220573,60.620558532161944,1,0.18560016119563463,7.066952101547995,0.5769067166615154,0.6917589553436334,0.609579153220573,0.609579153220573,0.45,1.2,1,0->19
46,37,QT-APP without adaptation,1.567887950937966,206.18395479158264,3,0.16466192323321013,43.28887513967387,0.5574945211848544,0.6093866912715765,0.6703794270566219,0.522629316979322,0.45,1.2,1,0->18->9->19
46,38,QT-APP without adaptation,1.3747154070228564,154.87581213576476,2,0.24723135315184946,37.673141536736026,0.5455385898478919,0.69719115318157,0.7440380549316784,0.6873577035114282,0.45,1.2,1,0->7->19
46,39,QT-APP without adaptation,0.5691854392522182,59.72574851384513,1,0.18245594318380545,17.549988768087243,0.6067254671546871,0.7220917637142229,0.5691854392522182,0.5691854392522182,0.45,1.2,1,0->19
42,0,QT-APP without tunneling,0.8732118504140169,51.46159171854491,2,0.014585928563402392,68.67028550050289,0.76780751079835,0.2154193293817115,0.5796504023371737,0.43660592520700847,0.45,1.2,0,0->18->19
42,1,QT-APP without tunneling,1.294501760767911,42.69883063534616,3,0.04570944114963559,76.1767695364962,0.8595389318001857,0.3689272704575875,0.48408327522733435,0.431500586922637,0.43,1.22,1,0->12->11->19
42,2,QT-APP without tunneling,1.421719841090405,84.89385224079116,4,0.054676170398862335,69.74678993107503,0.9093400898385564,0.13271309761934746,0.44598666509862034,0.35542996027260126,0.46499999999999997,1.195,1,0->5->7->18->19
42,3,QT-APP without tunneling,0.813909792519131,54.7146519802316,2,0.01420426027438991,70.2721625887252,0.7815168491426915,0.18970520731522383,0.5421641219174166,0.4069548962595655,0.46499999999999997,1.195,1,0->18->19
42,4,QT-APP without tunneling,1.3610979979763502,88.60934352529856,4,0.055576377684076236,70.8223319488983,0.9084378912912952,0.12014369542930935,0.46503964197679565,0.34027449949408756,0.5,1.1700000000000002,1,0->5->7->18->19
42,5,QT-APP without tunneling,1.7777101402533741,88.69472359871922,5,0.026856972856702348,57.36545581871727,0.879972918796384,0.19018299546539696,0.6285433678700408,0.3555420280506748,0.535,1.1450000000000002,1,0->5->2->14->18->19
42,6,QT-APP without tunneling,1.3293831162900085,39.5468185010975,3,0.046450086867371655,72.55818070068766,0.8715047552662956,0.38071511691997845,0.5012258888232428,0.44312770543000285,0.5700000000000001,1.1200000000000003,1,0->12->11->19
42,7,QT-APP without tunneling,0.8451643189351635,51.6649636545815,2,0.019166754950668767,73.19067562382335,0.7760359124876228,0.18095820263151263,0.5739528607514968,0.42258215946758176,0.6050000000000001,1.0950000000000004,1,0->18->19
42,8,QT-APP without tunneling,1.2584165628028585,61.91318547379811,3,0.03803365238424681,72.55138931124391,0.8775704807303152,0.306867579242662,0.5077616719812663,0.41947218760095284,0.6400000000000001,1.0700000000000005,1,0->12->13->19
42,9,QT-APP without tunneling,1.7528563907968904,95.7372961080695,5,0.03730485667787556,77.63202750812393,0.8623478432811897,0.1500405340415439,0.4849811679324679,0.35057127815937805,0.6750000000000002,1.0450000000000006,1,0->5->10->14->18->19
42,10,QT-APP without tunneling,0.9770931550681328,70.36455703031623,2,0.059012983287102985,64.76624554748854,0.7217964895175883,0.49177795211205244,0.5605031873960895,0.4885465775340664,0.7100000000000002,1.0200000000000007,1,0->18->19
42,11,QT-APP without tunneling,1.7596986009938853,128.1226135252804,3,0.11236980347606011,37.6052342348711,0.7074393768438348,0.8361187106042056,0.7683200316926028,0.5865662003312951,0.7450000000000002,0.9950000000000007,1,0->6->11->19
42,12,QT-APP without tunneling,2.2327503048176496,216.59400289765506,4,0.14859477112395675,31.24605700458668,0.7136640162320047,0.8878378894659938,0.7779507615713708,0.5581875762044124,0.7800000000000002,0.9700000000000006,1,0->5->2->11->19
42,13,QT-APP without tunneling,1.3466599441351108,123.25065165887912,2,0.17154948375115298,16.652745785960057,0.568976583878274,1.0,0.6890494479837992,0.6733299720675554,0.8150000000000003,0.9450000000000006,1,0->18->19
42,14,QT-APP without tunneling,0.9081314758888295,139.23011123467006,2,0.20267358134791968,8.379919052383649,0.4947080562139261,1.0,0.48724360260112903,0.45406573794441474,0.8500000000000003,0.9200000000000006,0,0->18->19
42,15,QT-APP without tunneling,1.2501003603693976,142.9871146084977,2,0.20363081171286979,11.92723551707817,0.4909249139959593,0.9878877418530851,0.6935448184333379,0.6250501801846988,0.8850000000000003,0.8950000000000006,0,0->18->19
42,16,QT-APP without tunneling,1.3600394329249044,147.96537967141708,2,0.2062037032997185,8.865923373215681,0.48435669013640203,0.9848697701823294,0.7409709172951404,0.6800197164624522,0.9200000000000004,0.8700000000000006,0,0->18->19
42,17,QT-APP without tunneling,1.751892992008921,197.03346177793867,3,0.20524578671401958,15.469036431280882,0.6153425604060389,0.9902803697893381,0.608831976419293,0.5839643306696404,0.9550000000000004,0.8450000000000005,1,0->12->11->19
42,18,QT-APP without tunneling,1.540062677802254,187.06143494844267,3,0.21264616639813116,12.682377401742704,0.6343194596345663,0.9570675614230847,0.5806916935875372,0.5133542259340846,0.9900000000000004,0.8200000000000005,1,0->12->13->19
42,19,QT-APP without tunneling,1.3396846820505253,145.8222266227379,2,0.20674880467803053,7.622087964414802,0.49313227195285564,0.9670019212241546,0.6990587551434265,0.6698423410252626,1.0,0.7950000000000005,1,0->18->19
42,20,QT-APP without tunneling,1.833383382363139,200.97939325974545,3,0.18591525343076087,17.177981652842373,0.5511813995519291,0.8783821690391685,0.6864099698557564,0.6111277941210463,1.0,0.7700000000000005,1,0->6->11->19
42,21,QT-APP without tunneling,1.7131639174181044,170.9381609432732,3,0.18767118528730528,28.41044828610069,0.645344728933082,0.8072032023726172,0.5886447541565506,0.5710546391393682,1.0,0.7450000000000004,1,0->12->11->19
42,22,QT-APP without tunneling,1.5540380038952157,157.25907301865183,3,0.18979223098277168,30.737957466459232,0.7015099732784247,0.6524532812654832,0.5964478857241069,0.518012667965072,1.0,0.7450000000000004,1,0->12->13->19
42,23,QT-APP without tunneling,1.6941857170786343,156.71724288184032,3,0.17362104011130985,32.735951529213686,0.6715783479148869,0.7844023985400589,0.6177704931565109,0.5647285723595448,1.0,0.7450000000000004,1,0->12->11->19
42,24,QT-APP without tunneling,1.683298676338242,155.8741162538861,3,0.1749581976961537,36.23186580440092,0.6648883964268769,0.7622782651055368,0.6003854685704101,0.561099558779414,1.0,0.7450000000000004,0,0->12->11->19
42,25,QT-APP without tunneling,2.385026521824738,276.5833403209226,4,0.1734938134484255,32.447212041143835,0.617235074496742,0.6550798106691303,0.7333566993103565,0.5962566304561845,1.0,0.7450000000000004,1,0->18->14->1->19
42,26,QT-APP without tunneling,1.2156386133174486,125.60892639178032,2,0.16261738098783474,33.98399076570207,0.5344211316872634,0.672839387615178,0.6658040113823981,0.6078193066587243,1.0,0.7200000000000004,1,0->18->19
42,27,QT-APP without tunneling,1.6810449450614904,173.0167936828763,3,0.15652206568025898,31.858365570225754,0.5873299749342286,0.6984140321888997,0.6291945075198161,0.5603483150204968,1.0,0.6950000000000004,1,0->6->11->19
42,28,QT-APP without tunneling,1.147188066290613,123.6445026414408,2,0.16490239393954365,37.74997175690076,0.5381182669842315,0.6858279100966949,0.6303483850248877,0.5735940331453065,1.0,0.6700000000000004,1,0->18->19
42,29,QT-APP without tunneling,1.7320197197487626,173.732718125821,3,0.15694921706474577,31.145449600119324,0.5841633538041219,0.7096123944409833,0.6354023309135898,0.5773399065829209,1.0,0.6450000000000004,1,0->6->11->19
42,30,QT-APP without tunneling,1.232713539814236,121.22290904637799,2,0.17492217089593085,39.83726249186985,0.5415589956728586,0.6923887536887927,0.7032441849068144,0.616356769907118,1.0,0.6200000000000003,1,0->18->19
42,31,QT-APP without tunneling,1.6457534470209758,211.15741042132944,3,0.16111676218716095,34.38051081011697,0.6925266601972457,0.6079646353498265,0.6293585182254936,0.5485844823403253,1.0,0.5950000000000003,1,0->12->4->19
42,32,QT-APP without tunneling,1.2174217221541532,124.08954138972622,2,0.17459548650910384,41.990629360235886,0.5300244315498714,0.6584520829848306,0.6924753235547413,0.6087108610770766,1.0,0.5700000000000003,1,0->18->19
42,33,QT-APP without tunneling,1.6485591348481177,162.57746720096068,3,0.1639901858924604,32.2327695666111,0.5806336787016745,0.676042839039919,0.6156157684741277,0.5495197116160392,1.0,0.5450000000000003,1,0->6->11->19
42,34,QT-APP without tunneling,1.160965304132929,120.22877613176206,2,0.17555243702402923,43.56687568655985,0.5407083144011788,0.6666936864775646,0.6737610250593664,0.5804826520664645,1.0,0.5200000000000002,1,0->18->19
42,35,QT-APP without tunneling,1.5901333807680178,155.885881985659,3,0.16237644366237858,32.82087193878632,0.5870753104642417,0.6565655365223928,0.5570917942478895,0.5300444602560059,1.0,0.4950000000000002,1,0->6->11->19
42,36,QT-APP without tunneling,1.3988248646483266,171.97878505818625,3,0.18116984855632737,24.990524129443568,0.7007174701801082,0.5543005764383668,0.5361651115994188,0.46627495488277554,1.0,0.4700000000000002,1,0->12->13->19
42,37,QT-APP without tunneling,1.1945382490700869,124.40607288970313,2,0.18081008356485928,41.83734286753744,0.5530029351021245,0.6818614138590458,0.6576447183259386,0.5972691245350434,1.0,0.4700000000000002,1,0->18->19
42,38,QT-APP without tunneling,1.5797029112443515,163.75843859053657,3,0.16224219241272783,35.07194472209241,0.5974182565994329,0.6402671524113828,0.5512664577979731,0.5265676370814505,1.0,0.4700000000000002,1,0->6->11->19
42,39,QT-APP without tunneling,1.2120098505243602,125.99970950842864,2,0.18472709854911537,42.79239030696853,0.551576702531416,0.6853495191271387,0.675997165809376,0.6060049252621801,1.0,0.4450000000000002,1,0->18->19
43,0,QT-APP without tunneling,0.48430011911375276,16.53393621602243,1,0.04049362632730225,84.59213620069995,0.913536917446924,0.5186841176489592,0.48430011911375276,0.48430011911375276,0.45,1.2,0,0->19
43,1,QT-APP without tunneling,2.1395011773697465,121.70920309584916,4,0.06087119671629994,63.408211618750975,0.8319492289706614,0.2752355946579925,0.7021654365308616,0.5348752943424366,0.43,1.22,1,0->12->7->16->19
43,2,QT-APP without tunneling,0.48730959405743457,17.661734227955968,1,0.043465738868589975,83.92387745900288,0.9201886631620989,0.5433620970921003,0.48730959405743457,0.48730959405743457,0.46499999999999997,1.195,1,0->19
43,3,QT-APP without tunneling,0.48746825543014305,17.79290792013265,1,0.04411710435070334,86.3487994303513,0.9228847470811824,0.5371813896376861,0.48746825543014305,0.48746825543014305,0.5,1.1700000000000002,0,0->19
43,4,QT-APP without tunneling,0.5009689555482117,18.209977188673875,1,0.04618215801663606,90.01046175154704,0.8997792590338207,0.5521379523413998,0.5009689555482117,0.5009689555482117,0.48,1.1900000000000002,0,0->19
43,5,QT-APP without tunneling,0.499565971066349,15.490526634081565,1,0.04732187922681963,85.47087608414245,0.8956517132787248,0.5409244435684435,0.499565971066349,0.499565971066349,0.45999999999999996,1.2100000000000002,0,0->19
43,6,QT-APP without tunneling,0.5005617317526505,15.77163316220354,1,0.05114488401070858,83.79162326085638,0.9004863607459526,0.5567826727906892,0.5005617317526505,0.5005617317526505,0.43999999999999995,1.2300000000000002,0,0->19
43,7,QT-APP without tunneling,0.4875213001685815,15.715052546846678,1,0.04894944799313432,84.57908622731759,0.8963206112512151,0.5399826801079838,0.4875213001685815,0.4875213001685815,0.41999999999999993,1.2500000000000002,0,0->19
43,8,QT-APP without tunneling,1.3398818160968302,113.23917826188935,2,0.051281683011652236,56.51726605233895,0.8254951536934174,0.3031722096935034,0.7181354646494869,0.6699409080484151,0.3999999999999999,1.2700000000000002,1,0->12->19
43,9,QT-APP without tunneling,0.5173123731340304,15.683441059451107,1,0.058881327828373256,79.88226574206,0.8896646104238699,0.5505936023075086,0.5173123731340304,0.5173123731340304,0.43499999999999994,1.2450000000000003,1,0->19
43,10,QT-APP without tunneling,0.48876568434069567,22.444354959860377,1,0.09264187969154211,73.6332498748555,0.8221600207437206,0.8824284234138466,0.48876568434069567,0.48876568434069567,0.47,1.2200000000000004,0,0->19
43,11,QT-APP without tunneling,2.3820002939337215,199.92525270837493,5,0.1265455947604361,46.62236396828234,0.7686970841675617,0.8035605564008629,0.5809269909293057,0.4764000587867443,0.47,1.2200000000000004,1,0->9->18->14->16->19
43,12,QT-APP without tunneling,0.47861672501114966,40.25318922170423,1,0.1346276843374995,45.88632839871171,0.7363919731510861,1.0,0.47861672501114966,0.47861672501114966,0.505,1.1950000000000005,1,0->19
43,13,QT-APP without tunneling,0.4996958499775307,50.75176872822903,1,0.17979946017066414,38.2024316193817,0.67433295212907,1.0,0.4996958499775307,0.4996958499775307,0.54,1.1700000000000006,0,0->19
43,14,QT-APP without tunneling,0.3522429337745803,62.91505754012798,1,0.22479700249498502,19.156500664312084,0.6034328501212847,1.0,0.3522429337745803,0.3522429337745803,0.5750000000000001,1.1450000000000007,0,0->19
43,15,QT-APP without tunneling,0.6125297733146928,62.2561216720812,1,0.22341762928695313,19.622613871928802,0.5966349797210988,1.0,0.6125297733146928,0.6125297733146928,0.6100000000000001,1.1200000000000008,0,0->19
43,16,QT-APP without tunneling,0.6122443771219177,61.26622359409014,1,0.2247369827593923,24.62350074190322,0.5783819118985836,1.0,0.6122443771219177,0.6122443771219177,0.6450000000000001,1.0950000000000009,0,0->19
43,17,QT-APP without tunneling,0.6206241962881401,63.89684677161896,1,0.22611372125832288,23.669531277986046,0.582863530639238,1.0,0.6206241962881401,0.6206241962881401,0.6800000000000002,1.070000000000001,0,0->19
43,18,QT-APP without tunneling,2.8991900927433787,353.3906806665389,5,0.22555882000769892,23.695127415111326,0.5997561770239708,0.9785814923454614,0.718244820150224,0.5798380185486758,0.7150000000000002,1.045000000000001,1,0->9->18->14->16->19
43,19,QT-APP without tunneling,0.5559004199453772,67.39859318780462,1,0.2355138304421643,23.04619575823728,0.5847893704776317,0.9687110923070026,0.5559004199453772,0.5559004199453772,0.7500000000000002,1.0200000000000011,1,0->19
43,20,QT-APP without tunneling,1.3017026983830535,215.3329461574054,2,0.2017375874495838,23.8991886576272,0.586491357052378,0.8350366355677604,0.672036603263839,0.6508513491915268,0.7850000000000003,0.9950000000000011,1,0->12->19
43,21,QT-APP without tunneling,0.49889219634057547,55.715703516384814,1,0.20732979555599415,33.35706318498583,0.6399066393823163,0.7719422094627316,0.49889219634057547,0.49889219634057547,0.8200000000000003,0.9700000000000011,1,0->19
43,22,QT-APP without tunneling,0.5125705354600724,51.35510485281033,1,0.19900376573767475,37.19013035269745,0.663523734977366,0.6976678737281166,0.5125705354600724,0.5125705354600724,0.8550000000000003,0.9450000000000011,0,0->19
43,23,QT-APP without tunneling,1.9694386106938828,319.6223962326635,4,0.20324439400257913,57.157379346945746,0.6687567217687687,0.626506550971267,0.5747390601627445,0.4923596526734707,0.8550000000000003,0.9450000000000011,1,0->9->7->12->19
43,24,QT-APP without tunneling,0.4358044898959621,50.068595497827985,1,0.2045452467481949,37.99671286274493,0.6852904457662364,0.6713611737784646,0.4358044898959621,0.4358044898959621,0.8900000000000003,0.920000000000001,1,0->19
43,25,QT-APP without tunneling,0.4204690710428241,49.32732309448943,1,0.2063715273079474,40.0817378637471,0.6780475045428294,0.6515380542027875,0.4204690710428241,0.4204690710428241,0.9250000000000004,0.895000000000001,0,0->19
43,26,QT-APP without tunneling,0.4047548642189732,49.151684631568955,1,0.21025472568002598,38.8696930229802,0.6744977377480096,0.6258088371831018,0.4047548642189732,0.4047548642189732,0.9250000000000004,0.895000000000001,0,0->19
43,27,QT-APP without tunneling,0.3582815037811763,48.119610709187135,1,0.2073701860425385,37.210185021858464,0.6762166998959404,0.5678251558489505,0.3582815037811763,0.3582815037811763,0.9250000000000004,0.895000000000001,0,0->19
43,28,QT-APP without tunneling,1.0271227030663495,184.13076798567477,2,0.16859060545427074,31.45268913193346,0.6333463450721057,0.5192871494715008,0.5195858334577882,0.5135613515331747,0.9250000000000004,0.895000000000001,1,0->12->19
43,29,QT-APP without tunneling,0.3470303550059934,47.07544102156084,1,0.20963606338413449,35.5276784681512,0.6714685562264524,0.5526212929344394,0.3470303550059934,0.3470303550059934,0.9600000000000004,0.870000000000001,1,0->19
43,30,QT-APP without tunneling,0.336488581181061,47.07149339979555,1,0.21415509756864543,33.87735767852814,0.670095435724365,0.511538698830464,0.336488581181061,0.336488581181061,0.9950000000000004,0.845000000000001,0,0->19
43,31,QT-APP without tunneling,0.36985390825717257,49.2371668935142,1,0.21680791986318568,33.74976728007472,0.6706142836740566,0.5393864249945554,0.36985390825717257,0.36985390825717257,0.9950000000000004,0.845000000000001,0,0->19
43,32,QT-APP without tunneling,1.0689766303788353,182.390481818824,2,0.1754966642671404,31.28411129065503,0.6368902670979525,0.5133698148546273,0.5411649274547662,0.5344883151894176,0.9950000000000004,0.845000000000001,1,0->12->19
43,33,QT-APP without tunneling,0.35404257884475454,49.254765580963735,1,0.20819748987788744,31.57411833264507,0.6704695942949228,0.5024832416398598,0.35404257884475454,0.35404257884475454,1.0,0.820000000000001,1,0->19
43,34,QT-APP without tunneling,1.0120166183984165,182.66931293261598,2,0.1724721489783192,35.6173627920611,0.6369284974540882,0.5124678225650254,0.5138165189340655,0.5060083091992083,1.0,0.7950000000000009,1,0->12->19
43,35,QT-APP without tunneling,0.3615374130639259,47.810975426898274,1,0.20948861571022048,29.2585769462202,0.6558740521518319,0.5311421246212082,0.3615374130639259,0.3615374130639259,1.0,0.7700000000000009,1,0->19
43,36,QT-APP without tunneling,0.3647723033302683,47.460897986340846,1,0.21330486394451054,29.02415371650758,0.6557161399024605,0.5437683153711594,0.3647723033302683,0.3647723033302683,1.0,0.7450000000000009,0,0->19
43,37,QT-APP without tunneling,0.36786604177111376,49.48689491528911,1,0.21202733088270573,26.646363867275987,0.6571854508908539,0.5014726531923164,0.36786604177111376,0.36786604177111376,1.0,0.7450000000000009,0,0->19
43,38,QT-APP without tunneling,1.0297365560432128,188.15615945036484,2,0.17114202676413637,39.01526295958209,0.6337284512432212,0.5176901838246886,0.574961198794076,0.5148682780216064,1.0,0.7450000000000009,1,0->12->19
43,39,QT-APP without tunneling,0.35370855487451824,49.79954943974681,1,0.21683020014491486,32.46158431726299,0.6423233718065635,0.4739300549290834,0.35370855487451824,0.35370855487451824,1.0,0.7200000000000009,1,0->19
44,0,QT-APP without tunneling,1.6122910811198188,107.5385483569643,3,0.0408131981085156,61.73340541518227,0.8561122604952801,0.31059025031430715,0.6365374491260837,0.537430360373273,0.45,1.2,0,0->2->1->19
44,1,QT-APP without tunneling,2.071152825854361,122.12245138390502,4,0.047747722664261194,64.88987040995731,0.8960764340992466,0.3624280967073268,0.7263299118840217,0.5177882064635903,0.43,1.22,1,0->12->13->4->19
44,2,QT-APP without tunneling,1.6574401428070964,112.8704620291276,3,0.0424608352393325,63.32587105270088,0.8696347989248188,0.3108535940041706,0.6484688588467902,0.5524800476023655,0.46499999999999997,1.195,1,0->2->1->19
44,3,QT-APP without tunneling,2.0653945583837836,110.07458732515306,4,0.030417566701012977,53.67267847966795,0.821331288066572,0.32522650031391664,0.6163735805895197,0.5163486395959459,0.5,1.1700000000000002,1,0->2->10->1->19
44,4,QT-APP without tunneling,2.1665793287392803,117.68379050137932,4,0.055078543563745766,65.51993325873835,0.8864959628110899,0.3738487545951876,0.6869975375000269,0.5416448321848201,0.535,1.1450000000000002,1,0->9->5->4->19
44,5,QT-APP without tunneling,1.7310326886230134,119.17531918442936,3,0.04000729357665771,58.00288102477262,0.8659413414203461,0.3248273681450923,0.655831438698455,0.5770108962076711,0.515,1.1650000000000003,1,0->2->1->19
44,6,QT-APP without tunneling,2.02274339924001,112.58041970982588,4,0.04849159398656635,42.88203079802676,0.9027543216312565,0.320265595119836,0.65256115741286,0.5056858498100025,0.55,1.1400000000000003,1,0->9->7->1->19
44,7,QT-APP without tunneling,1.7828465375722073,107.18889122536433,3,0.033506983860837794,65.23075526337207,0.8222585572643908,0.3935969250876769,0.6459395937962192,0.5942821791907358,0.5850000000000001,1.1150000000000004,1,0->12->1->19
44,8,QT-APP without tunneling,1.653819402615322,98.31504062090346,3,0.033678113192149105,39.50192591499309,0.8555965044607903,0.3499844873886679,0.6563616225268697,0.5512731342051073,0.5850000000000001,1.1150000000000004,1,0->13->4->19
44,9,QT-APP without tunneling,1.5678071117093402,95.58988808625016,3,0.026299937862067885,57.850137638186766,0.9299586036413953,0.44621334543734487,0.651382577217097,0.5226023705697801,0.5650000000000001,1.1350000000000005,1,0->12->4->19
44,10,QT-APP without tunneling,2.269694587399561,166.93649830639316,4,0.09259871147809906,48.10989503057804,0.832775386493497,0.5986281967070246,0.72355573698125,0.5674236468498902,0.545,1.1550000000000005,1,0->9->5->4->19
44,11,QT-APP without tunneling,1.878131901803616,154.98216101800148,3,0.10411003328933595,41.21235204219203,0.6955850380490863,0.9242112797277079,0.691293916158197,0.626043967267872,0.5800000000000001,1.1300000000000006,1,0->12->1->19
44,12,QT-APP without tunneling,1.9445453410548197,173.46339501511557,3,0.1200309680008629,27.062963430898805,0.6370832916497605,1.0,0.7457936722173056,0.6481817803516066,0.6150000000000001,1.1050000000000006,0,0->12->1->19
44,13,QT-APP without tunneling,2.3853098763010787,259.35493322922787,4,0.17740448578147144,11.786621098023165,0.6146456220209531,0.956010191860314,0.752311349849121,0.5963274690752697,0.6500000000000001,1.0800000000000007,1,0->2->10->1->19
44,14,QT-APP without tunneling,1.09612874261282,230.53292043512033,3,0.18521073599248253,12.348461988764868,0.6290805082114037,1.0,0.47821374545897394,0.3653762475376066,0.6850000000000002,1.0550000000000008,1,0->12->4->19
44,15,QT-APP without tunneling,2.159855449039766,336.5374663690492,4,0.18199290937921936,5.941160295669199,0.6014589319417442,0.9657750022649625,0.6654593679294416,0.5399638622599415,0.7200000000000002,1.030000000000001,1,0->2->7->1->19
44,16,QT-APP without tunneling,2.3070543977067812,299.2942405897727,4,0.2217348137635684,6.162716876844069,0.5785685326954362,0.9666221995953689,0.7205895033881217,0.5767635994266953,0.7550000000000002,1.005000000000001,1,0->2->10->1->19
44,17,QT-APP without tunneling,2.390855314330726,336.8651310251688,4,0.21303687372955746,22.548632356776654,0.6209075037701153,0.9851555133702561,0.7447065454785199,0.5977138285826815,0.7900000000000003,0.980000000000001,1,0->12->13->4->19
44,18,QT-APP without tunneling,1.720817073850494,228.23246167006573,3,0.18190889389199535,12.329128668349838,0.6257257300661155,0.9861902954895431,0.6904793142702964,0.573605691283498,0.8250000000000003,0.955000000000001,1,0->12->4->19
44,19,QT-APP without tunneling,1.8253926946246612,269.81485490487404,3,0.1963111863909619,5.204367526173058,0.6214891353040207,0.9455836058246936,0.7538182595863107,0.6084642315415537,0.8600000000000003,0.9300000000000009,1,0->2->4->19
44,20,QT-APP without tunneling,2.1549887294884216,294.8291996901817,4,0.20994418056097003,22.721896679214836,0.6375974534716211,0.8550120229851186,0.6916067504290185,0.5387471823721054,0.8950000000000004,0.9050000000000009,1,0->9->7->1->19
44,21,QT-APP without tunneling,2.186387328874493,266.4344349065629,4,0.2022652084985487,18.556036763244215,0.6104523021059515,0.7723182269500674,0.6943868424568492,0.5465968322186232,0.9300000000000004,0.8800000000000009,1,0->2->10->1->19
44,22,QT-APP without tunneling,1.5471525153860024,192.60013220422775,3,0.15825818271360612,25.459229433315684,0.68684653539593,0.6952743140867926,0.6442185871734782,0.5157175051286674,0.9300000000000004,0.8800000000000009,1,0->12->4->19
44,23,QT-APP without tunneling,2.1048909177642416,293.1826723223113,4,0.20567365027164064,45.649720469588026,0.6879797895892847,0.638640235852991,0.6704937753627959,0.5262227294410604,0.9650000000000004,0.8550000000000009,1,0->9->5->4->19
44,24,QT-APP without tunneling,2.0174591794175365,292.4506966078752,4,0.20697164062052092,46.44024481926917,0.6831616019892512,0.6206788381560525,0.5977549851174768,0.5043647948543841,1.0,0.8300000000000008,0,0->9->5->4->19
44,25,QT-APP without tunneling,1.6526039807275668,225.14053240212752,3,0.16392895525152842,20.670582226295263,0.6736408744811339,0.6224232981706797,0.7114195646755963,0.5508679935758556,1.0,0.8300000000000008,1,0->2->4->19
44,26,QT-APP without tunneling,2.121698340606649,263.05622671435935,4,0.19537796793068155,32.52207874815299,0.6673533168021497,0.6864852353468263,0.6385803552482358,0.5304245851516622,1.0,0.8050000000000008,1,0->9->7->1->19
44,27,QT-APP without tunneling,2.078219070083509,281.25234501809416,4,0.18573262857917416,22.970876233610035,0.6448759240474156,0.6246543472698127,0.7011475668491183,0.5195547675208773,1.0,0.7800000000000008,1,0->13->2->4->19
44,28,QT-APP without tunneling,1.8789688083143061,248.08159095248544,3,0.17483984104547165,22.18785628848049,0.647032713744289,0.7053796202125316,0.693318735635457,0.6263229361047687,1.0,0.7800000000000008,1,0->13->4->19
44,29,QT-APP without tunneling,1.4603476856573225,222.89243985703172,3,0.15830798674636337,28.63910086437097,0.6638421702048051,0.5944219884403036,0.6072457288929961,0.4867825618857742,1.0,0.7800000000000008,1,0->2->4->19
44,30,QT-APP without tunneling,2.061807140672345,254.0803581247135,4,0.1952350547288998,35.62570856315113,0.6664400601222866,0.6959373445108683,0.6784185983666802,0.5154517851680862,1.0,0.7550000000000008,1,0->9->7->1->19
44,31,QT-APP without tunneling,1.5742640960982914,189.61113233760594,3,0.18647444659841217,48.599518734506944,0.5735827005847552,0.7154155528409092,0.6561487581259595,0.5247546986994305,1.0,0.7300000000000008,1,0->12->1->19
44,32,QT-APP without tunneling,1.399652975165412,209.7420408379398,3,0.1552411452807332,31.901182005096235,0.6559429915387421,0.5921651031583167,0.5706414131708809,0.46655099172180403,1.0,0.7050000000000007,1,0->2->4->19
44,33,QT-APP without tunneling,2.1742136832618284,278.3896727973886,4,0.19430837894845668,43.99094929187874,0.6468813165024428,0.7191650052425776,0.5930545169083867,0.5435534208154571,1.0,0.7050000000000007,1,0->2->15->1->19
44,34,QT-APP without tunneling,1.3969407007017327,213.59371643288796,3,0.1562248808632377,32.368815510523866,0.6598961901366388,0.5658543363687386,0.5882251778785863,0.4656469002339109,1.0,0.6800000000000007,1,0->2->4->19
44,35,QT-APP without tunneling,1.394791004653333,216.20325501850084,3,0.1555782157678272,31.944674758122545,0.6655932697454058,0.5506915983751886,0.5775012054829936,0.4649303348844443,1.0,0.6550000000000007,0,0->2->4->19
44,36,QT-APP without tunneling,2.0362214792778945,284.58055632322703,4,0.20780195075529437,44.16862500640936,0.6754209848350541,0.6211446258071336,0.5230167710355741,0.5090553698194736,1.0,0.6550000000000007,1,0->9->5->4->19
44,37,QT-APP without tunneling,2.1756149036511423,257.6771484370987,4,0.20661661209526153,39.619645736075796,0.6656551309897004,0.7122030768716638,0.6742920746165938,0.5439037259127856,1.0,0.6300000000000007,1,0->9->7->1->19
44,38,QT-APP without tunneling,1.6234395759659948,194.63198394042553,3,0.1900701879593714,53.7650703188693,0.5979469195861646,0.7684430335104596,0.6319467844508891,0.5411465253219983,1.0,0.6300000000000007,1,0->12->1->19
44,39,QT-APP without tunneling,2.066088546434456,283.5996249646172,4,0.1577501252218649,36.296542440509,0.6549805933807467,0.700895667565494,0.6156837955370301,0.516522136608614,1.0,0.6050000000000006,1,0->2->7->1->19
45,0,QT-APP without tunneling,1.757896593881474,103.14719967013616,3,0.040952091341600626,75.98280536984915,0.8754454545522536,0.41933588381326653,0.7534605060156903,0.5859655312938247,0.45,1.2,0,0->17->5->19
45,1,QT-APP without tunneling,1.347749136081264,107.4527904472786,3,0.01726336043160662,51.08710439683694,0.8722654417408648,0.2198602378012077,0.545483639843576,0.44924971202708797,0.43,1.22,1,0->4->13->19
45,2,QT-APP without tunneling,2.228858816287196,140.51642640386035,5,0.03747418077866577,71.62032213500302,0.9133374096049197,0.28636278203996535,0.5135461683567227,0.44577176325743917,0.46499999999999997,1.195,1,0->17->2->4->13->19
45,3,QT-APP without tunneling,1.3450824428191717,107.879331773813,3,0.018922635236558984,53.02437962799809,0.8853950305523869,0.20208770747632288,0.5461559431049657,0.44836081427305724,0.5,1.1700000000000002,1,0->4->13->19
45,4,QT-APP without tunneling,2.4575639024452878,181.03262993216418,6,0.034220316795282237,63.22587262722781,0.9154844502340271,0.24577411348363973,0.59055678542364,0.4095939837408813,0.535,1.1450000000000002,1,0->17->1->7->4->13->19
45,5,QT-APP without tunneling,1.2947457972864005,106.63101110234146,3,0.015298729525538207,55.271662635445075,0.8796009899437459,0.20040127256055404,0.4983382566920669,0.43158193242880016,0.5700000000000001,1.1200000000000003,1,0->4->13->19
45,6,QT-APP without tunneling,1.2820836069076875,104.93036284248754,3,0.016250780963336795,58.491482794850036,0.874809822216594,0.19685105248089216,0.5127812505773525,0.4273612023025625,0.6050000000000001,1.0950000000000004,0,0->4->13->19
45,7,QT-APP without tunneling,1.616890010845343,107.61801568198885,3,0.03377494481189417,81.59055014680052,0.8793678093182126,0.47096813709674595,0.6567510943056606,0.5389633369484477,0.5850000000000001,1.1150000000000004,1,0->17->5->19
45,8,QT-APP without tunneling,2.8147900280566307,175.09065735391158,5,0.047539659145841906,81.31537561011264,0.8432315022887359,0.4596205385428339,0.6486033183536724,0.5629580056113261,0.6200000000000001,1.0900000000000005,1,0->4->2->17->5->19
45,9,QT-APP without tunneling,1.5929931613678394,106.5754182976576,3,0.03379367907173369,79.05855614656748,0.8900866616653765,0.47509476081900665,0.650312231390113,0.5309977204559465,0.6550000000000001,1.0650000000000006,1,0->17->5->19
45,10,QT-APP without tunneling,1.4492803218643753,136.2720369295965,3,0.06158037547345487,48.98835663024132,0.8248570123867855,0.43701768679728636,0.5856880007818381,0.4830934406214584,0.6900000000000002,1.0400000000000007,1,0->4->13->19
45,11,QT-APP without tunneling,1.5558727254376483,168.57173300142335,3,0.09314440423035769,39.73371398947541,0.7763802402786822,0.6557696016584814,0.6407733735236869,0.5186242418125494,0.6900000000000002,1.0400000000000007,0,0->4->13->19
45,12,QT-APP without tunneling,1.6843061845722391,199.5867907756558,3,0.12820353936193063,29.293751531906462,0.7241711211204428,0.8990437414247127,0.6492626513850126,0.561435394857413,0.6900000000000002,1.0400000000000007,0,0->4->13->19
45,13,QT-APP without tunneling,2.0873172990280695,230.1919598976076,3,0.17209412571028895,16.4299278995093,0.6671059493192725,0.994044585528418,0.8072947685408632,0.6957724330093565,0.6900000000000002,1.0400000000000007,0,0->4->13->19
45,14,QT-APP without tunneling,1.218817999583379,252.21170063563778,3,0.2010520051931695,30.4010032601122,0.57397883656145,1.0,0.5156417226836583,0.406272666527793,0.7250000000000002,1.0150000000000008,1,0->17->5->19
45,15,QT-APP without tunneling,1.7251488496426997,261.11712414775184,3,0.19954852331501935,13.09152077493608,0.5972320682459987,0.9695771144521448,0.611004670101587,0.5750496165475666,0.7600000000000002,0.9900000000000008,1,0->4->13->19
45,16,QT-APP without tunneling,1.8180589849121138,252.52400801075856,3,0.2038693413237502,30.087402210237613,0.5670170423610995,0.9809670659671204,0.6964232661753439,0.6060196616373713,0.7950000000000003,0.9650000000000007,1,0->17->5->19
45,17,QT-APP without tunneling,3.4502195625793366,425.1669025234214,5,0.2190016566361847,16.303520857903866,0.6032539163903902,0.9883353260097835,0.8640662032739086,0.6900439125158673,0.8300000000000003,0.9400000000000007,1,0->17->1->10->5->19
45,18,QT-APP without tunneling,1.8882904706735488,256.5921316420837,3,0.20225575486812866,18.517035905719027,0.6014686556441343,0.9671465907400592,0.6550144642047935,0.629430156891183,0.8650000000000003,0.9150000000000007,1,0->4->13->19
45,19,QT-APP without tunneling,1.9636884234819165,259.10461018023227,3,0.2052063808357877,16.94036543227092,0.6116693705397338,0.9746191255580204,0.6681411996266197,0.6545628078273055,0.9000000000000004,0.8900000000000007,0,0->4->13->19
45,20,QT-APP without tunneling,1.7191133970599402,242.6143187131632,3,0.19895713614045366,26.824148621721033,0.6302737972084089,0.8813842029678142,0.5943146694536829,0.5730377990199801,0.9350000000000004,0.8650000000000007,0,0->4->13->19
45,21,QT-APP without tunneling,1.5411007742488914,227.90584176991393,3,0.18453710542582236,32.723557043547,0.6494695299684593,0.7608690909419565,0.5503042345271525,0.5137002580829638,0.9700000000000004,0.8400000000000006,0,0->4->13->19
45,22,QT-APP without tunneling,1.5247170534930508,209.67138141286466,3,0.1694025307041758,50.90497287078131,0.6234277296507762,0.6949994924090671,0.650939980870546,0.5082390178310169,0.9700000000000004,0.8400000000000006,1,0->17->5->19
45,23,QT-APP without tunneling,1.5563552457373548,220.96014115030536,3,0.16807741620243152,38.45835480107002,0.6688946446407451,0.6506217722181308,0.5615191341367888,0.5187850819124517,0.9700000000000004,0.8400000000000006,1,0->4->13->19
45,24,QT-APP without tunneling,2.072707050701527,331.95383143071575,5,0.1741906854827126,45.58906450407336,0.7039090726138919,0.6328751527970908,0.5134091102714902,0.4145414101403054,0.9700000000000004,0.8400000000000006,1,0->17->2->4->13->19
45,25,QT-APP without tunneling,1.4125075885834608,217.68552091329317,3,0.16563559157876423,37.49586775847411,0.6743453862053349,0.6492309688361199,0.5408106394617463,0.4708358628611536,1.0,0.8150000000000006,1,0->4->13->19
45,26,QT-APP without tunneling,1.4493258334843722,219.34028000478716,3,0.1681300409074938,35.67014580413331,0.675959996237638,0.6533991154509963,0.5386247551509772,0.48310861116145737,1.0,0.7900000000000006,0,0->4->13->19
45,27,QT-APP without tunneling,1.4592518626454258,219.36688894538705,3,0.16724234368032834,35.08536290182454,0.6736865833072933,0.6599545866941612,0.5496231674661414,0.4864172875484753,1.0,0.7900000000000006,0,0->4->13->19
45,28,QT-APP without tunneling,1.4353674954638072,217.07631738417,3,0.16333519156098628,35.04385416902783,0.6731575829692845,0.6448300681039957,0.545918350045211,0.47845583182126905,1.0,0.7900000000000006,0,0->4->13->19
45,29,QT-APP without tunneling,2.092618629962944,323.28483342080466,5,0.17256980323041957,45.11370460142456,0.7099023487843595,0.6811968152454067,0.519326553748598,0.4185237259925888,1.0,0.7900000000000006,1,0->17->2->4->13->19
45,30,QT-APP without tunneling,1.342369779302612,212.98055596277828,3,0.17100426371893515,51.509754120658165,0.6222114437339372,0.6882249155348278,0.5640291130939157,0.44745659310087066,1.0,0.7650000000000006,1,0->17->5->19
45,31,QT-APP without tunneling,1.3826787668662783,213.7375263764937,3,0.16821692264605315,51.20652706515862,0.6205969084701493,0.7007752013123283,0.5671778690572026,0.46089292228875944,1.0,0.7400000000000005,0,0->17->5->19
45,32,QT-APP without tunneling,1.3918164112021905,215.77399697420293,3,0.17076811426127372,50.53707329407123,0.6253894739469315,0.6915029132185181,0.5985317339032864,0.4639388037340635,1.0,0.7400000000000005,0,0->17->5->19
45,33,QT-APP without tunneling,1.5090607728661878,214.7836369354947,3,0.17221298772765434,50.65114085457003,0.6197308941781605,0.6918206260903972,0.6467433963044129,0.5030202576220626,1.0,0.7400000000000005,0,0->17->5->19
45,34,QT-APP without tunneling,1.375091175244206,213.25304461840793,3,0.17243296794409535,51.099496044168596,0.6255636867005506,0.6738112875638018,0.608903953626674,0.45836372508140205,1.0,0.7400000000000005,0,0->17->5->19
45,35,QT-APP without tunneling,1.3930304985587714,210.9411287357831,3,0.174843556405658,53.55742145208607,0.6232816449302544,0.674155749258171,0.6272876639000428,0.4643434995195905,1.0,0.7400000000000005,0,0->17->5->19
45,36,QT-APP without tunneling,1.3312127289927824,217.48334960205358,3,0.1641205652770072,39.20130252634096,0.6627444983516931,0.6185507594980466,0.49321392004361553,0.4437375763309275,1.0,0.7400000000000005,1,0->4->13->19
45,37,QT-APP without tunneling,2.9882634203648024,381.9000679832926,6,0.17939356108091378,38.57357221081725,0.6137060884381252,0.6968785937467139,0.6724324594246156,0.49804390339413374,1.0,0.7400000000000005,1,0->17->3->15->10->5->19
45,38,QT-APP without tunneling,1.9824410983281444,293.75709384775803,4,0.17704013065075447,48.910912184613615,0.5846583516487688,0.6613256603014324,0.6641394758240198,0.4956102745820361,1.0,0.7150000000000005,1,0->17->10->5->19
45,39,QT-APP without tunneling,1.2762635693898756,214.67869512541924,3,0.16368898906275217,39.58715738825105,0.6626175201674178,0.5845054987920321,0.4616172509571325,0.4254211897966252,1.0,0.6900000000000005,1,0->4->13->19
46,0,QT-APP without tunneling,0.530353348809316,30.60700477771844,1,0.06027029752911368,33.990630655897604,0.7849430710550802,0.09611576246689849,0.530353348809316,0.530353348809316,0.45,1.2,0,0->19
46,1,QT-APP without tunneling,0.5425872065478998,30.1407728819822,1,0.06514265861664507,35.387676196756644,0.7799964363029415,0.10940128400878629,0.5425872065478998,0.5425872065478998,0.43,1.22,0,0->19
46,2,QT-APP without tunneling,2.020390952447844,125.45861908483792,4,0.04119052734313676,37.57771969984451,0.8775387526647179,0.18491535454618313,0.5794536753296318,0.505097738111961,0.41,1.24,1,0->18->13->9->19
46,3,QT-APP without tunneling,1.9950402205047844,85.13399075267972,4,0.06238421575379212,48.05328987674574,0.8583584625435696,0.25650843178372923,0.554502099450477,0.4987600551261961,0.44499999999999995,1.215,1,0->13->18->9->19
46,4,QT-APP without tunneling,1.2516086340792376,65.48059917695346,2,0.062081361818790114,64.61438107505253,0.757030351485538,0.302606433081562,0.6981435198914827,0.6258043170396188,0.42499999999999993,1.235,1,0->7->19
46,5,QT-APP without tunneling,1.6026270434890748,77.48998448034595,3,0.06690064355997012,44.632388854294355,0.8701823152618848,0.2820050236215179,0.5607672926900655,0.5342090144963583,0.45999999999999996,1.2100000000000002,1,0->13->9->19
46,6,QT-APP without tunneling,2.24897583759909,108.29403147787056,5,0.05790082013441363,62.383869688234746,0.8518381446650585,0.24553815761509182,0.5532611385458479,0.44979516751981796,0.495,1.1850000000000003,1,0->13->18->10->7->19
46,7,QT-APP without tunneling,1.9711592115802854,95.18200137708936,4,0.06376727872273708,51.0784305299448,0.866695471001179,0.24719771339476793,0.5407202343714705,0.49278980289507135,0.53,1.1600000000000004,1,0->13->18->9->19
46,8,QT-APP without tunneling,1.7532642524002775,85.4607129811811,3,0.04650341461682032,41.114984384001126,0.8083038731844341,0.2984282183179068,0.602034303382192,0.5844214174667591,0.53,1.1600000000000004,1,0->18->9->19
46,9,QT-APP without tunneling,0.5529891504241708,32.66583417751826,1,0.053821231898572505,43.165252081710264,0.7877310356414139,0.15300754936828515,0.5529891504241708,0.5529891504241708,0.53,1.1600000000000004,1,0->19
46,10,QT-APP without tunneling,0.5710314977467559,43.1800468968558,1,0.09681047925185066,22.095618785732903,0.7358244382908321,0.2724763119553757,0.5710314977467559,0.5710314977467559,0.5650000000000001,1.1350000000000005,0,0->19
46,11,QT-APP without tunneling,2.408884830325038,163.30042444572177,4,0.12681826691386924,26.9798615158176,0.7181387827208832,0.8292577045615568,0.6724716501995646,0.6022212075812595,0.545,1.1550000000000005,1,0->16->18->9->19
46,12,QT-APP without tunneling,1.5137496237928492,137.83993168071606,2,0.17627402408291903,20.944431570827348,0.6093481406803207,0.953556495661392,0.7763892095820735,0.7568748118964246,0.5800000000000001,1.1300000000000006,1,0->7->19
46,13,QT-APP without tunneling,0.759977087898163,62.4351343624526,1,0.20082667624364797,5.0,0.5801465266201294,1.0,0.759977087898163,0.759977087898163,0.6150000000000001,1.1050000000000006,1,0->19
46,14,QT-APP without tunneling,0.5426328222351446,76.43451336862087,1,0.23637133178830322,5.0,0.5035581648653191,1.0,0.5426328222351446,0.5426328222351446,0.6500000000000001,1.0800000000000007,0,0->19
46,15,QT-APP without tunneling,0.5824314276300901,77.39790478631625,1,0.23420336355413385,7.611586030055816,0.5082132545549715,0.9705181022203846,0.5824314276300901,0.5824314276300901,0.6850000000000002,1.0550000000000008,0,0->19
46,16,QT-APP without tunneling,1.7854982219536248,213.18329887267333,3,0.21669681507037072,13.149374777231946,0.5509610081863315,0.9783105095696589,0.6300237043676729,0.5951660739845416,0.7200000000000002,1.030000000000001,1,0->13->9->19
46,17,QT-APP without tunneling,0.7857136390723574,80.84903920160923,1,0.22006893013583959,5.248230683965135,0.5029009752405119,1.0,0.7857136390723574,0.7857136390723574,0.7550000000000002,1.005000000000001,1,0->19
46,18,QT-APP without tunneling,0.7879722125081309,81.73428123784524,1,0.21647230344394092,5.0,0.497967309515209,1.0,0.7879722125081309,0.7879722125081309,0.7900000000000003,0.980000000000001,0,0->19
46,19,QT-APP without tunneling,0.76607590906759,79.21752776537608,1,0.2147393008797488,5.0,0.5035855154095683,1.0,0.76607590906759,0.76607590906759,0.8250000000000003,0.955000000000001,0,0->19
46,20,QT-APP without tunneling,1.302268762292055,160.87697193133195,2,0.26115342565282024,20.767005620032375,0.5507121491595414,0.8536765402567453,0.6528439155815527,0.6511343811460275,0.8600000000000003,0.9300000000000009,1,0->7->19
46,21,QT-APP without tunneling,1.6228486780624873,194.46878546198212,3,0.18963181586586694,26.215536289923776,0.6121571969891322,0.7754059048691743,0.6235168269003635,0.5409495593541624,0.8950000000000004,0.9050000000000009,1,0->13->9->19
46,22,QT-APP without tunneling,0.6536331026741833,63.153333200958286,1,0.18423194657900527,15.82235503612273,0.5655291058939573,0.7026108692043751,0.6536331026741833,0.6536331026741833,0.9300000000000004,0.8800000000000009,1,0->19
46,23,QT-APP without tunneling,0.6423617248086921,61.160002376551496,1,0.17804969087839695,15.450575071152858,0.5539861615471294,0.6835493534037439,0.6423617248086921,0.6423617248086921,0.9650000000000004,0.8550000000000009,0,0->19
46,24,QT-APP without tunneling,0.6324306146319362,60.3048346743419,1,0.17780481529945058,15.775739597808185,0.5443783494707599,0.703489266241768,0.6324306146319362,0.6324306146319362,0.9650000000000004,0.8550000000000009,0,0->19
46,25,QT-APP without tunneling,0.6608432432267601,60.6357729713327,1,0.17580597846848128,15.983022719345769,0.5433367174594858,0.7128908496736044,0.6608432432267601,0.6608432432267601,0.9650000000000004,0.8550000000000009,0,0->19
46,26,QT-APP without tunneling,0.6170515114324645,58.73782799662159,1,0.17629647606646776,12.374986208415804,0.5447771562591135,0.664128090344736,0.6170515114324645,0.6170515114324645,0.9650000000000004,0.8550000000000009,0,0->19
46,27,QT-APP without tunneling,0.612163495357732,58.898448268926366,1,0.17404415870073559,14.797016518973141,0.5544450675412191,0.6913580136426037,0.612163495357732,0.612163495357732,0.9650000000000004,0.8550000000000009,0,0->19
46,28,QT-APP without tunneling,0.6372422756843438,60.00648829021657,1,0.17581767312358842,17.779035088647216,0.5564706722723851,0.7299279981737881,0.6372422756843438,0.6372422756843438,0.9650000000000004,0.8550000000000009,0,0->19
46,29,QT-APP without tunneling,0.6150366766518259,59.87857072647879,1,0.1763901649664646,16.735761395138468,0.5582114813573406,0.7159598192773767,0.6150366766518259,0.6150366766518259,0.9650000000000004,0.8550000000000009,0,0->19
46,30,QT-APP without tunneling,1.611132406295334,208.49444538796115,3,0.1662940968263421,37.71539215978456,0.560406550417481,0.5970818370110068,0.7469967240516572,0.537044135431778,0.9650000000000004,0.8550000000000009,1,0->18->9->19
46,31,QT-APP without tunneling,1.852503695607129,212.10822373540117,4,0.19377875310917453,25.704510317775938,0.6709670757126377,0.6425719760251927,0.5830529260560446,0.46312592390178225,1.0,0.8300000000000008,1,0->17->2->9->19
46,32,QT-APP without tunneling,1.325886313725582,156.96452065073368,2,0.24341682950197843,30.73554686330009,0.5560680320977178,0.6312047992708911,0.7306205923494823,0.662943156862791,1.0,0.8300000000000008,1,0->7->19
46,33,QT-APP without tunneling,0.5707882831026814,61.84335595725935,1,0.17947515879301862,11.693795224333552,0.5599456640843969,0.6459338699774042,0.5707882831026814,0.5707882831026814,1.0,0.8050000000000008,1,0->19
46,34,QT-APP without tunneling,0.5934536828823047,58.732009481298746,1,0.1812515858906678,9.721925478896111,0.5592644568557684,0.6712858821319513,0.5934536828823047,0.5934536828823047,1.0,0.7800000000000008,0,0->19
46,35,QT-APP without tunneling,1.3285004468358927,157.091835397512,2,0.24315561029062083,38.74222787021615,0.5518067280232541,0.647084079093412,0.7326696650629545,0.6642502234179464,1.0,0.7800000000000008,1,0->7->19
46,36,QT-APP without tunneling,1.3685291970016724,157.27373373908006,2,0.2468718045764206,34.61267942086647,0.5468031415295739,0.6496079219569233,0.7533803491228052,0.6842645985008362,1.0,0.7550000000000008,0,0->7->19
46,37,QT-APP without tunneling,1.567887950937966,206.18395479158264,3,0.16466192323321013,43.28887513967387,0.5574945211848544,0.6093866912715765,0.6703794270566219,0.522629316979322,1.0,0.7550000000000008,1,0->18->9->19
46,38,QT-APP without tunneling,1.3747154070228564,154.87581213576476,2,0.24723135315184946,37.673141536736026,0.5455385898478919,0.69719115318157,0.7440380549316784,0.6873577035114282,1.0,0.7550000000000008,1,0->7->19
46,39,QT-APP without tunneling,1.3443232104162965,150.6609203310133,2,0.2447013135151301,36.01905947138291,0.5477402664532184,0.6973014364141612,0.7377606492308697,0.6721616052081483,1.0,0.7550000000000008,0,0->7->19
