seed,time_step,algorithm,energy,kappa,route_changed,candidate_count,selected_index,selected_rank,best_candidate_cost,selected_base_cost,mean_candidate_cost,selected_tunneling_probability,mean_tunneling_probability,std_tunneling_probability,selection_probability,selected_thermal_weight,selected_final_score,candidate_cost_std
42,0,Dijkstra,0.45,1.2,0,1,0,1,0.8732118504140169,0.8732118504140169,0.8732118504140169,0.0,0.0,0.0,1.0,1.0,1.0,0.0
42,1,Dijkstra,0.45,1.2,0,1,0,1,0.915817237788986,0.915817237788986,0.915817237788986,0.0,0.0,0.0,1.0,1.0,1.0,0.0
42,2,Dijkstra,0.45,1.2,0,1,0,1,0.9804970115671849,0.9804970115671849,0.9804970115671849,0.0,0.0,0.0,1.0,1.0,1.0,0.0
42,3,Dijkstra,0.45,1.2,0,1,0,1,0.9370173507629704,0.9370173507629704,0.9370173507629704,0.0,0.0,0.0,1.0,1.0,1.0,0.0
42,4,Dijkstra,0.45,1.2,0,1,0,1,0.9654725224177971,0.9654725224177971,0.9654725224177971,0.0,0.0,0.0,1.0,1.0,1.0,0.0
42,5,Dijkstra,0.45,1.2,0,1,0,1,1.025485403191488,1.025485403191488,1.025485403191488,0.0,0.0,0.0,1.0,1.0,1.0,0.0
42,6,Dijkstra,0.45,1.2,0,1,0,1,1.014669140764586,1.014669140764586,1.014669140764586,0.0,0.0,0.0,1.0,1.0,1.0,0.0
42,7,Dijkstra,0.45,1.2,0,1,0,1,1.0166203786307721,1.0166203786307721,1.0166203786307721,0.0,0.0,0.0,1.0,1.0,1.0,0.0
42,8,Dijkstra,0.45,1.2,0,1,0,1,1.0004381501530784,1.0004381501530784,1.0004381501530784,0.0,0.0,0.0,1.0,1.0,1.0,0.0
42,9,Dijkstra,0.45,1.2,0,1,0,1,0.9987861849730195,0.9987861849730195,0.9987861849730195,0.0,0.0,0.0,1.0,1.0,1.0,0.0
42,10,Dijkstra,0.45,1.2,0,1,0,1,1.030669535139126,1.030669535139126,1.030669535139126,0.0,0.0,0.0,1.0,1.0,1.0,0.0
42,11,Dijkstra,0.45,1.2,0,1,0,1,1.1018686939577662,1.1018686939577662,1.1018686939577662,0.0,0.0,0.0,1.0,1.0,1.0,0.0
42,12,Dijkstra,0.45,1.2,1,1,0,1,1.3049292828209724,1.3049292828209724,1.3049292828209724,0.0,0.0,0.0,1.0,1.0,1.0,0.0
42,13,Dijkstra,0.45,1.2,0,1,0,1,1.4487613123955252,1.4487613123955252,1.4487613123955252,0.0,0.0,0.0,1.0,1.0,1.0,0.0
42,14,Dijkstra,0.45,1.2,1,1,0,1,0.9848599827877722,0.9848599827877722,0.9848599827877722,0.0,0.0,0.0,1.0,1.0,1.0,0.0
42,15,Dijkstra,0.45,1.2,1,1,0,1,1.3718739513450038,1.3718739513450038,1.3718739513450038,0.0,0.0,0.0,1.0,1.0,1.0,0.0
42,16,Dijkstra,0.45,1.2,1,1,0,1,1.384976767872157,1.384976767872157,1.384976767872157,0.0,0.0,0.0,1.0,1.0,1.0,0.0
42,17,Dijkstra,0.45,1.2,0,1,0,1,1.3488623747882977,1.3488623747882977,1.3488623747882977,0.0,0.0,0.0,1.0,1.0,1.0,0.0
42,18,Dijkstra,0.45,1.2,0,1,0,1,1.1690245745094896,1.1690245745094896,1.1690245745094896,0.0,0.0,0.0,1.0,1.0,1.0,0.0
42,19,Dijkstra,0.45,1.2,0,1,0,1,1.1356989100503525,1.1356989100503525,1.1356989100503525,0.0,0.0,0.0,1.0,1.0,1.0,0.0
42,20,Dijkstra,0.45,1.2,0,1,0,1,1.004422706582122,1.004422706582122,1.004422706582122,0.0,0.0,0.0,1.0,1.0,1.0,0.0
42,21,Dijkstra,0.45,1.2,0,1,0,1,1.03472256073711,1.03472256073711,1.03472256073711,0.0,0.0,0.0,1.0,1.0,1.0,0.0
42,22,Dijkstra,0.45,1.2,0,1,0,1,1.0517751101085309,1.0517751101085309,1.0517751101085309,0.0,0.0,0.0,1.0,1.0,1.0,0.0
42,23,Dijkstra,0.45,1.2,0,1,0,1,0.9963293970543989,0.9963293970543989,0.9963293970543989,0.0,0.0,0.0,1.0,1.0,1.0,0.0
42,24,Dijkstra,0.45,1.2,0,1,0,1,0.9772849152654746,0.9772849152654746,0.9772849152654746,0.0,0.0,0.0,1.0,1.0,1.0,0.0
42,25,Dijkstra,0.45,1.2,0,1,0,1,0.9770377456253623,0.9770377456253623,0.9770377456253623,0.0,0.0,0.0,1.0,1.0,1.0,0.0
42,26,Dijkstra,0.45,1.2,0,1,0,1,0.9993928978137696,0.9993928978137696,0.9993928978137696,0.0,0.0,0.0,1.0,1.0,1.0,0.0
42,27,Dijkstra,0.45,1.2,0,1,0,1,1.0101240931300357,1.0101240931300357,1.0101240931300357,0.0,0.0,0.0,1.0,1.0,1.0,0.0
42,28,Dijkstra,0.45,1.2,0,1,0,1,1.0496134448320893,1.0496134448320893,1.0496134448320893,0.0,0.0,0.0,1.0,1.0,1.0,0.0
42,29,Dijkstra,0.45,1.2,0,1,0,1,1.0043725486540487,1.0043725486540487,1.0043725486540487,0.0,0.0,0.0,1.0,1.0,1.0,0.0
42,30,Dijkstra,0.45,1.2,0,1,0,1,0.9751459423853482,0.9751459423853482,0.9751459423853482,0.0,0.0,0.0,1.0,1.0,1.0,0.0
42,31,Dijkstra,0.45,1.2,0,1,0,1,0.9722272490201086,0.9722272490201086,0.9722272490201086,0.0,0.0,0.0,1.0,1.0,1.0,0.0
42,32,Dijkstra,0.45,1.2,0,1,0,1,0.9420884209353828,0.9420884209353828,0.9420884209353828,0.0,0.0,0.0,1.0,1.0,1.0,0.0
42,33,Dijkstra,0.45,1.2,0,1,0,1,0.9304677144108404,0.9304677144108404,0.9304677144108404,0.0,0.0,0.0,1.0,1.0,1.0,0.0
42,34,Dijkstra,0.45,1.2,0,1,0,1,0.9591429021194771,0.9591429021194771,0.9591429021194771,0.0,0.0,0.0,1.0,1.0,1.0,0.0
42,35,Dijkstra,0.45,1.2,0,1,0,1,0.9810222914319932,0.9810222914319932,0.9810222914319932,0.0,0.0,0.0,1.0,1.0,1.0,0.0
42,36,Dijkstra,0.45,1.2,0,1,0,1,0.975515013856534,0.975515013856534,0.975515013856534,0.0,0.0,0.0,1.0,1.0,1.0,0.0
42,37,Dijkstra,0.45,1.2,0,1,0,1,0.9680530720473801,0.9680530720473801,0.9680530720473801,0.0,0.0,0.0,1.0,1.0,1.0,0.0
42,38,Dijkstra,0.45,1.2,0,1,0,1,0.965757074621276,0.965757074621276,0.965757074621276,0.0,0.0,0.0,1.0,1.0,1.0,0.0
42,39,Dijkstra,0.45,1.2,0,1,0,1,0.939081071804508,0.939081071804508,0.939081071804508,0.0,0.0,0.0,1.0,1.0,1.0,0.0
43,0,Dijkstra,0.45,1.2,0,1,0,1,0.48430011911375276,0.48430011911375276,0.48430011911375276,0.0,0.0,0.0,1.0,1.0,1.0,0.0
43,1,Dijkstra,0.45,1.2,0,1,0,1,0.4850800422871335,0.4850800422871335,0.4850800422871335,0.0,0.0,0.0,1.0,1.0,1.0,0.0
43,2,Dijkstra,0.45,1.2,0,1,0,1,0.48520035677742246,0.48520035677742246,0.48520035677742246,0.0,0.0,0.0,1.0,1.0,1.0,0.0
43,3,Dijkstra,0.45,1.2,0,1,0,1,0.48674186434162264,0.48674186434162264,0.48674186434162264,0.0,0.0,0.0,1.0,1.0,1.0,0.0
43,4,Dijkstra,0.45,1.2,0,1,0,1,0.47704580280227576,0.47704580280227576,0.47704580280227576,0.0,0.0,0.0,1.0,1.0,1.0,0.0
43,5,Dijkstra,0.45,1.2,0,1,0,1,0.4454873682303372,0.4454873682303372,0.4454873682303372,0.0,0.0,0.0,1.0,1.0,1.0,0.0
43,6,Dijkstra,0.45,1.2,0,1,0,1,0.4622785753416544,0.4622785753416544,0.4622785753416544,0.0,0.0,0.0,1.0,1.0,1.0,0.0
43,7,Dijkstra,0.45,1.2,0,1,0,1,0.4667192043262648,0.4667192043262648,0.4667192043262648,0.0,0.0,0.0,1.0,1.0,1.0,0.0
43,8,Dijkstra,0.45,1.2,0,1,0,1,0.4458073185575312,0.4458073185575312,0.4458073185575312,0.0,0.0,0.0,1.0,1.0,1.0,0.0
43,9,Dijkstra,0.45,1.2,0,1,0,1,0.44100537718862176,0.44100537718862176,0.44100537718862176,0.0,0.0,0.0,1.0,1.0,1.0,0.0
43,10,Dijkstra,0.45,1.2,0,1,0,1,0.46983441166764445,0.46983441166764445,0.46983441166764445,0.0,0.0,0.0,1.0,1.0,1.0,0.0
43,11,Dijkstra,0.45,1.2,0,1,0,1,0.4241445110266768,0.4241445110266768,0.4241445110266768,0.0,0.0,0.0,1.0,1.0,1.0,0.0
43,12,Dijkstra,0.45,1.2,0,1,0,1,0.46089503601813486,0.46089503601813486,0.46089503601813486,0.0,0.0,0.0,1.0,1.0,1.0,0.0
43,13,Dijkstra,0.45,1.2,0,1,0,1,0.482836013786112,0.482836013786112,0.482836013786112,0.0,0.0,0.0,1.0,1.0,1.0,0.0
43,14,Dijkstra,0.45,1.2,0,1,0,1,0.2543566251552326,0.2543566251552326,0.2543566251552326,0.0,0.0,0.0,1.0,1.0,1.0,0.0
43,15,Dijkstra,0.45,1.2,0,1,0,1,0.4502901472443436,0.4502901472443436,0.4502901472443436,0.0,0.0,0.0,1.0,1.0,1.0,0.0
43,16,Dijkstra,0.45,1.2,0,1,0,1,0.41298886109047467,0.41298886109047467,0.41298886109047467,0.0,0.0,0.0,1.0,1.0,1.0,0.0
43,17,Dijkstra,0.45,1.2,0,1,0,1,0.47576962444018706,0.47576962444018706,0.47576962444018706,0.0,0.0,0.0,1.0,1.0,1.0,0.0
43,18,Dijkstra,0.45,1.2,0,1,0,1,0.4962935763807828,0.4962935763807828,0.4962935763807828,0.0,0.0,0.0,1.0,1.0,1.0,0.0
43,19,Dijkstra,0.45,1.2,0,1,0,1,0.5293443476326787,0.5293443476326787,0.5293443476326787,0.0,0.0,0.0,1.0,1.0,1.0,0.0
43,20,Dijkstra,0.45,1.2,0,1,0,1,0.5071763900078832,0.5071763900078832,0.5071763900078832,0.0,0.0,0.0,1.0,1.0,1.0,0.0
43,21,Dijkstra,0.45,1.2,0,1,0,1,0.5546180327953959,0.5546180327953959,0.5546180327953959,0.0,0.0,0.0,1.0,1.0,1.0,0.0
43,22,Dijkstra,0.45,1.2,0,1,0,1,0.5651950371182708,0.5651950371182708,0.5651950371182708,0.0,0.0,0.0,1.0,1.0,1.0,0.0
43,23,Dijkstra,0.45,1.2,0,1,0,1,0.5729871073297209,0.5729871073297209,0.5729871073297209,0.0,0.0,0.0,1.0,1.0,1.0,0.0
43,24,Dijkstra,0.45,1.2,0,1,0,1,0.55576759785692,0.55576759785692,0.55576759785692,0.0,0.0,0.0,1.0,1.0,1.0,0.0
43,25,Dijkstra,0.45,1.2,0,1,0,1,0.5674245703509301,0.5674245703509301,0.5674245703509301,0.0,0.0,0.0,1.0,1.0,1.0,0.0
43,26,Dijkstra,0.45,1.2,0,1,0,1,0.5355440290179871,0.5355440290179871,0.5355440290179871,0.0,0.0,0.0,1.0,1.0,1.0,0.0
43,27,Dijkstra,0.45,1.2,0,1,0,1,0.5269821582905518,0.5269821582905518,0.5269821582905518,0.0,0.0,0.0,1.0,1.0,1.0,0.0
43,28,Dijkstra,0.45,1.2,0,1,0,1,0.5585795028117726,0.5585795028117726,0.5585795028117726,0.0,0.0,0.0,1.0,1.0,1.0,0.0
43,29,Dijkstra,0.45,1.2,0,1,0,1,0.5571115068391577,0.5571115068391577,0.5571115068391577,0.0,0.0,0.0,1.0,1.0,1.0,0.0
43,30,Dijkstra,0.45,1.2,0,1,0,1,0.5401413845948138,0.5401413845948138,0.5401413845948138,0.0,0.0,0.0,1.0,1.0,1.0,0.0
43,31,Dijkstra,0.45,1.2,0,1,0,1,0.5359832878786474,0.5359832878786474,0.5359832878786474,0.0,0.0,0.0,1.0,1.0,1.0,0.0
43,32,Dijkstra,0.45,1.2,0,1,0,1,0.5191054191112937,0.5191054191112937,0.5191054191112937,0.0,0.0,0.0,1.0,1.0,1.0,0.0
43,33,Dijkstra,0.45,1.2,0,1,0,1,0.5088690927176327,0.5088690927176327,0.5088690927176327,0.0,0.0,0.0,1.0,1.0,1.0,0.0
43,34,Dijkstra,0.45,1.2,0,1,0,1,0.5330494562460308,0.5330494562460308,0.5330494562460308,0.0,0.0,0.0,1.0,1.0,1.0,0.0
43,35,Dijkstra,0.45,1.2,0,1,0,1,0.5556793221365598,0.5556793221365598,0.5556793221365598,0.0,0.0,0.0,1.0,1.0,1.0,0.0
43,36,Dijkstra,0.45,1.2,0,1,0,1,0.5546673860673369,0.5546673860673369,0.5546673860673369,0.0,0.0,0.0,1.0,1.0,1.0,0.0
43,37,Dijkstra,0.45,1.2,0,1,0,1,0.5730577691325921,0.5730577691325921,0.5730577691325921,0.0,0.0,0.0,1.0,1.0,1.0,0.0
43,38,Dijkstra,0.45,1.2,0,1,0,1,0.5890903529716032,0.5890903529716032,0.5890903529716032,0.0,0.0,0.0,1.0,1.0,1.0,0.0
43,39,Dijkstra,0.45,1.2,0,1,0,1,0.6293339122937811,0.6293339122937811,0.6293339122937811,0.0,0.0,0.0,1.0,1.0,1.0,0.0
44,0,Dijkstra,0.45,1.2,0,1,0,1,1.6122910811198188,1.6122910811198188,1.6122910811198188,0.0,0.0,0.0,1.0,1.0,1.0,0.0
44,1,Dijkstra,0.45,1.2,0,1,0,1,1.6795702873727052,1.6795702873727052,1.6795702873727052,0.0,0.0,0.0,1.0,1.0,1.0,0.0
44,2,Dijkstra,0.45,1.2,0,1,0,1,1.6412003979337357,1.6412003979337357,1.6412003979337357,0.0,0.0,0.0,1.0,1.0,1.0,0.0
44,3,Dijkstra,0.45,1.2,0,1,0,1,1.5975281635694076,1.5975281635694076,1.5975281635694076,0.0,0.0,0.0,1.0,1.0,1.0,0.0
44,4,Dijkstra,0.45,1.2,0,1,0,1,1.6454813668822472,1.6454813668822472,1.6454813668822472,0.0,0.0,0.0,1.0,1.0,1.0,0.0
44,5,Dijkstra,0.45,1.2,0,1,0,1,1.6543559716163962,1.6543559716163962,1.6543559716163962,0.0,0.0,0.0,1.0,1.0,1.0,0.0
44,6,Dijkstra,0.45,1.2,0,1,0,1,1.60852502695735,1.60852502695735,1.60852502695735,0.0,0.0,0.0,1.0,1.0,1.0,0.0
44,7,Dijkstra,0.45,1.2,0,1,0,1,1.6355949395483023,1.6355949395483023,1.6355949395483023,0.0,0.0,0.0,1.0,1.0,1.0,0.0
44,8,Dijkstra,0.45,1.2,0,1,0,1,1.653831189445148,1.653831189445148,1.653831189445148,0.0,0.0,0.0,1.0,1.0,1.0,0.0
44,9,Dijkstra,0.45,1.2,1,1,0,1,1.613283026730996,1.613283026730996,1.613283026730996,0.0,0.0,0.0,1.0,1.0,1.0,0.0
44,10,Dijkstra,0.45,1.2,1,1,0,1,1.7183141595308973,1.7183141595308973,1.7183141595308973,0.0,0.0,0.0,1.0,1.0,1.0,0.0
44,11,Dijkstra,0.45,1.2,0,1,0,1,1.7737373992660577,1.7737373992660577,1.7737373992660577,0.0,0.0,0.0,1.0,1.0,1.0,0.0
44,12,Dijkstra,0.45,1.2,0,1,0,1,1.9198706090928894,1.9198706090928894,1.9198706090928894,0.0,0.0,0.0,1.0,1.0,1.0,0.0
44,13,Dijkstra,0.45,1.2,0,1,0,1,1.8772561346159422,1.8772561346159422,1.8772561346159422,0.0,0.0,0.0,1.0,1.0,1.0,0.0
44,14,Dijkstra,0.45,1.2,1,1,0,1,1.30830666830298,1.30830666830298,1.30830666830298,0.0,0.0,0.0,1.0,1.0,1.0,0.0
44,15,Dijkstra,0.45,1.2,0,1,0,1,1.9348869370093729,1.9348869370093729,1.9348869370093729,0.0,0.0,0.0,1.0,1.0,1.0,0.0
44,16,Dijkstra,0.45,1.2,0,1,0,1,1.9042638215500813,1.9042638215500813,1.9042638215500813,0.0,0.0,0.0,1.0,1.0,1.0,0.0
44,17,Dijkstra,0.45,1.2,0,1,0,1,1.8983138131713044,1.8983138131713044,1.8983138131713044,0.0,0.0,0.0,1.0,1.0,1.0,0.0
44,18,Dijkstra,0.45,1.2,0,1,0,1,1.9278529824215487,1.9278529824215487,1.9278529824215487,0.0,0.0,0.0,1.0,1.0,1.0,0.0
44,19,Dijkstra,0.45,1.2,0,1,0,1,1.8735714239352665,1.8735714239352665,1.8735714239352665,0.0,0.0,0.0,1.0,1.0,1.0,0.0
44,20,Dijkstra,0.45,1.2,0,1,0,1,1.7530438540587525,1.7530438540587525,1.7530438540587525,0.0,0.0,0.0,1.0,1.0,1.0,0.0
44,21,Dijkstra,0.45,1.2,0,1,0,1,1.7089471813671646,1.7089471813671646,1.7089471813671646,0.0,0.0,0.0,1.0,1.0,1.0,0.0
44,22,Dijkstra,0.45,1.2,0,1,0,1,1.763133792103198,1.763133792103198,1.763133792103198,0.0,0.0,0.0,1.0,1.0,1.0,0.0
44,23,Dijkstra,0.45,1.2,1,1,0,1,1.7127551296240702,1.7127551296240702,1.7127551296240702,0.0,0.0,0.0,1.0,1.0,1.0,0.0
44,24,Dijkstra,0.45,1.2,0,1,0,1,1.6331026246727904,1.6331026246727904,1.6331026246727904,0.0,0.0,0.0,1.0,1.0,1.0,0.0
44,25,Dijkstra,0.45,1.2,1,1,0,1,1.601366447680852,1.601366447680852,1.601366447680852,0.0,0.0,0.0,1.0,1.0,1.0,0.0
44,26,Dijkstra,0.45,1.2,0,1,0,1,1.6146956241196238,1.6146956241196238,1.6146956241196238,0.0,0.0,0.0,1.0,1.0,1.0,0.0
44,27,Dijkstra,0.45,1.2,0,1,0,1,1.5846555436766412,1.5846555436766412,1.5846555436766412,0.0,0.0,0.0,1.0,1.0,1.0,0.0
44,28,Dijkstra,0.45,1.2,0,1,0,1,1.6623532384164181,1.6623532384164181,1.6623532384164181,0.0,0.0,0.0,1.0,1.0,1.0,0.0
44,29,Dijkstra,0.45,1.2,0,1,0,1,1.6283819097539016,1.6283819097539016,1.6283819097539016,0.0,0.0,0.0,1.0,1.0,1.0,0.0
44,30,Dijkstra,0.45,1.2,0,1,0,1,1.599972095562698,1.599972095562698,1.599972095562698,0.0,0.0,0.0,1.0,1.0,1.0,0.0
44,31,Dijkstra,0.45,1.2,0,1,0,1,1.6165043975713054,1.6165043975713054,1.6165043975713054,0.0,0.0,0.0,1.0,1.0,1.0,0.0
44,32,Dijkstra,0.45,1.2,0,1,0,1,1.5809771019286285,1.5809771019286285,1.5809771019286285,0.0,0.0,0.0,1.0,1.0,1.0,0.0
44,33,Dijkstra,0.45,1.2,0,1,0,1,1.5688897029388853,1.5688897029388853,1.5688897029388853,0.0,0.0,0.0,1.0,1.0,1.0,0.0
44,34,Dijkstra,0.45,1.2,0,1,0,1,1.625242461003312,1.625242461003312,1.625242461003312,0.0,0.0,0.0,1.0,1.0,1.0,0.0
44,35,Dijkstra,0.45,1.2,0,1,0,1,1.6405322205411617,1.6405322205411617,1.6405322205411617,0.0,0.0,0.0,1.0,1.0,1.0,0.0
44,36,Dijkstra,0.45,1.2,0,1,0,1,1.6220317309490913,1.6220317309490913,1.6220317309490913,0.0,0.0,0.0,1.0,1.0,1.0,0.0
44,37,Dijkstra,0.45,1.2,0,1,0,1,1.5454511819903773,1.5454511819903773,1.5454511819903773,0.0,0.0,0.0,1.0,1.0,1.0,0.0
44,38,Dijkstra,0.45,1.2,0,1,0,1,1.6165225712912277,1.6165225712912277,1.6165225712912277,0.0,0.0,0.0,1.0,1.0,1.0,0.0
44,39,Dijkstra,0.45,1.2,0,1,0,1,1.6257636094670214,1.6257636094670214,1.6257636094670214,0.0,0.0,0.0,1.0,1.0,1.0,0.0
45,0,Dijkstra,0.45,1.2,0,1,0,1,1.3698306374018614,1.3698306374018614,1.3698306374018614,0.0,0.0,0.0,1.0,1.0,1.0,0.0
45,1,Dijkstra,0.45,1.2,0,1,0,1,1.3999327104639323,1.3999327104639323,1.3999327104639323,0.0,0.0,0.0,1.0,1.0,1.0,0.0
45,2,Dijkstra,0.45,1.2,0,1,0,1,1.4833285510072842,1.4833285510072842,1.4833285510072842,0.0,0.0,0.0,1.0,1.0,1.0,0.0
45,3,Dijkstra,0.45,1.2,0,1,0,1,1.5005311278450808,1.5005311278450808,1.5005311278450808,0.0,0.0,0.0,1.0,1.0,1.0,0.0
45,4,Dijkstra,0.45,1.2,0,1,0,1,1.4937572998003574,1.4937572998003574,1.4937572998003574,0.0,0.0,0.0,1.0,1.0,1.0,0.0
45,5,Dijkstra,0.45,1.2,0,1,0,1,1.4533638192280476,1.4533638192280476,1.4533638192280476,0.0,0.0,0.0,1.0,1.0,1.0,0.0
45,6,Dijkstra,0.45,1.2,0,1,0,1,1.394848185979228,1.394848185979228,1.394848185979228,0.0,0.0,0.0,1.0,1.0,1.0,0.0
45,7,Dijkstra,0.45,1.2,0,1,0,1,1.3748510750600047,1.3748510750600047,1.3748510750600047,0.0,0.0,0.0,1.0,1.0,1.0,0.0
45,8,Dijkstra,0.45,1.2,0,1,0,1,1.3893044126474006,1.3893044126474006,1.3893044126474006,0.0,0.0,0.0,1.0,1.0,1.0,0.0
45,9,Dijkstra,0.45,1.2,0,1,0,1,1.4428307192045933,1.4428307192045933,1.4428307192045933,0.0,0.0,0.0,1.0,1.0,1.0,0.0
45,10,Dijkstra,0.45,1.2,0,1,0,1,1.533527103841774,1.533527103841774,1.533527103841774,0.0,0.0,0.0,1.0,1.0,1.0,0.0
45,11,Dijkstra,0.45,1.2,0,1,0,1,1.5696054854918453,1.5696054854918453,1.5696054854918453,0.0,0.0,0.0,1.0,1.0,1.0,0.0
45,12,Dijkstra,0.45,1.2,0,1,0,1,1.7543612927885757,1.7543612927885757,1.7543612927885757,0.0,0.0,0.0,1.0,1.0,1.0,0.0
45,13,Dijkstra,0.45,1.2,0,1,0,1,1.8009623719320982,1.8009623719320982,1.8009623719320982,0.0,0.0,0.0,1.0,1.0,1.0,0.0
45,14,Dijkstra,0.45,1.2,1,1,0,1,1.189293265357962,1.189293265357962,1.189293265357962,0.0,0.0,0.0,1.0,1.0,1.0,0.0
45,15,Dijkstra,0.45,1.2,0,1,0,1,1.799396871206061,1.799396871206061,1.799396871206061,0.0,0.0,0.0,1.0,1.0,1.0,0.0
45,16,Dijkstra,0.45,1.2,1,1,0,1,1.8220732623538822,1.8220732623538822,1.8220732623538822,0.0,0.0,0.0,1.0,1.0,1.0,0.0
45,17,Dijkstra,0.45,1.2,0,1,0,1,2.003790627044526,2.003790627044526,2.003790627044526,0.0,0.0,0.0,1.0,1.0,1.0,0.0
45,18,Dijkstra,0.45,1.2,1,1,0,1,1.9312494074104372,1.9312494074104372,1.9312494074104372,0.0,0.0,0.0,1.0,1.0,1.0,0.0
45,19,Dijkstra,0.45,1.2,0,1,0,1,1.8205074532173025,1.8205074532173025,1.8205074532173025,0.0,0.0,0.0,1.0,1.0,1.0,0.0
45,20,Dijkstra,0.45,1.2,0,1,0,1,1.4488754412446245,1.4488754412446245,1.4488754412446245,0.0,0.0,0.0,1.0,1.0,1.0,0.0
45,21,Dijkstra,0.45,1.2,1,1,0,1,1.73076750730376,1.73076750730376,1.73076750730376,0.0,0.0,0.0,1.0,1.0,1.0,0.0
45,22,Dijkstra,0.45,1.2,0,1,0,1,1.6558616436094926,1.6558616436094926,1.6558616436094926,0.0,0.0,0.0,1.0,1.0,1.0,0.0
45,23,Dijkstra,0.45,1.2,0,1,0,1,1.7302206456075846,1.7302206456075846,1.7302206456075846,0.0,0.0,0.0,1.0,1.0,1.0,0.0
45,24,Dijkstra,0.45,1.2,0,1,0,1,1.6781127269498626,1.6781127269498626,1.6781127269498626,0.0,0.0,0.0,1.0,1.0,1.0,0.0
45,25,Dijkstra,0.45,1.2,0,1,0,1,1.5982224793812914,1.5982224793812914,1.5982224793812914,0.0,0.0,0.0,1.0,1.0,1.0,0.0
45,26,Dijkstra,0.45,1.2,0,1,0,1,1.5975563447744514,1.5975563447744514,1.5975563447744514,0.0,0.0,0.0,1.0,1.0,1.0,0.0
45,27,Dijkstra,0.45,1.2,0,1,0,1,1.633532506645925,1.633532506645925,1.633532506645925,0.0,0.0,0.0,1.0,1.0,1.0,0.0
45,28,Dijkstra,0.45,1.2,0,1,0,1,1.550578983810306,1.550578983810306,1.550578983810306,0.0,0.0,0.0,1.0,1.0,1.0,0.0
45,29,Dijkstra,0.45,1.2,0,1,0,1,1.5780365421853704,1.5780365421853704,1.5780365421853704,0.0,0.0,0.0,1.0,1.0,1.0,0.0
45,30,Dijkstra,0.45,1.2,0,1,0,1,1.5368603921099853,1.5368603921099853,1.5368603921099853,0.0,0.0,0.0,1.0,1.0,1.0,0.0
45,31,Dijkstra,0.45,1.2,0,1,0,1,1.5372106632963027,1.5372106632963027,1.5372106632963027,0.0,0.0,0.0,1.0,1.0,1.0,0.0
45,32,Dijkstra,0.45,1.2,0,1,0,1,1.5123690651719888,1.5123690651719888,1.5123690651719888,0.0,0.0,0.0,1.0,1.0,1.0,0.0
45,33,Dijkstra,0.45,1.2,0,1,0,1,1.5126738107922244,1.5126738107922244,1.5126738107922244,0.0,0.0,0.0,1.0,1.0,1.0,0.0
45,34,Dijkstra,0.45,1.2,0,1,0,1,1.5516618466044414,1.5516618466044414,1.5516618466044414,0.0,0.0,0.0,1.0,1.0,1.0,0.0
45,35,Dijkstra,0.45,1.2,0,1,0,1,1.5002141812346212,1.5002141812346212,1.5002141812346212,0.0,0.0,0.0,1.0,1.0,1.0,0.0
45,36,Dijkstra,0.45,1.2,0,1,0,1,1.5540865059255504,1.5540865059255504,1.5540865059255504,0.0,0.0,0.0,1.0,1.0,1.0,0.0
45,37,Dijkstra,0.45,1.2,0,1,0,1,1.5404938102001458,1.5404938102001458,1.5404938102001458,0.0,0.0,0.0,1.0,1.0,1.0,0.0
45,38,Dijkstra,0.45,1.2,0,1,0,1,1.5793638828283108,1.5793638828283108,1.5793638828283108,0.0,0.0,0.0,1.0,1.0,1.0,0.0
45,39,Dijkstra,0.45,1.2,0,1,0,1,1.6548628044496811,1.6548628044496811,1.6548628044496811,0.0,0.0,0.0,1.0,1.0,1.0,0.0
46,0,Dijkstra,0.45,1.2,0,1,0,1,0.530353348809316,0.530353348809316,0.530353348809316,0.0,0.0,0.0,1.0,1.0,1.0,0.0
46,1,Dijkstra,0.45,1.2,0,1,0,1,0.5442170423267406,0.5442170423267406,0.5442170423267406,0.0,0.0,0.0,1.0,1.0,1.0,0.0
46,2,Dijkstra,0.45,1.2,0,1,0,1,0.543065920274541,0.543065920274541,0.543065920274541,0.0,0.0,0.0,1.0,1.0,1.0,0.0
46,3,Dijkstra,0.45,1.2,0,1,0,1,0.5565382854561554,0.5565382854561554,0.5565382854561554,0.0,0.0,0.0,1.0,1.0,1.0,0.0
46,4,Dijkstra,0.45,1.2,0,1,0,1,0.5682657175562768,0.5682657175562768,0.5682657175562768,0.0,0.0,0.0,1.0,1.0,1.0,0.0
46,5,Dijkstra,0.45,1.2,0,1,0,1,0.5863560634776985,0.5863560634776985,0.5863560634776985,0.0,0.0,0.0,1.0,1.0,1.0,0.0
46,6,Dijkstra,0.45,1.2,0,1,0,1,0.526004651446385,0.526004651446385,0.526004651446385,0.0,0.0,0.0,1.0,1.0,1.0,0.0
46,7,Dijkstra,0.45,1.2,0,1,0,1,0.5022317083124478,0.5022317083124478,0.5022317083124478,0.0,0.0,0.0,1.0,1.0,1.0,0.0
46,8,Dijkstra,0.45,1.2,0,1,0,1,0.4579298435835664,0.4579298435835664,0.4579298435835664,0.0,0.0,0.0,1.0,1.0,1.0,0.0
46,9,Dijkstra,0.45,1.2,0,1,0,1,0.45008446832596427,0.45008446832596427,0.45008446832596427,0.0,0.0,0.0,1.0,1.0,1.0,0.0
46,10,Dijkstra,0.45,1.2,0,1,0,1,0.4932869614900919,0.4932869614900919,0.4932869614900919,0.0,0.0,0.0,1.0,1.0,1.0,0.0
46,11,Dijkstra,0.45,1.2,0,1,0,1,0.5408975357851326,0.5408975357851326,0.5408975357851326,0.0,0.0,0.0,1.0,1.0,1.0,0.0
46,12,Dijkstra,0.45,1.2,0,1,0,1,0.5143400288442203,0.5143400288442203,0.5143400288442203,0.0,0.0,0.0,1.0,1.0,1.0,0.0
46,13,Dijkstra,0.45,1.2,0,1,0,1,0.5622664075813738,0.5622664075813738,0.5622664075813738,0.0,0.0,0.0,1.0,1.0,1.0,0.0
46,14,Dijkstra,0.45,1.2,0,1,0,1,0.5728960369081434,0.5728960369081434,0.5728960369081434,0.0,0.0,0.0,1.0,1.0,1.0,0.0
46,15,Dijkstra,0.45,1.2,0,1,0,1,0.5707110800584495,0.5707110800584495,0.5707110800584495,0.0,0.0,0.0,1.0,1.0,1.0,0.0
46,16,Dijkstra,0.45,1.2,0,1,0,1,0.6295741454497954,0.6295741454497954,0.6295741454497954,0.0,0.0,0.0,1.0,1.0,1.0,0.0
46,17,Dijkstra,0.45,1.2,0,1,0,1,0.5806945321074372,0.5806945321074372,0.5806945321074372,0.0,0.0,0.0,1.0,1.0,1.0,0.0
46,18,Dijkstra,0.45,1.2,0,1,0,1,0.6201580262936648,0.6201580262936648,0.6201580262936648,0.0,0.0,0.0,1.0,1.0,1.0,0.0
46,19,Dijkstra,0.45,1.2,0,1,0,1,0.6846021686851842,0.6846021686851842,0.6846021686851842,0.0,0.0,0.0,1.0,1.0,1.0,0.0
46,20,Dijkstra,0.45,1.2,0,1,0,1,0.6074997557374167,0.6074997557374167,0.6074997557374167,0.0,0.0,0.0,1.0,1.0,1.0,0.0
46,21,Dijkstra,0.45,1.2,0,1,0,1,0.599442016057607,0.599442016057607,0.599442016057607,0.0,0.0,0.0,1.0,1.0,1.0,0.0
46,22,Dijkstra,0.45,1.2,0,1,0,1,0.6772294016842304,0.6772294016842304,0.6772294016842304,0.0,0.0,0.0,1.0,1.0,1.0,0.0
46,23,Dijkstra,0.45,1.2,0,1,0,1,0.6830425379215287,0.6830425379215287,0.6830425379215287,0.0,0.0,0.0,1.0,1.0,1.0,0.0
46,24,Dijkstra,0.45,1.2,0,1,0,1,0.6705572375919693,0.6705572375919693,0.6705572375919693,0.0,0.0,0.0,1.0,1.0,1.0,0.0
46,25,Dijkstra,0.45,1.2,0,1,0,1,0.6465248634517855,0.6465248634517855,0.6465248634517855,0.0,0.0,0.0,1.0,1.0,1.0,0.0
46,26,Dijkstra,0.45,1.2,0,1,0,1,0.6278713790203566,0.6278713790203566,0.6278713790203566,0.0,0.0,0.0,1.0,1.0,1.0,0.0
46,27,Dijkstra,0.45,1.2,0,1,0,1,0.576994094889996,0.576994094889996,0.576994094889996,0.0,0.0,0.0,1.0,1.0,1.0,0.0
46,28,Dijkstra,0.45,1.2,0,1,0,1,0.5662243790893298,0.5662243790893298,0.5662243790893298,0.0,0.0,0.0,1.0,1.0,1.0,0.0
46,29,Dijkstra,0.45,1.2,0,1,0,1,0.5371115630684342,0.5371115630684342,0.5371115630684342,0.0,0.0,0.0,1.0,1.0,1.0,0.0
46,30,Dijkstra,0.45,1.2,0,1,0,1,0.54512548711418,0.54512548711418,0.54512548711418,0.0,0.0,0.0,1.0,1.0,1.0,0.0
46,31,Dijkstra,0.45,1.2,0,1,0,1,0.5403141143728853,0.5403141143728853,0.5403141143728853,0.0,0.0,0.0,1.0,1.0,1.0,0.0
46,32,Dijkstra,0.45,1.2,0,1,0,1,0.5306813489688154,0.5306813489688154,0.5306813489688154,0.0,0.0,0.0,1.0,1.0,1.0,0.0
46,33,Dijkstra,0.45,1.2,0,1,0,1,0.544029608777088,0.544029608777088,0.544029608777088,0.0,0.0,0.0,1.0,1.0,1.0,0.0
46,34,Dijkstra,0.45,1.2,0,1,0,1,0.5701312932629914,0.5701312932629914,0.5701312932629914,0.0,0.0,0.0,1.0,1.0,1.0,0.0
46,35,Dijkstra,0.45,1.2,0,1,0,1,0.5730977243957172,0.5730977243957172,0.5730977243957172,0.0,0.0,0.0,1.0,1.0,1.0,0.0
46,36,Dijkstra,0.45,1.2,0,1,0,1,0.587214696525311,0.587214696525311,0.587214696525311,0.0,0.0,0.0,1.0,1.0,1.0,0.0
46,37,Dijkstra,0.45,1.2,0,1,0,1,0.5596401618594427,0.5596401618594427,0.5596401618594427,0.0,0.0,0.0,1.0,1.0,1.0,0.0
46,38,Dijkstra,0.45,1.2,0,1,0,1,0.5486950978513666,0.5486950978513666,0.5486950978513666,0.0,0.0,0.0,1.0,1.0,1.0,0.0
46,39,Dijkstra,0.45,1.2,0,1,0,1,0.555497895833447,0.555497895833447,0.555497895833447,0.0,0.0,0.0,1.0,1.0,1.0,0.0
42,0,QT-APP,0.45,1.2,0,12,0,1,0.8732118504140169,0.8732118504140169,1.6374378117425301,0.12921106738801647,0.10460534891658657,0.03787661757667739,0.30130312303039414,1.0,1.0969083005410123,0.3224644001459708
42,1,QT-APP,0.43,1.22,1,12,2,3,0.8374531215335479,1.294501760767911,1.5762733415854875,0.1648883321279957,0.09855346519852319,0.03690045564325516,0.12011855769729339,0.40087834431367425,0.45045346549875986,0.31449896277826406
42,2,QT-APP,0.46499999999999997,1.195,1,12,3,4,0.8345513923679364,1.421719841090405,1.5739306986131367,0.12270377852284638,0.10700001742080639,0.04190386482651437,0.08967384422001956,0.30902382625213687,0.3374626196031804,0.31122547092999986
42,3,QT-APP,0.46499999999999997,1.195,1,12,0,1,0.813909792519131,0.813909792519131,1.5330522705335012,0.13121823001581728,0.1035234511668427,0.04103803754750188,0.28612829651482674,1.0,1.098413672511863,0.29866064821990485
42,4,QT-APP,0.5,1.1700000000000002,1,12,3,4,0.8068076407348006,1.3610979979763502,1.5334489089629981,0.10340231519433694,0.10863029195066205,0.04738043924389787,0.0943356753983304,0.33002703141976614,0.35562120076390463,0.2949649725801593
42,5,QT-APP,0.535,1.1450000000000002,1,12,9,10,0.8596787603883727,1.7777101402533741,1.5842337159402249,0.039553266980424225,0.12753514681954106,0.05080874769240344,0.04242118818832846,0.15944396107254347,0.16417385824308248,0.30132650205060135
42,6,QT-APP,0.5700000000000001,1.1200000000000003,1,12,2,3,0.8711565795453062,1.3293831162900085,1.5996566009593174,0.22046413945431528,0.1349111263923109,0.053288458136302265,0.11972186919007399,0.399935068624575,0.4660635741810146,0.3077860447029263
42,7,QT-APP,0.6050000000000001,1.0950000000000004,1,12,0,1,0.8451643189351635,0.8451643189351635,1.5875363376892755,0.1712737402886026,0.14777310751458853,0.058624181331453,0.2932736609180868,1.0,1.1284553052164519,0.3116588680981022
42,8,QT-APP,0.6400000000000001,1.0700000000000005,1,12,2,3,0.8773381093377945,1.2584165628028585,1.5589605695951532,0.22089876279152787,0.16082465863841885,0.06339512090654659,0.12637791386052194,0.46665880112077873,0.543972064980797,0.3030010772251886
42,9,QT-APP,0.6750000000000002,1.0450000000000006,1,12,6,7,0.9036479815071646,1.706970098186447,1.593761379245417,0.15619029592063235,0.17771889017408346,0.06152038155019157,0.052047553216984746,0.2005595170066816,0.22405360473991112,0.30812469483925226
42,10,QT-APP,0.7100000000000002,1.0200000000000007,1,12,0,1,0.9770931550681328,0.9770931550681328,1.7436480862722326,0.33079193739275414,0.214739491794023,0.07239415090551483,0.3054149241677846,1.0,1.2480939530445656,0.3467815796945122
42,11,QT-APP,0.7450000000000002,0.9950000000000007,1,12,3,4,1.0478199638106553,1.7596986009938853,1.8980480980761658,0.20791086289337757,0.23452247934562817,0.06942781561010285,0.07404117372481465,0.24080753503427693,0.27835741183442975,0.3904467294981157
42,12,QT-APP,0.7800000000000002,0.9700000000000006,1,12,5,6,1.1803273513768986,2.148675240574706,2.076250111455176,0.21613382173738968,0.2599702582549362,0.08676208501431239,0.044101074302852504,0.14417956480919958,0.16755112507818404,0.43995587367268063
42,13,QT-APP,0.8150000000000003,0.9450000000000006,1,12,0,1,1.3466599441351108,1.3466599441351108,2.2756874870009858,0.5008499620513575,0.3105706979021216,0.09080370392091418,0.349150853868475,1.0,1.3756374715385182,0.49938028810964996
42,14,QT-APP,0.8500000000000003,0.9200000000000006,0,12,0,1,0.9081314758888295,0.9081314758888295,1.5393334206344627,0.48073173538049363,0.3130722767456569,0.08650551742505443,0.23741737390470116,1.0,1.3605488015353702,0.37062276001205496
42,15,QT-APP,0.8850000000000003,0.8950000000000006,0,12,0,1,1.2501003603693976,1.2501003603693976,2.176173475479334,0.4739858096594622,0.3350866494986349,0.09588755001839358,0.3337679360273999,1.0,1.3554893572445965,0.49014849309632713
42,16,QT-APP,0.9200000000000004,0.8700000000000006,0,12,0,1,1.3600394329249044,1.3600394329249044,2.2236220373699616,0.5165625754828912,0.38548140296509686,0.08157859955383144,0.30324361921781595,1.0,1.3874219316121685,0.4968505648746288
42,17,QT-APP,0.9550000000000004,0.8450000000000005,1,12,2,3,1.3147324580383115,1.751892992008921,2.245000569322133,0.5396776097293615,0.412723995829428,0.10529059800622549,0.13461876236959444,0.4171451367655145,0.5859880545053948,0.5115687795153943
42,18,QT-APP,0.9900000000000004,0.8200000000000005,1,12,1,2,1.3690825009318899,1.540062677802254,2.2334062356843467,0.5147656857939292,0.44209015295023035,0.10447310920422878,0.20227398692386023,0.7103763679165537,0.9846344015683277,0.49830680666965077
42,19,QT-APP,1.0,0.7950000000000005,1,12,0,1,1.3396846820505253,1.3396846820505253,2.2362537526783046,0.6269736314340203,0.47333624718220063,0.10241542149395307,0.3136838992104672,1.0,1.4702302235755154,0.5059136614095955
42,20,QT-APP,1.0,0.7700000000000005,1,12,4,5,1.3230089013353155,1.833383382363139,2.1817075232128924,0.5148815992891066,0.4679526073266685,0.08030047065288515,0.09821378409746345,0.360324969356999,0.49946849172174645,0.5202092965111242
42,21,QT-APP,1.0,0.7450000000000004,1,12,2,3,1.2833994909590962,1.7131639174181044,2.1733791914130696,0.6106456818239757,0.47872338400767434,0.08949769059757845,0.13350448440184645,0.4233615008720851,0.6172544051406271,0.48802733096317386
42,22,QT-APP,1.0,0.7450000000000004,1,12,1,2,1.2533894656608064,1.5540380038952157,2.125622183861059,0.5211486882650569,0.4894020900616535,0.08309003072453888,0.1631796746533069,0.5481002468978655,0.7623315404292978,0.4743202140725395
42,23,QT-APP,1.0,0.7450000000000004,1,12,2,3,1.1952387260448014,1.6941857170786343,2.071216063413849,0.5456667937499894,0.4771057760313622,0.07098355488325785,0.11630513825923479,0.36865501827446945,0.5195271196407245,0.4578378595690077
42,24,QT-APP,1.0,0.7450000000000004,0,12,2,3,1.1678629644810485,1.683298676338242,2.0499003949867696,0.5624430746175387,0.4696061115113499,0.0679667806575136,0.11462886831315688,0.3566959917499865,0.5071618844776975,0.4594357957124692
42,25,QT-APP,1.0,0.7450000000000004,1,12,9,10,1.1764761921705307,2.385026521824738,2.0525151531669885,0.388797783695254,0.47072216295140756,0.07592618577762936,0.025600135582846746,0.08917980563011808,0.11518448871464068,0.4595187476975441
42,26,QT-APP,1.0,0.7200000000000004,1,12,0,1,1.2156386133174486,1.2156386133174486,2.0746377131093614,0.6081260972676061,0.49433734630369996,0.09104899623744613,0.29609048409981326,1.0,1.4560945729507047,0.48798508191722095
42,27,QT-APP,1.0,0.6950000000000004,1,12,4,5,1.1782235640183945,1.6810449450614904,2.0230954710504414,0.5448418020460359,0.4971943644147199,0.08285594447661578,0.10238765719366817,0.36580943078911876,0.5152906328965524,0.48601406641708966
42,28,QT-APP,1.0,0.6700000000000004,1,12,0,1,1.147188066290613,1.147188066290613,1.9685565036705996,0.6265125262171013,0.49897910893603076,0.0965433177338123,0.2819765442830703,1.0,1.469884394662826,0.47738403015244635
42,29,QT-APP,1.0,0.6450000000000004,1,12,4,5,1.2015952240270873,1.7320197197487626,2.0564314089445688,0.5841185924471355,0.5073006156403519,0.09406831884002699,0.09927899174071354,0.34616179713659095,0.4978114534133883,0.49422003217186306
42,30,QT-APP,1.0,0.6200000000000003,1,12,0,1,1.232713539814236,1.232713539814236,2.095699102155711,0.6158191183713148,0.5347548742515368,0.07752784190346379,0.2856874910645231,1.0,1.461864338778486,0.5105374441427794
42,31,QT-APP,1.0,0.5950000000000003,1,12,3,4,1.2186166389027906,1.6457534470209758,2.0891409610641705,0.5855038320816102,0.5476979960135834,0.06896211287608384,0.12149864755220294,0.42559222211119385,0.6124816298238677,0.5085214025154908
42,32,QT-APP,1.0,0.5700000000000003,1,12,0,1,1.2174217221541532,1.2174217221541532,2.0774889426178036,0.6428300149200685,0.5693659385647183,0.06824545423730916,0.28782125760495125,1.0,1.4821225111900513,0.5038411461182135
42,33,QT-APP,1.0,0.5450000000000003,1,12,4,5,1.1551545348285681,1.6485591348481177,2.0265569157013723,0.6228552708888946,0.5746715223530076,0.06830379982615456,0.10851799333933762,0.372764211475807,0.5468978269131437,0.5007546471133593
42,34,QT-APP,1.0,0.5200000000000002,1,12,0,1,1.160965304132929,1.160965304132929,2.0223868458459804,0.6523861074599697,0.5939235536635014,0.06511664561732501,0.29046718278085554,1.0,1.4892895805949773,0.49478068811972237
42,35,QT-APP,1.0,0.4950000000000002,1,12,3,4,1.1819028040226998,1.5901333807680178,2.042879044595562,0.7051743440919404,0.6132926577353243,0.067382379034731,0.13021035830523164,0.44199303564376824,0.6757546473962431,0.4961063743543414
42,36,QT-APP,1.0,0.4700000000000002,1,12,1,2,1.144881468449752,1.3988248646483266,1.979785169931018,0.6655297888670797,0.6290448103006414,0.07062250760987984,0.16743405761047636,0.6017658923803043,0.9021357378577597,0.4797183076866896
42,37,QT-APP,1.0,0.4700000000000002,1,12,0,1,1.1945382490700869,1.1945382490700869,2.0321867620185388,0.7189086979626519,0.6415707729772123,0.06435142590437226,0.2821944641891024,1.0,1.539181523471989,0.48790687991429826
42,38,QT-APP,1.0,0.4700000000000002,1,12,3,4,1.222596746772098,1.5797029112443515,2.0435809356130954,0.7259490531219371,0.6401765871264621,0.060348243252690545,0.1350810639377605,0.489577586056898,0.7561338748276946,0.4856876171677841
42,39,QT-APP,1.0,0.4450000000000002,1,12,0,1,1.2120098505243602,1.2120098505243602,2.031721330549547,0.7223156486136285,0.6574544434104592,0.05366093976679731,0.2713291913718797,1.0,1.5417367364602215,0.48678417113764755
43,0,QT-APP,0.45,1.2,0,12,0,1,0.48430011911375276,0.48430011911375276,2.1666405407884524,0.2836540264997704,0.06094967209797695,0.07161137351258183,0.7175373320332812,1.0,1.2127405198748278,0.6514513782346147
43,1,QT-APP,0.43,1.22,1,12,4,5,0.4972963999751053,2.1395011773697465,2.1606535303442542,0.03773469909994146,0.05945556733701182,0.06796199464280969,0.023029618952646987,0.03746269823521909,0.038522930969252515,0.6313613036794385
43,2,QT-APP,0.46499999999999997,1.195,1,12,0,1,0.48730959405743457,0.48730959405743457,2.1343297439254045,0.2903044729627952,0.06738471176350987,0.0728413920972004,0.717142112774673,1.0,1.2177283547220963,0.6164493804985217
43,3,QT-APP,0.5,1.1700000000000002,0,12,0,1,0.48746825543014305,0.48746825543014305,2.1850503191435924,0.310366941265485,0.07488148283971348,0.07817642036137591,0.7272035658170402,1.0,1.2327752059491137,0.6366512770397467
43,4,QT-APP,0.48,1.1900000000000002,0,12,0,1,0.5009689555482117,0.5009689555482117,2.1783234690015427,0.2970662800278865,0.07204604358687051,0.07539568002777697,0.7191664086740294,1.0,1.222799710020915,0.6314945427393703
43,5,QT-APP,0.45999999999999996,1.2100000000000002,0,12,0,1,0.499565971066349,0.499565971066349,2.187653496819052,0.2841082362130425,0.06858013331817499,0.07125863108187061,0.7264564561900556,1.0,1.2130811771597818,0.6289404900260079
43,6,QT-APP,0.43999999999999995,1.2300000000000002,0,12,0,1,0.5005617317526505,0.5005617317526505,2.1245836719652025,0.27149813741000084,0.06515853522118116,0.06751928789553703,0.7052841601773637,1.0,1.2036236030575007,0.6086849522327816
43,7,QT-APP,0.41999999999999993,1.2500000000000002,0,12,0,1,0.4875213001685815,0.4875213001685815,2.178393811798169,0.25924026064589145,0.060087242448014534,0.06422032141480961,0.7341873412382742,1.0,1.1944301954844185,0.6241765217173418
43,8,QT-APP,0.3999999999999999,1.2700000000000002,1,12,1,2,0.49634324322423357,1.3398818160968302,2.1931404527127554,0.10782606947337055,0.05856689355024274,0.06079825476348005,0.12399500101237795,0.18505963661951277,0.200025326545652,0.6269623065787188
43,9,QT-APP,0.43499999999999994,1.2450000000000003,1,12,0,1,0.5173123731340304,0.5173123731340304,2.215298801496983,0.26555720503054403,0.064476026624927,0.06443403745504,0.7312427148284076,1.0,1.199167903772908,0.6340780662895555
43,10,QT-APP,0.47,1.2200000000000004,0,12,0,1,0.48876568434069567,0.48876568434069567,2.077834679437817,0.28462009156984613,0.0727858788389738,0.07020942309445312,0.7002008638252909,1.0,1.2134650686773847,0.5874642103347106
43,11,QT-APP,0.47,1.2200000000000004,1,12,5,6,0.5018332707095868,2.3720899444086014,2.207775352715774,0.04462932267681813,0.07262581021254193,0.07014426266774995,0.014994357722347,0.023741912153641073,0.02453660124749321,0.6330713856128847
43,12,QT-APP,0.505,1.1950000000000005,1,12,0,1,0.47861672501114966,0.47861672501114966,2.4658788555646094,0.30451802444634496,0.06901604607786037,0.07514700491971892,0.8138265191920073,1.0,1.2283885183347587,0.7439762764065924
43,13,QT-APP,0.54,1.1700000000000006,0,12,0,1,0.4996958499775307,0.4996958499775307,2.5558566884267786,0.32523736805229597,0.07432039319645091,0.08142454123961369,0.8432990769441754,1.0,1.243928026039222,0.749691103083828
43,14,QT-APP,0.5750000000000001,1.1450000000000007,0,12,0,1,0.3522429337745803,0.3522429337745803,1.7008851668550646,0.3467590918304025,0.0811449313627014,0.08701719910931613,0.6288479598964,1.0,1.2600693188728018,0.48550075026206785
43,15,QT-APP,0.6100000000000001,1.1200000000000008,0,12,0,1,0.6125297733146928,0.6125297733146928,2.517674884117127,0.3690585409366501,0.10127059306117304,0.09036886128860223,0.8120689720717487,1.0,1.2767939057024875,0.6924455486127042
43,16,QT-APP,0.6450000000000001,1.0950000000000009,0,12,0,1,0.6122443771219177,0.6122443771219177,2.448753935060464,0.3921052422880815,0.12139568862033946,0.09298008204741177,0.7528322837796548,1.0,1.294078931716061,0.7037654617160609
43,17,QT-APP,0.6800000000000002,1.070000000000001,0,12,0,1,0.6206241962881401,0.6206241962881401,2.462052532605384,0.4158627504340223,0.13045257111038489,0.09254207807121823,0.7582465773004538,1.0,1.3118970628255169,0.7067728997183658
43,18,QT-APP,0.7150000000000002,1.045000000000001,1,12,11,12,0.6343313005816551,2.8991900927433787,2.366368018264186,0.08728755409862177,0.15160237783365854,0.09674765685510824,0.006207560934397793,0.010783721134636234,0.011489684616079241,0.6734752801111688
43,19,QT-APP,0.7500000000000002,1.0200000000000011,1,12,0,1,0.5559004199453772,0.5559004199453772,2.4158613911351035,0.46533393097431314,0.1405439976889499,0.1037883746121913,0.7780089981192918,1.0,1.349000448230735,0.6991752862041776
43,20,QT-APP,0.7850000000000003,0.9950000000000011,1,12,1,2,0.5319542040398196,1.3017026983830535,2.3332483161079844,0.29875388582092205,0.16440240498342718,0.11224470533780867,0.14387017084089845,0.2144889646723453,0.26254852341852253,0.6930850172960292
43,21,QT-APP,0.8200000000000003,0.9700000000000011,1,12,0,1,0.49889219634057547,0.49889219634057547,2.2911835453090834,0.5170581163791161,0.16756661322213653,0.12281165545452687,0.7473321215481624,1.0,1.387793587284337,0.6858330645102608
43,22,QT-APP,0.8550000000000003,0.9450000000000011,0,12,0,1,0.5125705354600724,0.5125705354600724,2.155681435339172,0.5436090220437864,0.19648076874762785,0.12334667518591264,0.7017237610329995,1.0,1.4077067665328398,0.6349267754769292
43,23,QT-APP,0.8550000000000003,0.9450000000000011,1,12,3,4,0.46934231157205913,1.9492778748367634,2.019801833782575,0.18295694846393196,0.19289351033856006,0.12182870698523024,0.02814850254775311,0.05182559568675658,0.05893698531613745,0.5993338012600908
43,24,QT-APP,0.8900000000000003,0.920000000000001,1,12,0,1,0.4358044898959621,0.4358044898959621,2.0286194821943124,0.5705240240782632,0.18854657723226576,0.13378250339483982,0.6943226790247949,1.0,1.4278930180586973,0.6090194498605835
43,25,QT-APP,0.9250000000000004,0.895000000000001,0,12,0,1,0.4204690710428241,0.4204690710428241,2.0012936156193732,0.5977246993582317,0.19693276046120353,0.14039227294747525,0.685038566309532,1.0,1.4482935245186739,0.6105197242132081
43,26,QT-APP,0.9250000000000004,0.895000000000001,0,12,0,1,0.4047548642189732,0.4047548642189732,2.010898802766183,0.5977246993582317,0.19225451164386534,0.14155807560223627,0.695591445459381,1.0,1.4482935245186739,0.6147808386060609
43,27,QT-APP,0.9250000000000004,0.895000000000001,0,12,0,1,0.3582815037811763,0.3582815037811763,1.9776774565926798,0.5977246993582317,0.17032526289784253,0.14311182035302455,0.710033858744827,1.0,1.4482935245186739,0.6156177961351108
43,28,QT-APP,0.9250000000000004,0.895000000000001,1,12,1,2,0.35147687400796757,1.0271227030663495,1.9189055961461807,0.34932167700637723,0.17640194926742078,0.14355206676601784,0.15642957471861707,0.2589056270216794,0.3267366378848799,0.592265256987657
43,29,QT-APP,0.9600000000000004,0.870000000000001,1,12,0,1,0.3470303550059934,0.3470303550059934,1.9815833937990182,0.6251272812372359,0.17936440340257298,0.15200280814425268,0.7126028488150635,1.0,1.468845460927927,0.6184471606421527
43,30,QT-APP,0.9950000000000004,0.845000000000001,0,12,0,1,0.336488581181061,0.336488581181061,2.038937022615972,0.6526430043783029,0.17896376887105594,0.16028023600872912,0.7328404185689498,1.0,1.489482253283727,0.6452409949670135
43,31,QT-APP,0.9950000000000004,0.845000000000001,0,12,0,1,0.36985390825717257,0.36985390825717257,2.076081095518292,0.6526430043783029,0.19693125585848134,0.15510636466287633,0.7397236093750593,1.0,1.489482253283727,0.6395496473168514
43,32,QT-APP,0.9950000000000004,0.845000000000001,1,12,1,2,0.35396416336184044,1.0689766303788353,2.050715543930653,0.3829276250334592,0.18875019250594618,0.15830083721136703,0.15167409610739463,0.23930295538134255,0.3080297396570916,0.6403717624377712
43,33,QT-APP,1.0,0.820000000000001,1,12,0,1,0.35404257884475454,0.35404257884475454,2.0746511419658717,0.6636502501363191,0.19559409509822745,0.162843962351704,0.7301092736993772,1.0,1.4977376876022392,0.6557799622223865
43,34,QT-APP,1.0,0.7950000000000009,1,12,1,2,0.3659019500085437,1.0120166183984165,2.047705301466627,0.430339073382913,0.20750387416999702,0.1629078052529959,0.17218280371879022,0.2746577953405645,0.3633047811987537,0.6465619226251724
43,35,QT-APP,1.0,0.7700000000000009,1,12,0,1,0.3615374130639259,0.3615374130639259,1.9861422875438957,0.6804506362045873,0.21802839524946824,0.16286075369315844,0.6936961305035203,1.0,1.5103379771534406,0.6273817764371353
43,36,QT-APP,1.0,0.7450000000000009,0,12,0,1,0.3647723033302683,0.3647723033302683,1.9153507743564393,0.6890096515578805,0.23917541145818666,0.15508217649058628,0.6746631139306086,1.0,1.5167572386684105,0.5962215549451354
43,37,QT-APP,1.0,0.7450000000000009,0,12,0,1,0.36786604177111376,0.36786604177111376,2.030988980816291,0.6890096515578805,0.21991448653906145,0.1557637215627023,0.7108300683579623,1.0,1.5167572386684105,0.6396769427051031
43,38,QT-APP,1.0,0.7450000000000009,1,12,1,2,0.3371857686332326,1.0297365560432128,2.022772632290523,0.36587794884477315,0.19540125720009727,0.1637702139967537,0.15356985062729664,0.2502983744881076,0.3189823663807749,0.6403669626335902
43,39,QT-APP,1.0,0.7200000000000009,1,12,0,1,0.35370855487451824,0.35370855487451824,2.0804421238766917,0.6976763260710308,0.2196005252118549,0.1607197748695281,0.7335051856208848,1.0,1.523257244553273,0.6581125255024393
44,0,QT-APP,0.45,1.2,0,12,0,1,1.6122910811198188,1.6122910811198188,1.9314646056812832,0.18221244048334168,0.1425074119737847,0.030299997707911207,0.14775376253149644,1.0,1.1366593303625063,0.20813421960091996
44,1,QT-APP,0.43,1.22,1,12,6,7,1.6420156644802364,2.071152825854361,1.9574149947861048,0.09220184884990562,0.1378766900500952,0.02601268232554735,0.05841985289718623,0.42389295393989856,0.45320573949067844,0.21193510327679857
44,2,QT-APP,0.46499999999999997,1.195,1,12,0,1,1.6574401428070964,1.6574401428070964,1.9347281847578268,0.19165323386297006,0.15585672960620134,0.030283955254964426,0.1362760717520504,1.0,1.1437399253972276,0.2015702997904504
44,3,QT-APP,0.5,1.1700000000000002,1,12,8,9,1.573504649582,2.0653945583837836,1.8945241037045097,0.1767497196931567,0.1741433135892045,0.03541236860161855,0.054757369323724304,0.3738951690171878,0.42345956875599783,0.19108961017961754
44,4,QT-APP,0.535,1.1450000000000002,1,12,8,9,1.6814435944810637,2.1665793287392803,1.970011583118538,0.1622585780239231,0.1929508051458063,0.033759499640033205,0.05046430423652688,0.3789801429604677,0.42509972728251916,0.20143985546973614
44,5,QT-APP,0.515,1.1650000000000003,1,12,2,3,1.6767680728953802,1.7310326886230134,1.95911101588887,0.22829487229470363,0.19238712844261185,0.03623385517062496,0.12428032438090077,0.8971526693555473,1.0507641849150802,0.19071749291635198
44,6,QT-APP,0.55,1.1400000000000003,1,12,7,8,1.585442176540274,2.0189365516964934,1.9108496814906184,0.17123806251747317,0.1937508283047077,0.04768930394371433,0.0605708446289201,0.42021501832512476,0.47418262250917886,0.19847337689473282
44,7,QT-APP,0.5850000000000001,1.1150000000000004,1,12,3,4,1.6247726611973197,1.7828465375722073,1.9522285360728084,0.2874779588264976,0.21470900377277954,0.041918490069754524,0.1123954395744085,0.7289517375867228,0.8861199057900676,0.19885475512643985
44,8,QT-APP,0.5850000000000001,1.1150000000000004,1,12,1,2,1.5613895304096688,1.653819402615322,1.880113672719526,0.2310483019662034,0.21502049631125744,0.041808113578745,0.12195624090431215,0.8312208590476935,0.9752599850790874,0.19478121188838504
44,9,QT-APP,0.5650000000000001,1.1350000000000005,1,12,0,1,1.5678071117093402,1.5678071117093402,1.9194965897470497,0.19777985618880514,0.21501807871715675,0.03901144178360853,0.1514377705150485,1.0,1.148334892141604,0.21163932230128174
44,10,QT-APP,0.545,1.1550000000000005,1,12,10,11,1.6743744774782026,2.269694587399561,1.978965396471784,0.15538628740685917,0.19497727632105524,0.049574723358375594,0.04109433745101547,0.304026557910895,0.33945772649104033,0.21594864788248347
44,11,QT-APP,0.5800000000000001,1.1300000000000006,1,12,4,5,1.7214616558544016,1.878131901803616,2.0517286112129205,0.27090075083545134,0.21647130383568325,0.04038851288757538,0.1096784951405888,0.7310009702817466,0.8795225040648231,0.22724105576853676
44,12,QT-APP,0.6150000000000001,1.1050000000000006,0,12,1,2,1.9104703511678065,1.9445453410548197,2.2873577197065096,0.2680319741572286,0.25668943774480213,0.04259955332852746,0.1448411908774039,0.9341203639095754,1.1219009578389396,0.2598606110291748
44,13,QT-APP,0.6500000000000001,1.0800000000000007,1,12,5,6,1.894570830851534,2.3853098763010787,2.355199305805369,0.2086861141003426,0.27664475408118244,0.04075713622765437,0.06424249562485068,0.37475676471090774,0.4334116644311596,0.27180130239224304
44,14,QT-APP,0.6850000000000002,1.0550000000000008,1,12,0,1,1.09612874261282,1.09612874261282,1.5352947741747833,0.22059060101765016,0.24592601192166252,0.038818098676896805,0.1805850652023297,1.0,1.1654429507632376,0.1997237661684823
44,15,QT-APP,0.7200000000000002,1.030000000000001,1,12,4,5,1.8322602004020967,2.159855449039766,2.2551178439470587,0.26252179198928527,0.31486098079699393,0.0359206015115181,0.08338535558913514,0.519343119713902,0.6215972845473516,0.28264555913078904
44,16,QT-APP,0.7550000000000002,1.005000000000001,1,12,6,7,1.7950001132632654,2.3070543977067812,2.2500907529883922,0.2629054016571948,0.2976297058507374,0.06379887923688184,0.06413392827029522,0.35911645033951056,0.4299266913031719,0.2405628337697057
44,17,QT-APP,0.7900000000000003,0.980000000000001,1,12,9,10,1.7186171406162258,2.390855314330726,2.1690478579045793,0.27449805609723604,0.2932378315372162,0.05465282632595645,0.04603566630323301,0.2606761758756391,0.31434250353718224,0.25545014150505485
44,18,QT-APP,0.8250000000000003,0.955000000000001,1,12,0,1,1.720817073850494,1.720817073850494,2.12809776804713,0.3556556210905874,0.3496533627491621,0.03183956317357369,0.16831714068947468,1.0,1.2667417158179406,0.23592541949967788
44,19,QT-APP,0.8600000000000003,0.9300000000000009,1,12,1,2,1.6850896370107087,1.8253926946246612,2.1314800664665285,0.3455011652928077,0.3486474413867437,0.05866628959349004,0.13568199764176345,0.7553257882212606,0.9510502432258762,0.24174756457774513
44,20,QT-APP,0.8950000000000004,0.9050000000000009,1,12,7,8,1.5352178137394787,2.1549887294884216,2.069110680043784,0.31015464386410435,0.3826290836216865,0.05958712887667906,0.05863928106856794,0.28951683505089115,0.356863078201795,0.24197971712971167
44,21,QT-APP,0.9300000000000004,0.8800000000000009,1,12,8,9,1.4594205082244374,2.186387328874493,1.999054510933556,0.3298965161290622,0.3679688358227476,0.05175047523829528,0.0486585662222987,0.2336493851591498,0.2914594737789255,0.2501891689622564
44,22,QT-APP,0.9300000000000004,0.8800000000000009,1,12,0,1,1.5471525153860024,1.5471525153860024,2.0605768454181326,0.3905737952559065,0.38748345216654995,0.06789768686906203,0.2009247291423364,1.0,1.29293034644193,0.25562721515266074
44,23,QT-APP,0.9650000000000004,0.8550000000000009,1,12,4,5,1.6337103029625513,2.0996159852976777,2.1398170847299243,0.5303933026122735,0.4197824649111746,0.056540120105487326,0.08285673687073138,0.39383967660311886,0.5505071216830772,0.2607078620684095
44,24,QT-APP,1.0,0.8300000000000008,1,12,5,6,1.4638911185214483,2.0174591794175365,2.0390935329164392,0.4419621004709901,0.4277022513637105,0.057663917616946225,0.07444608955390239,0.33050413058117334,0.44005685540566863,0.2666632274506116
44,25,QT-APP,1.0,0.8300000000000008,1,12,1,2,1.5072247878917495,1.6526039807275668,2.053668736185229,0.39739379457348806,0.43694255314963604,0.06023075455795472,0.1542255079596139,0.7476963103373776,0.9705437158025527,0.26762701965475877
44,26,QT-APP,1.0,0.8050000000000008,1,12,7,8,1.406456907870386,2.121698340606649,1.977677429402589,0.42587968826387673,0.4337793687450986,0.06380448520822714,0.052270622683420115,0.23919339612196794,0.3155941028533692,0.27243373632851103
44,27,QT-APP,1.0,0.7800000000000008,1,12,8,9,1.3845082017278012,2.078219070083509,1.9269133803061822,0.3490669788839529,0.45819638692409553,0.06458806585114006,0.04889743756014217,0.2497183149143983,0.3150946282337687,0.27050455786897704
44,28,QT-APP,1.0,0.7800000000000008,1,12,3,4,1.4140150330855978,1.8789688083143061,1.9305971794227652,0.5305655596699979,0.4710069052993809,0.061156594056778736,0.0813261693189589,0.3945901883678106,0.5516071614665536,0.2680261848354711
44,29,QT-APP,1.0,0.7800000000000008,1,12,1,2,1.4232732399643067,1.4603476856573225,1.9375692921597245,0.45742347654558857,0.4694275732467599,0.061708700264752316,0.1809340852817045,0.9285334329188083,1.2470831761497068,0.27780981020380663
44,30,QT-APP,1.0,0.7550000000000008,1,12,8,9,1.3810152657142822,2.061807140672345,1.8527641781325197,0.3803882870444929,0.47978582857675517,0.0682248516138485,0.04423725896597989,0.25625461218618856,0.3293618019187549,0.26461814394286876
44,31,QT-APP,1.0,0.7300000000000008,1,12,2,3,1.3969190872724269,1.5742640960982914,1.8702956589065343,0.46842726350806996,0.5115310057526976,0.06874776574656669,0.12595799444748304,0.7013908282900717,0.9478037680492544,0.26262481616624167
44,32,QT-APP,1.0,0.7050000000000007,1,12,1,2,1.3477430949514098,1.399652975165412,1.8934719081587357,0.5090414068613458,0.4895471425959448,0.07429499480469565,0.18700405005223888,0.9013877485227021,1.245520514249385,0.2832234190659395
44,33,QT-APP,1.0,0.7050000000000007,1,12,11,12,1.3583023101586091,2.1742136832618284,1.8726197662503943,0.544464414584028,0.5115364010729418,0.07582979717544966,0.03867336157810674,0.1955727695198498,0.27543457961875134,0.27822846589764116
44,34,QT-APP,1.0,0.6800000000000007,1,12,1,2,1.3841078045492594,1.3969407007017327,1.870444185882947,0.4966340412995262,0.526213051241635,0.07119683805043994,0.17868942252346698,0.9746607743133929,1.3376980637459321,0.2693148039786742
44,35,QT-APP,1.0,0.6550000000000007,0,12,0,1,1.394791004653333,1.394791004653333,1.8720716718713124,0.5248290647683012,0.5416405831676104,0.06742246281919541,0.1825786578790952,1.0,1.3936217985762258,0.2651694088651524
44,36,QT-APP,1.0,0.6550000000000007,1,12,6,7,1.4252712175531759,2.0362214792778945,1.9220571735787042,0.6391226009380837,0.5361812317589323,0.07253851719764945,0.05904079493000571,0.294669607915292,0.4359171125864621,0.2691318101670701
44,37,QT-APP,1.0,0.6300000000000007,1,12,9,10,1.4573944249398965,2.1756149036511423,1.9539015361540686,0.49154724394970606,0.5576805014013801,0.06523553826796633,0.04362989612230564,0.237772497001211,0.3254298086921998,0.2695338503585095
44,38,QT-APP,1.0,0.6300000000000007,1,12,2,3,1.4020367930302977,1.6234395759659948,1.9055745079689002,0.5733468955627284,0.5550738457201846,0.06664234358375605,0.12608131793858618,0.6422320667811764,0.9183983880710432,0.26400023695290425
44,39,QT-APP,1.0,0.6050000000000006,1,12,8,9,1.3239588910387463,2.044152307184206,1.8398135857968707,0.522566382251444,0.554925994537676,0.07026487808029584,0.04586519292236727,0.23683612509900545,0.32965807290858373,0.26952795382302913
45,0,QT-APP,0.45,1.2,0,12,1,2,1.3698306374018614,1.757896593881474,2.584381407312888,0.12899098759425504,0.08809476844949193,0.0366617994570347,0.20396783365416501,0.4601825994406151,0.5047021554222674,0.5708482240088563
45,1,QT-APP,0.43,1.22,1,12,0,1,1.347749136081264,1.347749136081264,2.5514082299732856,0.16072295085600033,0.08142981868336877,0.036446067216741325,0.4614422679086223,1.0,1.1205422131420002,0.5514478588732642
45,2,QT-APP,0.46499999999999997,1.195,1,12,2,3,1.402055428820692,2.228858816287196,2.6598004657661907,0.1633913549143002,0.09649961710594411,0.03853454350573509,0.09061529655015085,0.1913584754958466,0.21480821593504756,0.582308898188009
45,3,QT-APP,0.5,1.1700000000000002,1,12,0,1,1.3450824428191717,1.3450824428191717,2.552806849357998,0.18630058740088967,0.09847891455982695,0.0367962879880462,0.4537014922117924,1.0,1.1397254405506674,0.5673698649679534
45,4,QT-APP,0.535,1.1450000000000002,1,12,4,5,1.2948773808402176,2.4575639024452878,2.4224191140764453,0.0884689801921584,0.10838066413748466,0.0406933106300832,0.03828363273578453,0.09774697340446911,0.10423265469494167,0.533765467775807
45,5,QT-APP,0.5700000000000001,1.1200000000000003,1,12,0,1,1.2947457972864005,1.2947457972864005,2.518153216169563,0.24955418612882885,0.1257900810509244,0.04936885061749242,0.47492654680211716,1.0,1.1871656395966217,0.5574849175742581
45,6,QT-APP,0.6050000000000001,1.0950000000000004,0,12,0,1,1.2820836069076875,1.2820836069076875,2.4666364540610597,0.2422566584642267,0.13950944420352662,0.04800546434323904,0.450871060863102,1.0,1.18169249384817,0.5443703684451755
45,7,QT-APP,0.5850000000000001,1.1150000000000004,0,12,0,1,1.337625669522088,1.337625669522088,2.460115360579889,0.22113416514264134,0.14008398771840175,0.04559517714030641,0.41321520487753527,1.0,1.165850623856981,0.5348042176659946
45,8,QT-APP,0.5650000000000001,1.1350000000000005,1,12,7,8,1.3137537896974143,2.8147900280566307,2.4415546457396062,0.16602609971603202,0.12695971535276548,0.04494660044216215,0.02017366801955191,0.04968399267567255,0.05587062231736891,0.5324797999452998
45,9,QT-APP,0.6000000000000001,1.1100000000000005,1,12,1,2,1.293256655096492,1.5929931613678394,2.464074027605213,0.2070054471887633,0.13665866815231872,0.047605611911402265,0.23667933414950937,0.5491009291628853,0.6343510917077317,0.5450530864429805
45,10,QT-APP,0.6350000000000001,1.0850000000000006,1,12,0,1,1.4492803218643753,1.4492803218643753,2.587140679481241,0.24675288031190842,0.15818261085065116,0.04961584689431466,0.39201781399789015,1.0,1.1850646602339312,0.572300452171104
45,11,QT-APP,0.6350000000000001,1.0850000000000006,0,12,0,1,1.5558727254376483,1.5558727254376483,2.8540624216481043,0.23466063673047896,0.16383272993028442,0.0392026028582129,0.4450875947351957,1.0,1.1759954775478592,0.6437893017874573
45,12,QT-APP,0.6350000000000001,1.0850000000000006,0,12,0,1,1.6843061845722391,1.6843061845722391,3.1270065157445934,0.27859796776215634,0.1735033717473782,0.04829704204079516,0.4836123800503376,1.0,1.2089484758216171,0.7143106480394865
45,13,QT-APP,0.6350000000000001,1.0850000000000006,0,12,1,2,1.970831115448307,2.0873172990280695,3.4236372193027123,0.27101433327334,0.18663516032629632,0.04955663890622307,0.3497592999580483,0.7921754632800794,0.9531936420423418,0.7571786831207843
45,14,QT-APP,0.6700000000000002,1.0600000000000007,1,12,0,1,1.218817999583379,1.218817999583379,2.2528615345425598,0.23445153862842605,0.16267162452499764,0.0579482964526717,0.3674162082823783,1.0,1.1758386539713195,0.5140570181087082
45,15,QT-APP,0.7050000000000002,1.0350000000000008,1,12,0,1,1.7251488496426997,1.7251488496426997,3.219356317118827,0.3858710531277397,0.19792779711601338,0.07117684767588103,0.4819271257658144,1.0,1.2894032898458048,0.7437950382441688
45,16,QT-APP,0.7400000000000002,1.010000000000001,1,12,1,2,1.8101286091591762,1.8180589849121138,3.211927068914808,0.3429183014055645,0.22423171689947818,0.07721085775948074,0.397251304456177,0.9842643678442574,1.2374060667106384,0.7332334230317133
45,17,QT-APP,0.7750000000000002,0.9850000000000009,1,12,4,5,1.8227256119422162,3.3836283498668673,3.2575783283442714,0.3064644954272259,0.2521055417711253,0.07871862359000727,0.018158548855719478,0.04407751564575467,0.05420866083980106,0.7364418223474835
45,18,QT-APP,0.8100000000000003,0.9600000000000009,1,12,1,2,1.8690574174932773,1.8882904706735488,3.2565072920873774,0.47549191427756177,0.3181281619184387,0.06032868360589646,0.4048290621950223,0.9622643188269938,1.3054259960770247,0.7170855008167711
45,19,QT-APP,0.8450000000000003,0.9350000000000008,0,12,1,2,1.8995918700119343,1.9636884234819165,3.2308055889377254,0.5164992765840914,0.34073820266755206,0.06863803310110293,0.3663909367745364,0.8796834897549178,1.2204504043159559,0.7044054796825703
45,20,QT-APP,0.8800000000000003,0.9100000000000008,0,12,1,2,1.5456487791552593,1.7191133970599402,2.8715222642016607,0.5156048039535698,0.2987596258500294,0.07570482095032023,0.32824764372313264,0.706855346534473,0.9801988558145527,0.6924410732882799
45,21,QT-APP,0.9150000000000004,0.8850000000000008,0,12,0,1,1.5411007742488914,1.5411007742488914,2.7368797627917956,0.5252676895155592,0.3385189531236332,0.06924980467378301,0.38566447516162966,1.0,1.3939507671366695,0.6554501514038591
45,22,QT-APP,0.9150000000000004,0.8850000000000008,1,12,1,2,1.509235569696685,1.5247170534930508,2.66990352340051,0.3615262100667241,0.33910997395058645,0.06460056961310105,0.3278147625466698,0.9695114757550622,1.2323893328395055,0.6434453192720437
45,23,QT-APP,0.9150000000000004,0.8850000000000008,1,12,1,2,1.5296504667380888,1.5563552457373548,2.7082795568105418,0.5126505223335327,0.3494661519897888,0.06193768541959153,0.3545613351170302,0.9479916753912472,1.31248299605912,0.6484046806460422
45,24,QT-APP,0.9150000000000004,0.8850000000000008,1,12,3,4,1.4060190146614855,2.072707050701527,2.5519094058742096,0.3444661127210744,0.31851097365282083,0.06999020465464519,0.0890337764237485,0.2635858725451369,0.33168317320799884,0.6425750890718673
45,25,QT-APP,0.9500000000000004,0.8600000000000008,1,12,0,1,1.4125075885834608,1.4125075885834608,2.5505992285342103,0.4825728923898057,0.34195309930369117,0.07478622515208688,0.35165491456592196,1.0,1.3619296692923544,0.6423750762339941
45,26,QT-APP,0.9850000000000004,0.8350000000000007,0,12,1,2,1.440387710967756,1.4493258334843722,2.5639239267050353,0.5360721507588132,0.38747067977987043,0.07168992731835001,0.3469592641042769,0.9822825871855726,1.3772133415596985,0.6296750486453792
45,27,QT-APP,0.9850000000000004,0.8350000000000007,0,12,0,1,1.4592518626454258,1.4592518626454258,2.528304749875396,0.5235998104560909,0.39446802411451704,0.06774823744462463,0.33747977131164114,1.0,1.3926998578420682,0.6088732342960981
45,28,QT-APP,0.9850000000000004,0.8350000000000007,0,12,0,1,1.4353674954638072,1.4353674954638072,2.577629554733219,0.5140185840620383,0.401846354359147,0.06052555428324191,0.3665515653683897,1.0,1.3855139380465287,0.6272158235704748
45,29,QT-APP,0.9850000000000004,0.8350000000000007,1,12,2,3,1.367774276096931,1.9050046648160688,2.4520512047874234,0.42145613193075465,0.3864030025533766,0.05574947546449528,0.11160627485966534,0.34148184037787077,0.4494215520555604,0.6138233090958998
45,30,QT-APP,1.0,0.8100000000000007,1,12,1,2,1.3053119225502892,1.342369779302612,2.3728524824194497,0.4343323455739744,0.39435836809239055,0.06815499298005834,0.30142099572409,0.9285642402019663,1.2310433535492427,0.5988399952412784
45,31,QT-APP,1.0,0.7850000000000007,0,12,1,2,1.29975141920767,1.3826787668662783,2.445731043436229,0.46320857848156377,0.39273616123483407,0.06401110376118589,0.3061215200731327,0.847169322916229,1.1414813962671406,0.6195258373797513
45,32,QT-APP,1.0,0.7850000000000007,0,12,1,2,1.29237953836901,1.3918164112021905,2.4555532126738133,0.42059240151053967,0.35800463192443727,0.06996216949192507,0.29478112796446054,0.8196533715907441,1.0782083565634155,0.6362310133520996
45,33,QT-APP,1.0,0.7850000000000007,0,12,1,2,1.4290226922078513,1.5090607728661878,2.6471492863512567,0.4255932903782768,0.37522952075086113,0.060362885965408015,0.31254104470166805,0.8520788910446359,1.1240581852208056,0.6731872082532386
45,34,QT-APP,1.0,0.7850000000000007,0,12,1,2,1.3490689333342607,1.375091175244206,2.489551734076675,0.40144807268642885,0.35667229114660265,0.06948875996060198,0.31919215611459145,0.9492866380078168,1.2351036064492302,0.6478273811935666
45,35,QT-APP,1.0,0.7850000000000007,0,12,0,1,1.3930304985587714,1.3930304985587714,2.545636776834516,0.3892889576142887,0.3604126559500495,0.0774517746962014,0.3350835372942051,1.0,1.2919667182107166,0.6568844528395493
45,36,QT-APP,1.0,0.7850000000000007,1,12,0,1,1.3312127289927824,1.3312127289927824,2.4872609739628198,0.5669106345319669,0.3622878820286833,0.07183963800137144,0.38083440823974446,1.0,1.4251829758989751,0.639104388721237
45,37,QT-APP,1.0,0.7850000000000007,1,12,7,8,1.252132316513625,2.9882634203648024,2.449160670875413,0.281179842269696,0.34960915206563575,0.0793574044326446,0.01048019602039218,0.03104671703662272,0.03759400028613481,0.648461286275394
45,38,QT-APP,1.0,0.7600000000000007,1,12,2,3,1.2414266897949164,1.9332157729295176,2.398680683772765,0.41137505713436323,0.34996964761836263,0.08706422120642296,0.08720200423656103,0.250679971762519,0.3280225875422041,0.6410744976655162
45,39,QT-APP,1.0,0.7350000000000007,1,12,0,1,1.2762635693898756,1.2762635693898756,2.403387199845774,0.6110528429958808,0.36161986229954085,0.08881321583984855,0.3682681055702263,1.0,1.4582896322469105,0.6376622322536127
46,0,QT-APP,0.45,1.2,0,12,0,1,0.530353348809316,0.530353348809316,1.7948957218026373,0.2836540264997704,0.1021873314729634,0.06057890826524336,0.5575953519922934,1.0,1.2127405198748278,0.48568329420922923
46,1,QT-APP,0.43,1.22,0,12,0,1,0.5425872065478998,0.5425872065478998,1.7811734803046573,0.2710640877224922,0.09958342610998712,0.057372968688673295,0.5484092346683492,1.0,1.203298065791869,0.47259575764027334
46,2,QT-APP,0.41,1.24,1,12,5,6,0.5492517243696579,2.020390952447844,1.8580169894929217,0.06633325618825985,0.09044662633778645,0.056160053512266495,0.02684610179349482,0.05274541361166586,0.05536949488705963,0.5006858116021583
46,3,QT-APP,0.44499999999999995,1.215,1,12,6,7,0.5393966218468886,1.9950402205047844,1.7967214414908004,0.07909834240880469,0.10158993542977161,0.0600993412624759,0.026489713539705115,0.054405653966359074,0.05763320175116359,0.48608850712255974
46,4,QT-APP,0.42499999999999993,1.235,1,12,0,1,0.5462512756712774,0.5462512756712774,1.8328239049911117,0.2651061412947987,0.09596889994432296,0.056566598676626875,0.571192360344627,1.0,1.198829605971099,0.49300657134183445
46,5,QT-APP,0.45999999999999996,1.2100000000000002,1,12,3,4,0.550550494560327,1.6026270434890748,1.7963220250205916,0.12588495164790253,0.10520443589931634,0.05886117653790504,0.0611317787680143,0.12194890934050494,0.13346255875738788,0.47317326641282054
46,6,QT-APP,0.495,1.1850000000000003,1,12,11,12,0.5477202619233246,2.24897583759909,1.7917159447424338,0.05840810669908078,0.11465375320898663,0.06316897330693541,0.015853695356228527,0.03328956976427405,0.03474785532134271,0.46734247224324665
46,7,QT-APP,0.53,1.1600000000000004,1,12,5,6,0.534633398246653,1.9711592115802854,1.8255954606190137,0.10168200161860336,0.12032133579202481,0.0683512292255813,0.02876243969505628,0.0565261663574095,0.060836936661695165,0.47908902362809536
46,8,QT-APP,0.53,1.1600000000000004,1,12,2,3,0.5584455671272717,1.6945997060176121,1.9023637303611325,0.13726280480074732,0.11937248120234319,0.06714281457498694,0.05576338957290158,0.10307398189289849,0.11368514978534901,0.4983496117213854
46,9,QT-APP,0.53,1.1600000000000004,1,12,0,1,0.5529891504241708,0.5529891504241708,1.8582110777325769,0.3245875433574944,0.12205419799811142,0.06677254655542156,0.5931844529169483,1.0,1.2434406575181207,0.48279604378993135
46,10,QT-APP,0.5650000000000001,1.1350000000000005,0,12,0,1,0.5710314977467559,0.5710314977467559,1.9840818934323046,0.3460316618064143,0.12798319201329747,0.07272957022602275,0.6258249164744291,1.0,1.2595237463548108,0.5385676216600388
46,11,QT-APP,0.545,1.1550000000000005,1,12,8,9,0.504529297327821,2.408884830325038,2.098936647968889,0.0685383012865801,0.09843383814055136,0.07524846263858709,0.013368236044848946,0.022176744903911725,0.023316712221746676,0.5884694219410553
46,12,QT-APP,0.5800000000000001,1.1300000000000006,1,12,1,2,0.518433841463981,1.5137496237928492,2.235061244824352,0.17400020726229143,0.09877759190803215,0.08384213548102616,0.09274732488246866,0.13660912070231976,0.15443663218941203,0.6328739300119356
46,13,QT-APP,0.6150000000000001,1.1050000000000006,1,12,0,1,0.759977087898163,0.759977087898163,2.4506041013108137,0.37609067791508005,0.14427813201063167,0.08377449955646457,0.7304724524109182,1.0,1.28206800843631,0.6465764376013662
46,14,QT-APP,0.6500000000000001,1.0800000000000007,0,12,0,1,0.5426328222351446,0.5426328222351446,1.669245471880828,0.39931687673638966,0.15221542013221845,0.08911723532168309,0.5082748919183998,1.0,1.2994876575522922,0.4324491547102445
46,15,QT-APP,0.6850000000000002,1.0550000000000008,0,12,0,1,0.5824314276300901,0.5824314276300901,2.2344466651637136,0.42323614216220157,0.14099540236652544,0.09911694533394734,0.7027945366073148,1.0,1.3174271066216512,0.6517426896681199
46,16,QT-APP,0.7200000000000002,1.030000000000001,1,12,2,3,0.6723742296489102,1.7854982219536248,2.2617125063103565,0.23797175923446218,0.18399688597209052,0.09680925036470389,0.06355612404943967,0.10793263628023755,0.12719632578105367,0.6412168381610817
46,17,QT-APP,0.7550000000000002,1.005000000000001,1,12,0,1,0.7857136390723574,0.7857136390723574,2.2229390766471635,0.4729692042044268,0.21556699518320707,0.1009240228625701,0.5997386759356639,1.0,1.35472690315332,0.5948765289587985
46,18,QT-APP,0.7900000000000003,0.980000000000001,0,12,0,1,0.7879722125081309,0.7879722125081309,2.3189741284515106,0.49867534808799185,0.22101950691879513,0.10445266689195196,0.6426240457098753,1.0,1.374006511065994,0.6290667214602581
46,19,QT-APP,0.8250000000000003,0.955000000000001,0,12,0,1,0.76607590906759,0.76607590906759,2.2975790759955586,0.5248593274548293,0.23260966935557578,0.10867484846647654,0.6507170097615794,1.0,1.393644495591122,0.6226361497883732
46,20,QT-APP,0.8600000000000003,0.9300000000000009,1,12,1,2,0.7251581141812753,1.302268762292055,2.040013408467948,0.43949758821218726,0.2610776095759431,0.11526295616946161,0.16801437319771975,0.31530296894485316,0.419234139750407,0.5367305167841471
46,21,QT-APP,0.8950000000000004,0.9050000000000009,0,12,1,2,0.6806292405909757,1.277962488870425,2.0051246162667327,0.4299367426436841,0.26907441749313205,0.11538988415815143,0.1601458870152043,0.302804923828424,0.40044514578387014,0.544645064937965
46,22,QT-APP,0.8950000000000004,0.9050000000000009,1,12,0,1,0.6536331026741833,0.6536331026741833,1.9138410614721655,0.5783795297090204,0.2518336899906603,0.11820446305268414,0.5556278326237915,1.0,1.4337846472817652,0.5154636473334809
46,23,QT-APP,0.9300000000000004,0.8800000000000009,0,12,0,1,0.6423617248086921,0.6423617248086921,1.9558122049327646,0.6055609866024448,0.261701280849686,0.12088959660336365,0.5895661441694878,1.0,1.4541707399518335,0.5253932857335258
46,24,QT-APP,0.9300000000000004,0.8800000000000009,0,12,0,1,0.6324306146319362,0.6324306146319362,1.9197046348584887,0.6055609866024448,0.25497200606179177,0.12124617980781445,0.580687574144782,1.0,1.4541707399518335,0.5153163183625858
46,25,QT-APP,0.9300000000000004,0.8800000000000009,0,12,0,1,0.6608432432267601,0.6608432432267601,1.9754648406223039,0.6055609866024448,0.2550781490834954,0.12296433481456936,0.5879706939774835,1.0,1.4541707399518335,0.5320126941080944
46,26,QT-APP,0.9300000000000004,0.8800000000000009,0,12,0,1,0.6170515114324645,0.6170515114324645,1.9414102540231075,0.6055609866024448,0.24413185341686394,0.12623606233422152,0.5978742554930854,1.0,1.4541707399518335,0.5300584692543977
46,27,QT-APP,0.9300000000000004,0.8800000000000009,0,12,0,1,0.612163495357732,0.612163495357732,1.940084806379324,0.6055609866024448,0.2437294664179294,0.12513724535483223,0.6012798986398635,1.0,1.4541707399518335,0.5283326929431438
46,28,QT-APP,0.9300000000000004,0.8800000000000009,0,12,0,1,0.6372422756843438,0.6372422756843438,1.9381469560310383,0.6055609866024448,0.24683543387382775,0.1237273318682535,0.587496056090554,1.0,1.4541707399518335,0.5226421319381971
46,29,QT-APP,0.9300000000000004,0.8800000000000009,0,12,0,1,0.6150366766518259,0.6150366766518259,1.9058276258861346,0.6055609866024448,0.23670341151656235,0.12544365893783685,0.581581970694171,1.0,1.4541707399518335,0.5227490043399777
46,30,QT-APP,0.9300000000000004,0.8800000000000009,1,12,3,4,0.5940001632551907,1.611132406295334,1.881614620363269,0.19364767737263075,0.23241297675892927,0.12725217572667355,0.06021015694314025,0.13077663517442065,0.14977007891652147,0.5174853970935864
46,31,QT-APP,0.9650000000000004,0.8550000000000009,1,12,4,5,0.5681600786879232,1.852503695607129,1.821717936162526,0.22762453662027526,0.2425309932738585,0.13008264135953956,0.03510822143076961,0.07663608467592797,0.08971927462299069,0.4981881373617733
46,32,QT-APP,0.9650000000000004,0.8550000000000009,1,12,1,2,0.5644622365475538,1.325886313725582,1.8202348464625768,0.37606435029505064,0.24787000215222857,0.13160390458271443,0.10862817258589805,0.21808984799065687,0.2796017107335714,0.5045775734339971
46,33,QT-APP,1.0,0.8300000000000008,1,12,0,1,0.5707882831026814,0.5707882831026814,1.806982771020257,0.6603402807049826,0.26714243112856545,0.1341774930791671,0.5615398284934567,1.0,1.4952552105287369,0.5013605378079671
46,34,QT-APP,1.0,0.8050000000000008,0,12,0,1,0.5934536828823047,0.5934536828823047,1.8492673485789783,0.6686463389261591,0.2859411285157086,0.1316762158482471,0.57059797199548,1.0,1.5014847541946192,0.5055450135128564
46,35,QT-APP,1.0,0.8050000000000008,1,12,1,2,0.6034222428535105,1.3285004468358927,1.815242103578577,0.42378761362594874,0.2994997215863527,0.1288571632852319,0.11294864461337366,0.23453360230149253,0.30907792902732767,0.48985705376129574
46,36,QT-APP,1.0,0.7800000000000008,1,12,0,1,0.609579153220573,0.609579153220573,1.8767935985250774,0.6770568744981644,0.31259749742161314,0.1278108769191767,0.5738818477725445,1.0,1.5077926558736232,0.508379265507258
46,37,QT-APP,1.0,0.7550000000000008,1,12,2,3,0.6070128123386473,1.4647406561861702,1.8569619602865872,0.3919778437564625,0.32405860260665975,0.12938813054046241,0.08720077914593491,0.1798817321420388,0.23276397226419926,0.49869054611996405
46,38,QT-APP,1.0,0.7300000000000008,1,12,1,2,0.580492318062208,1.3747154070228564,1.868953794972205,0.45610751372556274,0.3320071036901221,0.1284973678659335,0.10563226412107016,0.204242722154924,0.2741102023038915,0.5094891590047972
46,39,QT-APP,1.0,0.7300000000000008,1,12,0,1,0.5691854392522182,0.5691854392522182,1.826149464916658,0.6941966508779785,0.3310948715962144,0.12793161764201483,0.5730796260301916,1.0,1.520647488158484,0.49584588303858756
42,0,QT-APP without adaptation,0.45,1.2,0,12,0,1,0.8732118504140169,0.8732118504140169,1.6374378117425301,0.12921106738801647,0.10460534891658657,0.03787661757667739,0.30130312303039414,1.0,1.0969083005410123,0.3224644001459708
42,1,QT-APP without adaptation,0.45,1.2,1,12,2,3,0.8374531215335479,1.294501760767911,1.5762733415854875,0.17395861635525844,0.10472469145906906,0.03868280347460256,0.12027243959103441,0.40087834431367425,0.45318052589136953,0.31449896277826406
42,2,QT-APP without adaptation,0.45,1.2,1,12,3,4,0.8345513923679364,1.421719841090405,1.5739306986131367,0.119461599678732,0.10414820591835093,0.04093976555395077,0.08967571871429932,0.30902382625213687,0.336711186719329,0.31122547092999986
42,3,QT-APP without adaptation,0.45,1.2,1,12,0,1,0.813909792519131,0.813909792519131,1.5330522705335012,0.1277869409148037,0.10075160823640471,0.040084596833179324,0.28608398743160945,1.0,1.0958402056861027,0.29866064821990485
42,4,QT-APP without adaptation,0.45,1.2,1,12,3,4,0.8068076407348006,1.3610979979763502,1.5334489089629981,0.09187643579747144,0.09689038455855038,0.0432497669904297,0.09441685568982015,0.33002703141976614,0.3527683119425173,0.2949649725801593
42,5,QT-APP without adaptation,0.45,1.2,1,12,9,10,0.8596787603883727,1.7777101402533741,1.5842337159402249,0.030584407405937437,0.10475015045210495,0.04353722743514555,0.04287862051658213,0.15944396107254347,0.16310133537043778,0.30132650205060135
42,6,QT-APP without adaptation,0.45,1.2,1,12,2,3,0.8711565795453062,1.3293831162900085,1.5996566009593174,0.17135434471433475,0.1018609849191988,0.042856920816523106,0.11887741495735125,0.399935068624575,0.4513330273339099,0.3077860447029263
42,7,QT-APP without adaptation,0.45,1.2,1,12,0,1,0.8451643189351635,0.8451643189351635,1.5875363376892755,0.12006883658086841,0.10299697900758743,0.04445655700162943,0.2930160627847583,1.0,1.0900516274356513,0.3116588680981022
42,8,QT-APP without adaptation,0.45,1.2,1,12,2,3,0.8773381093377945,1.2584165628028585,1.5589605695951532,0.14638503809290493,0.10362200349350065,0.045611065268394556,0.12563958981057435,0.46665880112077873,0.5178927009046197,0.3030010772251886
42,9,QT-APP without adaptation,0.45,1.2,1,12,7,8,0.9036479815071646,1.7528563907968904,1.593761379245417,0.08058216125098022,0.10609136941265485,0.0417495272337074,0.047561622511926444,0.18297297427950784,0.19403124256797993,0.30812469483925226
42,10,QT-APP without adaptation,0.45,1.2,1,12,0,1,0.9770931550681328,0.9770931550681328,1.7436480862722326,0.19919141222088854,0.12124047522382947,0.0476030762065812,0.3020930205341107,1.0,1.1493935591656663,0.3467815796945122
42,11,QT-APP without adaptation,0.45,1.2,1,12,3,4,1.0478199638106553,1.7596986009938853,1.8980480980761658,0.1055842324201209,0.12339551214738169,0.04405230923245068,0.07516819932619791,0.24080753503427693,0.25987664409495853,0.3904467294981157
42,12,QT-APP without adaptation,0.45,1.2,1,12,6,7,1.1803273513768986,2.2327503048176496,2.076250111455176,0.07998713200214311,0.12914613351248722,0.05336744721482727,0.03757397413653212,0.12186445129567211,0.12917514225978888,0.43995587367268063
42,13,QT-APP without adaptation,0.45,1.2,1,12,0,1,1.3466599441351108,1.3466599441351108,2.2756874870009858,0.26819791161157047,0.14826602534382258,0.05538187238770984,0.34346233059884235,1.0,1.2011484337086777,0.49938028810964996
42,14,QT-APP without adaptation,0.45,1.2,0,12,0,1,0.9081314758888295,0.9081314758888295,1.5393334206344627,0.23802865803503934,0.13808533048717736,0.04959935262249437,0.23288247024528494,1.0,1.1785214935262796,0.37062276001205496
42,15,QT-APP without adaptation,0.45,1.2,0,12,0,1,1.2501003603693976,1.2501003603693976,2.176173475479334,0.21805710625701744,0.13952698849348605,0.05297868466918999,0.32988872166544253,1.0,1.163542829692763,0.49014849309632713
42,16,QT-APP without adaptation,0.45,1.2,0,12,0,1,1.3600394329249044,1.3600394329249044,2.2236220373699616,0.22875227075976362,0.15460173363239707,0.043922474922665475,0.2991647451348635,1.0,1.1715642030698228,0.4968505648746288
42,17,QT-APP without adaptation,0.45,1.2,1,12,2,3,1.3147324580383115,1.751892992008921,2.245000569322133,0.22720437633837748,0.15829336943544783,0.055942535010834085,0.13357351934365735,0.4171451367655145,0.48822803724656144,0.5115687795153943
42,18,QT-APP without adaptation,0.45,1.2,1,12,1,2,1.3690825009318899,1.540062677802254,2.2334062356843467,0.19794403923109752,0.16140281740010937,0.05554572689755293,0.20253949276650118,0.7103763679165537,0.8158374436463428,0.49830680666965077
42,19,QT-APP without adaptation,0.45,1.2,1,12,0,1,1.3396846820505253,1.3396846820505253,2.2362537526783046,0.2554622973739716,0.17012087514406649,0.055319463336787056,0.3105044115966749,1.0,1.1915967230304787,0.5059136614095955
42,20,QT-APP without adaptation,0.45,1.2,1,12,4,5,1.3230089013353155,1.833383382363139,2.1817075232128924,0.1836870030773628,0.16027655129798588,0.04330719788918939,0.09853345245137594,0.360324969356999,0.4099652296733463,0.5202092965111242
42,21,QT-APP without adaptation,0.45,1.2,1,12,2,3,1.2833994909590962,1.7131639174181044,2.1733791914130696,0.2335222450522121,0.16047499716044608,0.048694278012934814,0.13238307478609362,0.4233615008720851,0.4975097469863276,0.48802733096317386
42,22,QT-APP without adaptation,0.45,1.2,1,12,1,2,1.2533894656608064,1.5540380038952157,2.125622183861059,0.18091098670431224,0.16579351334837417,0.045704237243811854,0.1639213336108027,0.5481002468978655,0.622468264257243,0.4743202140725395
42,23,QT-APP without adaptation,0.45,1.2,1,12,2,3,1.1952387260448014,1.6941857170786343,2.071216063413849,0.19481605467369636,0.158632636930417,0.037894178618058404,0.11596451724069932,0.36865501827446945,0.42251995542138815,0.4578378595690077
42,24,QT-APP without adaptation,0.45,1.2,0,12,2,3,1.1678629644810485,1.683298676338242,2.0499003949867696,0.20455384144016875,0.15454298713340625,0.036082211716365276,0.11381212588060109,0.3566959917499865,0.4114186432540644,0.4594357957124692
42,25,QT-APP without adaptation,0.45,1.2,1,12,9,10,1.1764761921705307,2.385026521824738,2.0525151531669885,0.11285428152979737,0.15550733915179246,0.040816447609473644,0.026336093236682335,0.08917980563011808,0.09672804779863355,0.4595187476975441
42,26,QT-APP without adaptation,0.45,1.2,1,12,0,1,1.2156386133174486,1.2156386133174486,2.0746377131093614,0.2256082849048938,0.1627441873503078,0.04940052511935046,0.29425341774472064,1.0,1.1692062136786703,0.48798508191722095
42,27,QT-APP without adaptation,0.45,1.2,1,12,4,5,1.1782235640183945,1.6810449450614904,2.0230954710504414,0.18113618525193895,0.157355408192066,0.04478814660939652,0.10254057329367824,0.36580943078911876,0.41550542440586186,0.48601406641708966
42,28,QT-APP without adaptation,0.45,1.2,1,12,0,1,1.147188066290613,1.147188066290613,1.9685565036705996,0.22369575707386274,0.1527675854106819,0.051028656682261905,0.2797760112904942,1.0,1.167771817805397,0.47738403015244635
42,29,QT-APP without adaptation,0.45,1.2,1,12,4,5,1.2015952240270873,1.7320197197487626,2.0564314089445688,0.19008548428436955,0.15027129485711208,0.04879934192315665,0.0990282606267392,0.34616179713659095,0.39551204677368335,0.49422003217186306
42,30,QT-APP without adaptation,0.45,1.2,1,12,0,1,1.232713539814236,1.232713539814236,2.095699102155711,0.202234685425337,0.1568173360579754,0.04413839759786502,0.2846899275262398,1.0,1.1516760140690028,0.5105374441427794
42,31,QT-APP without adaptation,0.45,1.2,1,12,3,4,1.2186166389027906,1.6457534470209758,2.0891409610641705,0.17559739242967767,0.15597544529037413,0.038915103862452616,0.1215471283842724,0.42559222211119385,0.4816418854420022,0.5085214025154908
42,32,QT-APP without adaptation,0.45,1.2,1,12,0,1,1.2174217221541532,1.2174217221541532,2.0774889426178036,0.2038719746834595,0.160543527047142,0.03946732223328578,0.2869804042471361,1.0,1.1529039810125945,0.5038411461182135
42,33,QT-APP without adaptation,0.45,1.2,1,12,4,5,1.1551545348285681,1.6485591348481177,2.0265569157013723,0.18223848127046086,0.1554759167433171,0.038961528606956626,0.10840741665232492,0.372764211475807,0.423713199304306,0.5007546471133593
42,34,QT-APP without adaptation,0.45,1.2,1,12,0,1,1.160965304132929,1.160965304132929,2.0223868458459804,0.19288549711650968,0.15811584145002283,0.03837484083197166,0.28990110538987146,1.0,1.1446641228373822,0.49478068811972237
42,35,QT-APP without adaptation,0.45,1.2,1,12,3,4,1.1819028040226998,1.5901333807680178,2.042879044595562,0.221615222985209,0.16127123404103497,0.04180422192525673,0.12991532210576706,0.44199303564376824,0.5154573245078455,0.4961063743543414
42,36,QT-APP without adaptation,0.45,1.2,1,12,1,2,1.144881468449752,1.3988248646483266,1.979785169931018,0.18275884537130888,0.16220951989701551,0.04556531116053154,0.16723663385446053,0.6017658923803043,0.684249422136749,0.4797183076866896
42,37,QT-APP without adaptation,0.45,1.2,1,12,0,1,1.1945382490700869,1.1945382490700869,2.0321867620185388,0.22254930884686838,0.16974936414194544,0.04299565198894435,0.28185482329665446,1.0,1.1669119816351512,0.48790687991429826
42,38,QT-APP without adaptation,0.45,1.2,1,12,3,4,1.222596746772098,1.5797029112443515,2.0435809356130954,0.228156260617355,0.16842325829781615,0.04013295574090762,0.13496107428935084,0.489577586056898,0.5733527295445079,0.4856876171677841
42,39,QT-APP without adaptation,0.45,1.2,1,12,0,1,1.2120098505243602,1.2120098505243602,2.031721330549547,0.21498334061523464,0.1693463576051951,0.03663316648479386,0.2712085788514623,1.0,1.161237505461426,0.48678417113764755
43,0,QT-APP without adaptation,0.45,1.2,0,12,0,1,0.48430011911375276,0.48430011911375276,2.1666405407884524,0.2836540264997704,0.06094967209797695,0.07161137351258183,0.7175373320332812,1.0,1.2127405198748278,0.6514513782346147
43,1,QT-APP without adaptation,0.45,1.2,1,12,4,5,0.4972963999751053,2.1395011773697465,2.1606535303442542,0.04078458761058911,0.06335187212977088,0.07086318400498443,0.022929860234385705,0.03746269823521909,0.0386086237589466,0.6313613036794385
43,2,QT-APP without adaptation,0.45,1.2,1,12,0,1,0.48730959405743457,0.48730959405743457,2.1343297439254045,0.2836540264997704,0.06554703925058664,0.07123840517523397,0.7166341417115386,1.0,1.2127405198748278,0.6164493804985217
43,3,QT-APP without adaptation,0.45,1.2,0,12,0,1,0.48746825543014305,0.48746825543014305,2.1850503191435924,0.2836540264997704,0.06663353869781152,0.07185120959619434,0.7254640718400813,1.0,1.2127405198748278,0.6366512770397467
43,4,QT-APP without adaptation,0.45,1.2,0,12,0,1,0.5009689555482117,0.5009689555482117,2.1783234690015427,0.2836540264997704,0.06819571016786115,0.07212408812435166,0.7182269943435655,1.0,1.2127405198748278,0.6314945427393703
43,5,QT-APP without adaptation,0.45,1.2,0,12,0,1,0.499565971066349,0.499565971066349,2.187653496819052,0.2836540264997704,0.06907175695899222,0.07100911128406771,0.7263176630101507,1.0,1.2127405198748278,0.6289404900260079
43,6,QT-APP without adaptation,0.45,1.2,0,12,0,1,0.5005617317526505,0.5005617317526505,2.1245836719652025,0.2836540264997704,0.06988193153453783,0.07013453423638376,0.7060020050495176,1.0,1.2127405198748278,0.6086849522327816
43,7,QT-APP without adaptation,0.45,1.2,0,12,0,1,0.4875213001685815,0.4875213001685815,2.178393811798169,0.2836540264997704,0.06870751609423996,0.06958411893711564,0.7357121230896274,1.0,1.2127405198748278,0.6241765217173418
43,8,QT-APP without adaptation,0.45,1.2,1,12,1,2,0.49634324322423357,1.3398818160968302,2.1931404527127554,0.12944815978074142,0.0713922507825491,0.068710206023334,0.12341301502708658,0.18505963661951277,0.20302635867707927,0.6269623065787188
43,9,QT-APP without adaptation,0.45,1.2,1,12,0,1,0.5173123731340304,0.5173123731340304,2.215298801496983,0.2836540264997704,0.07165854294022443,0.06814406757102126,0.7322626038476465,1.0,1.2127405198748278,0.6340780662895555
43,10,QT-APP without adaptation,0.45,1.2,0,12,0,1,0.48876568434069567,0.48876568434069567,2.077834679437817,0.2836540264997704,0.07379660884975725,0.06967297003527549,0.6999014745663229,1.0,1.2127405198748278,0.5874642103347106
43,11,QT-APP without adaptation,0.45,1.2,1,12,5,6,0.5018332707095868,2.3720899444086014,2.207775352715774,0.045849499625210045,0.07363675005337347,0.06960779839076564,0.015011041540394208,0.023741912153641073,0.024558328247933674,0.6330713856128847
43,12,QT-APP without adaptation,0.45,1.2,1,12,0,1,0.47861672501114966,0.47861672501114966,2.4658788555646094,0.2836540264997704,0.06399339424449386,0.07006550158038581,0.812555849599921,1.0,1.2127405198748278,0.7439762764065924
43,13,QT-APP without adaptation,0.45,1.2,0,12,0,1,0.4996958499775307,0.4996958499775307,2.5558566884267786,0.2836540264997704,0.06306599039548781,0.07140312525922497,0.8413108393528914,1.0,1.2127405198748278,0.749691103083828
43,14,QT-APP without adaptation,0.45,1.2,0,12,0,1,0.3522429337745803,0.3522429337745803,1.7008851668550646,0.2836540264997704,0.06312748245270378,0.07188305403905158,0.6230675106321466,1.0,1.2127405198748278,0.48550075026206785
43,15,QT-APP without adaptation,0.45,1.2,0,12,0,1,0.6125297733146928,0.6125297733146928,2.517674884117127,0.2836540264997704,0.0725342328419021,0.07071690881031821,0.8080282156401507,1.0,1.2127405198748278,0.6924455486127042
43,16,QT-APP without adaptation,0.45,1.2,0,12,0,1,0.6122443771219177,0.6122443771219177,2.448753935060464,0.2836540264997704,0.08030573340621024,0.06919415101260071,0.7477677505268192,1.0,1.2127405198748278,0.7037654617160609
43,17,QT-APP without adaptation,0.45,1.2,0,12,0,1,0.6206241962881401,0.6206241962881401,2.462052532605384,0.2836540264997704,0.07926903623664534,0.06566085623987492,0.7515831036877324,1.0,1.2127405198748278,0.7067728997183658
43,18,QT-APP without adaptation,0.45,1.2,1,12,11,12,0.6343313005816551,2.8991900927433787,2.366368018264186,0.044234696556003254,0.08567473745474107,0.06537764463286944,0.006531354329021178,0.010783721134636234,0.011141482108737628,0.6734752801111688
43,19,QT-APP without adaptation,0.45,1.2,1,12,0,1,0.5559004199453772,0.5559004199453772,2.4158613911351035,0.2836540264997704,0.07226533295488248,0.06682372085084896,0.7690858548272413,1.0,1.2127405198748278,0.6991752862041776
43,20,QT-APP without adaptation,0.45,1.2,1,12,1,2,0.5319542040398196,1.3017026983830535,2.3332483161079844,0.15582098855844229,0.0793127237257585,0.06886701917094244,0.14635084314962388,0.2144889646723453,0.23955537655493653,0.6930850172960292
43,21,QT-APP without adaptation,0.45,1.2,1,12,0,1,0.49889219634057547,0.49889219634057547,2.2911835453090834,0.2836540264997704,0.07480211364774282,0.07167258140598337,0.7376161379821589,1.0,1.2127405198748278,0.6858330645102608
43,22,QT-APP without adaptation,0.45,1.2,0,12,0,1,0.5125705354600724,0.5125705354600724,2.155681435339172,0.2836540264997704,0.08228183042679127,0.06961010849990852,0.6904405663140413,1.0,1.2127405198748278,0.6349267754769292
43,23,QT-APP without adaptation,0.45,1.2,1,12,3,4,0.46934231157205913,1.9492778748367634,2.019801833782575,0.07115953189366454,0.08039465917402823,0.06875173303512987,0.029689711429828437,0.05182559568675658,0.054591509533641516,0.5993338012600908
43,24,QT-APP without adaptation,0.45,1.2,1,12,0,1,0.4358044898959621,0.4358044898959621,2.0286194821943124,0.2836540264997704,0.07238589287999993,0.07182620543883507,0.6804257641609555,1.0,1.2127405198748278,0.6090194498605835
43,25,QT-APP without adaptation,0.45,1.2,0,12,0,1,0.4204690710428241,0.4204690710428241,2.0012936156193732,0.2836540264997704,0.07012278522916943,0.07244835385219459,0.6700232356878674,1.0,1.2127405198748278,0.6105197242132081
43,26,QT-APP without adaptation,0.45,1.2,0,12,0,1,0.4047548642189732,0.4047548642189732,2.010898802766183,0.2836540264997704,0.06823486125795665,0.07292571459675655,0.6806807564213946,1.0,1.2127405198748278,0.6147808386060609
43,27,QT-APP without adaptation,0.45,1.2,0,12,0,1,0.3582815037811763,0.3582815037811763,1.9776774565926798,0.2836540264997704,0.059376067233416534,0.07294006398713773,0.6930528813789169,1.0,1.2127405198748278,0.6156177961351108
43,28,QT-APP without adaptation,0.45,1.2,1,12,1,2,0.35147687400796757,1.0271227030663495,1.9189055961461807,0.13804386501438207,0.061875596105013954,0.07330426380307432,0.1593666568858055,0.2589056270216794,0.2857108770927129,0.592265256987657
43,29,QT-APP without adaptation,0.45,1.2,1,12,0,1,0.3470303550059934,0.3470303550059934,1.9815833937990182,0.2836540264997704,0.05831233451847878,0.07424465166090428,0.6953718201809783,1.0,1.2127405198748278,0.6184471606421527
43,30,QT-APP without adaptation,0.45,1.2,0,12,0,1,0.336488581181061,0.336488581181061,2.038937022615972,0.2836540264997704,0.05383314203828595,0.07494595586264098,0.7150116333310153,1.0,1.2127405198748278,0.6452409949670135
43,31,QT-APP without adaptation,0.45,1.2,0,12,0,1,0.36985390825717257,0.36985390825717257,2.076081095518292,0.2836540264997704,0.059582951120375004,0.07353266352798049,0.7230962773920948,1.0,1.2127405198748278,0.6395496473168514
43,32,QT-APP without adaptation,0.45,1.2,1,12,1,2,0.35396416336184044,1.0689766303788353,2.050715543930653,0.13302944676869488,0.057003440824856026,0.07457377091797991,0.1554423711567565,0.23930295538134255,0.2631787102047128,0.6403717624377712
43,33,QT-APP without adaptation,0.45,1.2,1,12,0,1,0.35404257884475454,0.35404257884475454,2.0746511419658717,0.2836540264997704,0.056700035206728956,0.07573812313623879,0.7139860104694897,1.0,1.2127405198748278,0.6557799622223865
43,34,QT-APP without adaptation,0.45,1.2,1,12,1,2,0.3659019500085437,1.0120166183984165,2.047705301466627,0.1447528746860731,0.05780908838536153,0.07573155802221121,0.1749223134327264,0.2746577953405645,0.30447592441342886,0.6465619226251724
43,35,QT-APP without adaptation,0.45,1.2,1,12,0,1,0.3615374130639259,0.3615374130639259,1.9861422875438957,0.2836540264997704,0.05826046654784527,0.075663539048107,0.6772050503065876,1.0,1.2127405198748278,0.6273817764371353
43,36,QT-APP without adaptation,0.45,1.2,0,12,0,1,0.3647723033302683,0.3647723033302683,1.9153507743564393,0.2836540264997704,0.06107592017548427,0.07318039140470928,0.6575490716856865,1.0,1.2127405198748278,0.5962215549451354
43,37,QT-APP without adaptation,0.45,1.2,0,12,0,1,0.36786604177111376,0.36786604177111376,2.030988980816291,0.2836540264997704,0.05479404177275412,0.07279674140387943,0.693125415555162,1.0,1.2127405198748278,0.6396769427051031
43,38,QT-APP without adaptation,0.45,1.2,1,12,1,2,0.3371857686332326,1.0297365560432128,2.022772632290523,0.102332742245423,0.04830581669440901,0.07470986612375358,0.15808522092040725,0.2502983744881076,0.2695086637688125,0.6403669626335902
43,39,QT-APP without adaptation,0.45,1.2,1,12,0,1,0.35370855487451824,0.35370855487451824,2.0804421238766917,0.2836540264997704,0.05224716578695899,0.07411715181878782,0.7171274069650597,1.0,1.2127405198748278,0.6581125255024393
44,0,QT-APP without adaptation,0.45,1.2,0,12,0,1,1.6122910811198188,1.6122910811198188,1.9314646056812832,0.18221244048334168,0.1425074119737847,0.030299997707911207,0.14775376253149644,1.0,1.1366593303625063,0.20813421960091996
44,1,QT-APP without adaptation,0.45,1.2,1,12,6,7,1.6420156644802364,2.071152825854361,1.9574149947861048,0.09820513087444832,0.1458454560276692,0.02708587693535207,0.05833992191626209,0.42389295393989856,0.4551143012037167,0.21193510327679857
44,2,QT-APP without adaptation,0.45,1.2,1,12,0,1,1.6574401428070964,1.6574401428070964,1.9347281847578268,0.18693767054259205,0.15190273394401638,0.029634501232134205,0.13622892931656674,1.0,1.1402032529069441,0.2015702997904504
44,3,QT-APP without adaptation,0.45,1.2,1,12,8,9,1.573504649582,2.0653945583837836,1.8945241037045097,0.15922181521428821,0.15689964540154822,0.03271068283242951,0.05476763164023703,0.3738951690171878,0.4185443696502651,0.19108961017961754
44,4,QT-APP without adaptation,0.45,1.2,1,12,8,9,1.6814435944810637,2.1665793287392803,1.970011583118538,0.13426784095401986,0.1611234778418892,0.02953488729352271,0.050607734219164334,0.3789801429604677,0.4171437771302786,0.20143985546973614
44,5,QT-APP without adaptation,0.45,1.2,1,12,2,3,1.6767680728953802,1.7310326886230134,1.95911101588887,0.20199868383897124,0.16944611834107115,0.03287306842246182,0.12411970419584985,0.8971526693555473,1.0330704131648776,0.19071749291635198
44,6,QT-APP without adaptation,0.45,1.2,1,12,7,8,1.585442176540274,2.0189365516964934,1.9108496814906184,0.13840384055304994,0.15789197823864545,0.04078973748453657,0.06074362528428099,0.42021501832512476,0.46383454762082543,0.19847337689473282
44,7,QT-APP without adaptation,0.45,1.2,1,12,3,4,1.6247726611973197,1.7828465375722073,1.9522285360728084,0.22231898338060946,0.1626434845511983,0.0341473284226116,0.11172706699760095,0.7289517375867228,0.8504965945120796,0.19885475512643985
44,8,QT-APP without adaptation,0.45,1.2,1,12,1,2,1.5613895304096688,1.653819402615322,1.880113672719526,0.1757276544168797,0.1628949832423752,0.03406886757697985,0.12183933688490328,0.8312208590476935,0.9407722279448197,0.19478121188838504
44,9,QT-APP without adaptation,0.45,1.2,1,12,0,1,1.5678071117093402,1.5678071117093402,1.9194965897470497,0.1570155496423701,0.17169032401484083,0.03291944616918746,0.1517375957207196,1.0,1.1177616622317776,0.21163932230128174
44,10,QT-APP without adaptation,0.45,1.2,1,12,10,11,1.6743744774782026,2.269694587399561,1.978965396471784,0.1289435781937664,0.16344181128900143,0.04322178785843153,0.04124589378327994,0.304026557910895,0.3334282620931189,0.21594864788248347
44,11,QT-APP without adaptation,0.45,1.2,1,12,4,5,1.7214616558544016,1.878131901803616,2.0517286112129205,0.21375910320154998,0.16865044979423338,0.03332603959076847,0.10921218165544103,0.7310009702817466,0.8481945541669134,0.22724105576853676
44,12,QT-APP without adaptation,0.45,1.2,0,12,1,2,1.9104703511678065,1.9445453410548197,2.2873577197065096,0.19635224451662026,0.18759002227970387,0.03370579422068997,0.14479451717010383,0.9341203639095754,1.071682836486321,0.2598606110291748
44,13,QT-APP without adaptation,0.45,1.2,1,12,5,6,1.894570830851534,2.3853098763010787,2.355199305805369,0.13792755861100045,0.1889168714656653,0.03083567767841981,0.06492205403962506,0.37475676471090774,0.4135237289330572,0.27180130239224304
44,14,QT-APP without adaptation,0.45,1.2,1,12,0,1,1.09612874261282,1.09612874261282,1.5352947741747833,0.13517552349300227,0.15326466713738532,0.02754428882545332,0.18139327385794915,1.0,1.1013816426197518,0.1997237661684823
44,15,QT-APP without adaptation,0.45,1.2,1,12,4,5,1.8322602004020967,2.159855449039766,2.2551178439470587,0.1522607751892998,0.1884137235190523,0.02506685766392849,0.08410121123656052,0.519343119713902,0.5786498092115531,0.28264555913078904
44,16,QT-APP without adaptation,0.45,1.2,1,12,6,7,1.7950001132632654,2.3070543977067812,2.2500907529883922,0.14069268381915473,0.1640311719551232,0.041738532741288366,0.06465092274376535,0.35911645033951056,0.397010243240916,0.2405628337697057
44,17,QT-APP without adaptation,0.45,1.2,1,12,9,10,1.7186171406162258,2.390855314330726,2.1690478579045793,0.13655415547987776,0.14876142644198678,0.03387000672583546,0.04628999053501967,0.2606761758756391,0.2873734871634556,0.25545014150505485
44,18,QT-APP without adaptation,0.45,1.2,1,12,0,1,1.720817073850494,1.720817073850494,2.12809776804713,0.17394673924796572,0.17049395963822778,0.019476548277244335,0.1682180095175526,1.0,1.1304600544359742,0.23592541949967788
44,19,QT-APP without adaptation,0.45,1.2,1,12,1,2,1.6850896370107087,1.8253926946246612,2.1314800664665285,0.15515940442902773,0.15780735161429868,0.03439187321355486,0.13573699303654735,0.7553257882212606,0.8432227128089832,0.24174756457774513
44,20,QT-APP without adaptation,0.45,1.2,1,12,7,8,1.5352178137394787,2.1549887294884216,2.069110680043784,0.12414705178176341,0.1648685176092,0.033883151403002125,0.059775648980305,0.28951683505089115,0.31647383118545763,0.24197971712971167
44,21,QT-APP without adaptation,0.45,1.2,1,12,8,9,1.4594205082244374,2.186387328874493,1.999054510933556,0.12390497272486257,0.14449765425352054,0.028030749330941903,0.04919445197234167,0.2336493851591498,0.2553621256806438,0.2501891689622564
44,22,QT-APP without adaptation,0.45,1.2,1,12,0,1,1.5471525153860024,1.5471525153860024,2.0605768454181326,0.1559832198496486,0.15546883948875997,0.03723934304502803,0.201192804351388,1.0,1.1169874148872365,0.25562721515266074
44,23,QT-APP without adaptation,0.45,1.2,1,12,4,5,1.6337103029625513,2.0996159852976777,2.1398170847299243,0.22134867753303436,0.16021490550556386,0.0307470037486778,0.08125534947432513,0.39383967660311886,0.45922159528522255,0.2607078620684095
44,24,QT-APP without adaptation,0.45,1.2,1,12,5,6,1.4638911185214483,2.0174591794175365,2.0390935329164392,0.15873375800104053,0.1522629923079805,0.029846837017555534,0.07435307746875015,0.33050413058117334,0.36985075259268557,0.2666632274506116
44,25,QT-APP without adaptation,0.45,1.2,1,12,1,2,1.5072247878917495,1.6526039807275668,2.053668736185229,0.13612134800457443,0.15708101752022371,0.0315370493484202,0.1559719897218592,0.7476963103373776,0.8240293825832554,0.26762701965475877
44,26,QT-APP without adaptation,0.45,1.2,1,12,7,8,1.406456907870386,2.121698340606649,1.977677429402589,0.1447937718990347,0.1499857294451458,0.033010677146079415,0.05250638570082709,0.23919339612196794,0.2651686816503477,0.27243373632851103
44,27,QT-APP without adaptation,0.45,1.2,1,12,8,9,1.3845082017278012,2.078219070083509,1.9269133803061822,0.10236426226125768,0.15683541256841232,0.03421970758215182,0.05032835726891465,0.2497183149143983,0.2688899882239009,0.27050455786897704
44,28,QT-APP without adaptation,0.45,1.2,1,12,3,4,1.4140150330855978,1.8789688083143061,1.9305971794227652,0.19493385240572958,0.16343132039687513,0.03291359779722349,0.08053492160964677,0.3945901883678106,0.45227942752284045,0.2680261848354711
44,29,QT-APP without adaptation,0.45,1.2,1,12,1,2,1.4232732399643067,1.4603476856573225,1.9375692921597245,0.15515959683008404,0.1626250428434395,0.03267904050905767,0.18154620830951673,0.9285334329188083,1.0365865877400104,0.27780981020380663
44,30,QT-APP without adaptation,0.45,1.2,1,12,8,9,1.3810152657142822,2.061807140672345,1.8527641781325197,0.11121848716413961,0.16238344088342568,0.035945908762308174,0.04532296169728134,0.25625461218618856,0.2776297999083244,0.26461814394286876
44,31,QT-APP without adaptation,0.45,1.2,1,12,2,3,1.3969190872724269,1.5742640960982914,1.8702956589065343,0.1485783395827212,0.17337226975647502,0.03682981576450052,0.12703592467906602,0.7013908282900717,0.779549441789488,0.26262481616624167
44,32,QT-APP without adaptation,0.45,1.2,1,12,1,2,1.3477430949514098,1.399652975165412,1.8934719081587357,0.16376534341561483,0.15534728592225774,0.039522243264135094,0.1867328967702358,0.9013877485227021,1.0120998041632883,0.2832234190659395
44,33,QT-APP without adaptation,0.45,1.2,1,12,11,12,1.3583023101586091,2.1742136832618284,1.8726197662503943,0.18363354793258826,0.1673174920298699,0.04086789084106673,0.038533054316818985,0.1955727695198498,0.2225080606792991,0.27822846589764116
44,34,QT-APP without adaptation,0.45,1.2,1,12,1,2,1.3841078045492594,1.3969407007017327,1.870444185882947,0.15030015836309762,0.16851422515530837,0.0396514151449563,0.17986825737733786,0.9746607743133929,1.0845295258605947,0.2693148039786742
44,35,QT-APP without adaptation,0.45,1.2,0,12,0,1,1.394791004653333,1.394791004653333,1.8720716718713124,0.15864313969483565,0.17006396499305118,0.03821385041722392,0.18319857133884374,1.0,1.1189823547711266,0.2651694088651524
44,36,QT-APP without adaptation,0.45,1.2,1,12,6,7,1.4252712175531759,2.0362214792778945,1.9220571735787042,0.22760614272955051,0.16728691293681108,0.04120690217063527,0.05837888698223325,0.294669607915292,0.3449710675432135,0.2691318101670701
44,37,QT-APP without adaptation,0.45,1.2,1,12,9,10,1.4573944249398965,2.1756149036511423,1.9539015361540686,0.13361982830811733,0.17194316286687694,0.03766354377928799,0.044158581811289635,0.237772497001211,0.2616008371704816,0.2695338503585095
44,38,QT-APP without adaptation,0.45,1.2,1,12,2,3,1.4020367930302977,1.6234395759659948,1.9055745079689002,0.1791465434365064,0.17052285271539244,0.03811009753483509,0.12578564723055524,0.6422320667811764,0.7285223079171249,0.26400023695290425
44,39,QT-APP without adaptation,0.45,1.2,1,12,8,9,1.3239588910387463,2.044152307184206,1.8398135857968707,0.1426617000881297,0.16323067470468378,0.04070514773963138,0.04613897105397749,0.23683612509900545,0.2621767082856873,0.26952795382302913
45,0,QT-APP without adaptation,0.45,1.2,0,12,1,2,1.3698306374018614,1.757896593881474,2.584381407312888,0.12899098759425504,0.08809476844949193,0.0366617994570347,0.20396783365416501,0.4601825994406151,0.5047021554222674,0.5708482240088563
45,1,QT-APP without adaptation,0.45,1.2,1,12,0,1,1.347749136081264,1.347749136081264,2.5514082299732856,0.16963524150349513,0.08678298625160834,0.03814473400322247,0.46185197894576824,1.0,1.1272264311276214,0.5514478588732642
45,2,QT-APP without adaptation,0.45,1.2,1,12,2,3,1.402055428820692,2.228858816287196,2.6598004657661907,0.15926481626502753,0.09388439641706714,0.03765762691356853,0.0905904050283515,0.1913584754958466,0.21421597982629795,0.582308898188009
45,3,QT-APP without adaptation,0.45,1.2,1,12,0,1,1.3450824428191717,1.3450824428191717,2.552806849357998,0.16805216023976013,0.08754079380500707,0.03361214350882356,0.45284380171809024,1.0,1.12603912017982,0.5673698649679534
45,4,QT-APP without adaptation,0.45,1.2,1,12,4,5,1.2948773808402176,2.4575639024452878,2.4224191140764453,0.07110533053465373,0.0882532424850222,0.03484350034293892,0.03851758504004492,0.09774697340446911,0.10295972154398421,0.533765467775807
45,5,QT-APP without adaptation,0.45,1.2,1,12,0,1,1.2947457972864005,1.2947457972864005,2.518153216169563,0.195689174408318,0.09443968248429092,0.03994493576385232,0.47232695333196845,1.0,1.1467668808062386,0.5574849175742581
45,6,QT-APP without adaptation,0.45,1.2,0,12,0,1,1.2820836069076875,1.2820836069076875,2.4666364540610597,0.175571853875521,0.09647776730465546,0.036392792689080015,0.4484271428432155,1.0,1.1316788904066408,0.5443703684451755
45,7,QT-APP without adaptation,0.45,1.2,0,12,0,1,1.337625669522088,1.337625669522088,2.460115360579889,0.16762591775977587,0.10300862194303957,0.03591612703341562,0.4117033371579026,1.0,1.125719438319832,0.5348042176659946
45,8,QT-APP without adaptation,0.45,1.2,1,12,7,8,1.3137537896974143,2.8147900280566307,2.4415546457396062,0.13049210106068396,0.09863804766158263,0.036830520587639505,0.02018709916717961,0.04968399267567255,0.054546519120671655,0.5324797999452998
45,9,QT-APP without adaptation,0.45,1.2,1,12,1,2,1.293256655096492,1.5929931613678394,2.464074027605213,0.15217658355207328,0.09765643683762677,0.036620928073069,0.23612185948264094,0.5491009291628853,0.611771156731843,0.5450530864429805
45,10,QT-APP without adaptation,0.45,1.2,1,12,0,1,1.4492803218643753,1.4492803218643753,2.587140679481241,0.1703861357817383,0.10480845592187371,0.03614055523642036,0.390043054214611,1.0,1.1277896018363038,0.572300452171104
45,11,QT-APP without adaptation,0.45,1.2,0,12,0,1,1.5558727254376483,1.5558727254376483,2.8540624216481043,0.1611756157727806,0.10869649111765332,0.02857481113158588,0.4434122703359479,1.0,1.1208817118295855,0.6437893017874573
45,12,QT-APP without adaptation,0.45,1.2,0,12,0,1,1.6843061845722391,1.6843061845722391,3.1270065157445934,0.19486657259056303,0.11592477497671287,0.03578477063733587,0.4813808775221822,1.0,1.1461499294429223,0.7143106480394865
45,13,QT-APP without adaptation,0.45,1.2,0,12,1,2,1.970831115448307,2.0873172990280695,3.4236372193027123,0.18900848051114952,0.1256414087170388,0.036685503219306,0.348417336240988,0.7921754632800794,0.9044713737396672,0.7571786831207843
45,14,QT-APP without adaptation,0.45,1.2,1,12,0,1,1.218817999583379,1.218817999583379,2.2528615345425598,0.14866160194100256,0.09919042949956326,0.040028517247135895,0.36591833192404555,1.0,1.111496201455752,0.5140570181087082
45,15,QT-APP without adaptation,0.45,1.2,1,12,0,1,1.7251488496426997,1.7251488496426997,3.219356317118827,0.24412855727608285,0.11381038794293917,0.04835500778246618,0.47661500993085565,1.0,1.1830964179570622,0.7437950382441688
45,16,QT-APP without adaptation,0.45,1.2,1,12,1,2,1.8101286091591762,1.8180589849121138,3.211927068914808,0.19797794139387864,0.12101764223953508,0.05000207441876791,0.39666869147536343,0.9842643678442574,1.1304113428441225,0.7332334230317133
45,17,QT-APP without adaptation,0.45,1.2,1,12,5,6,1.8227256119422162,3.4502195625793366,3.2575783283442714,0.11228703207295812,0.12788808489217138,0.049636019153428024,0.015524932422612638,0.03858128744496653,0.04183042114052826,0.7364418223474835
45,18,QT-APP without adaptation,0.45,1.2,1,12,1,2,1.8690574174932773,1.8882904706735488,3.2565072920873774,0.256338420543269,0.15594119149603125,0.037717646315990984,0.40011775519127374,0.9622643188269938,1.1472633055519361,0.7170855008167711
45,19,QT-APP without adaptation,0.45,1.2,0,12,1,2,1.8995918700119343,1.9636884234819165,3.2308055889377254,0.26661933857227915,0.15744009752015956,0.04149596477810359,0.36132353708820797,0.8796834897549178,1.0555889623984755,0.7044054796825703
45,20,QT-APP without adaptation,0.45,1.2,0,12,1,2,1.5456487791552593,1.7191133970599402,2.8715222642016607,0.2491964150735409,0.12285065993856281,0.04318426221771833,0.31862425091850605,0.706855346534473,0.8389647102834401,0.6924410732882799
45,21,QT-APP without adaptation,0.45,1.2,0,12,0,1,1.5411007742488914,1.5411007742488914,2.7368797627917956,0.23906656863133316,0.13304458539962793,0.03803674350283022,0.3782663258736726,1.0,1.1792999264734998,0.6554501514038591
45,22,QT-APP without adaptation,0.45,1.2,1,12,1,2,1.509235569696685,1.5247170534930508,2.66990352340051,0.14405594601867658,0.13317532276642957,0.03584127990671207,0.33091085024509875,0.9695114757550622,1.0742593953669564,0.6434453192720437
45,23,QT-APP without adaptation,0.45,1.2,1,12,1,2,1.5296504667380888,1.5563552457373548,2.7082795568105418,0.23131360459086164,0.13858697855379717,0.03414604205601509,0.348652287424608,0.9479916753912472,1.1124542040589067,0.6484046806460422
45,24,QT-APP without adaptation,0.45,1.2,1,12,3,4,1.4060190146614855,2.072707050701527,2.5519094058742096,0.13491670265180516,0.12276035624899974,0.035842065285224746,0.08977688439388672,0.2635858725451369,0.2902574751371785,0.6425750890718673
45,25,QT-APP without adaptation,0.45,1.2,1,12,0,1,1.4125075885834608,1.4125075885834608,2.5505992285342103,0.1985560857996158,0.1244219175590835,0.03729588758043602,0.34694650267208477,1.0,1.1489170643497117,0.6423750762339941
45,26,QT-APP without adaptation,0.45,1.2,0,12,1,2,1.440387710967756,1.4493258334843722,2.5639239267050353,0.21480416467414842,0.1361648845656727,0.036078693438263185,0.341881006649551,0.9822825871855726,1.1405313801463413,0.6296750486453792
45,27,QT-APP without adaptation,0.45,1.2,0,12,0,1,1.4592518626454258,1.4592518626454258,2.528304749875396,0.20765857092406928,0.13952056906169322,0.033943620853431715,0.3329896032292944,1.0,1.155743928193052,0.6088732342960981
45,28,QT-APP without adaptation,0.45,1.2,0,12,0,1,1.4353674954638072,1.4353674954638072,2.577629554733219,0.2022195615196668,0.14298183184956076,0.030500492961569033,0.3626089088827025,1.0,1.15166467113975,0.6272158235704748
45,29,QT-APP without adaptation,0.45,1.2,1,12,2,3,1.367774276096931,1.9050046648160688,2.4520512047874234,0.1520214678105764,0.13506316518257444,0.027957960348640457,0.11197224710871946,0.34148184037787077,0.38041626833154646,0.6138233090958998
45,30,QT-APP without adaptation,0.45,1.2,1,12,1,2,1.3053119225502892,1.342369779302612,2.3728524824194497,0.15024703098540382,0.1315761484690539,0.03472021905952127,0.3029312353639847,0.9285642402019663,1.0331997553291383,0.5988399952412784
45,31,QT-APP without adaptation,0.45,1.2,0,12,1,2,1.29975141920767,1.3826787668662783,2.445731043436229,0.15938626030876094,0.12515288852859796,0.031915471832399483,0.3060258258552857,0.847169322916229,0.9484396855871711,0.6195258373797513
45,32,QT-APP without adaptation,0.45,1.2,0,12,1,2,1.29237953836901,1.3918164112021905,2.4555532126738133,0.13752344198568714,0.10912973254263625,0.033305538013563486,0.2956724154585579,0.8196533715907441,0.9041945362629935,0.6362310133520996
45,33,QT-APP without adaptation,0.45,1.2,0,12,1,2,1.4290226922078513,1.5090607728661878,2.6471492863512567,0.14003090414830466,0.11670656292990979,0.02890742116006086,0.31346318854248073,0.8520788910446359,0.9415669241836347,0.6731872082532386
45,34,QT-APP without adaptation,0.45,1.2,0,12,1,2,1.3490689333342607,1.375091175244206,2.489551734076675,0.1280704001336774,0.10850570542151816,0.032895057178484684,0.32086188063048693,0.9492866380078168,1.0404682776862277,0.6478273811935666
45,35,QT-APP without adaptation,0.45,1.2,0,12,0,1,1.3930304985587714,1.3930304985587714,2.545636776834516,0.12218839932255551,0.11057649156443382,0.037807659067859996,0.33819413512571656,1.0,1.0916412994919167,0.6568844528395493
45,36,QT-APP without adaptation,0.45,1.2,1,12,0,1,1.3312127289927824,1.3312127289927824,2.4872609739628198,0.21705644198847057,0.11113848454040466,0.03595115733264197,0.37149980462773285,1.0,1.1627923314913529,0.639104388721237
45,37,QT-APP without adaptation,0.45,1.2,1,12,7,8,1.252132316513625,2.9882634203648024,2.449160670875413,0.07431020671472921,0.10576263584534534,0.038182373224833865,0.010924430258218756,0.03104671703662272,0.03277703300722657,0.648461286275394
45,38,QT-APP without adaptation,0.45,1.2,1,12,2,3,1.2414266897949164,1.9332157729295176,2.398680683772765,0.12713574641532005,0.10118797624346267,0.041939253135760544,0.08761595957546661,0.250679971762519,0.2745827607535684,0.6410744976655162
45,39,QT-APP without adaptation,0.45,1.2,1,12,0,1,1.2762635693898756,1.2762635693898756,2.403387199845774,0.23126317798871382,0.10114778033928429,0.044188118220624684,0.3570852653234616,1.0,1.1734473834915353,0.6376622322536127
46,0,QT-APP without adaptation,0.45,1.2,0,12,0,1,0.530353348809316,0.530353348809316,1.7948957218026373,0.2836540264997704,0.1021873314729634,0.06057890826524336,0.5575953519922934,1.0,1.2127405198748278,0.48568329420922923
46,1,QT-APP without adaptation,0.45,1.2,0,12,0,1,0.5425872065478998,0.5425872065478998,1.7811734803046573,0.2836540264997704,0.10570881454034897,0.05965395420382091,0.5492461738385769,1.0,1.2127405198748278,0.47259575764027334
46,2,QT-APP without adaptation,0.45,1.2,1,12,5,6,0.5492517243696579,2.020390952447844,1.8580169894929217,0.07596020339335333,0.10206174617144619,0.0608100881839953,0.026693159489325245,0.05274541361166586,0.05575032787117238,0.5006858116021583
46,3,QT-APP without adaptation,0.45,1.2,1,12,6,7,0.5393966218468886,1.9950402205047844,1.7967214414908004,0.08210621293353987,0.10494484183577436,0.06115788810785592,0.026461097575530654,0.054405653966359074,0.057755935623371855,0.48608850712255974
46,4,QT-APP without adaptation,0.45,1.2,1,12,0,1,0.5462512756712774,0.5462512756712774,1.8328239049911117,0.2836540264997704,0.1052882097193082,0.05984804201058884,0.5723527844775501,1.0,1.2127405198748278,0.49300657134183445
46,5,QT-APP without adaptation,0.45,1.2,1,12,3,4,0.550550494560327,1.6026270434890748,1.7963220250205916,0.12653204192003797,0.10579673883107514,0.05856297565066196,0.06115580465299482,0.12194890934050494,0.1335217427220867,0.47317326641282054
46,6,QT-APP without adaptation,0.45,1.2,1,12,11,12,0.5477202619233246,2.24897583759909,1.7917159447424338,0.05338348997020624,0.10585231743816946,0.059255976373762176,0.01595065528312175,0.03328956976427405,0.034622404824491755,0.46734247224324665
46,7,QT-APP without adaptation,0.45,1.2,1,12,5,6,0.534633398246653,1.9711592115802854,1.8255954606190137,0.08537266801933978,0.10207830333841972,0.060517036896475314,0.0290100298720627,0.0565261663574095,0.06014550858353732,0.47908902362809536
46,8,QT-APP without adaptation,0.45,1.2,1,12,2,3,0.5584455671272717,1.6945997060176121,1.9023637303611325,0.11644505287591599,0.10122441857963559,0.059502838918924855,0.05609703264363304,0.10307398189289849,0.11207582334663582,0.4983496117213854
46,9,QT-APP without adaptation,0.45,1.2,1,12,0,1,0.5529891504241708,0.5529891504241708,1.8582110777325769,0.2836540264997704,0.10355877509151444,0.05917983413570824,0.5902744635778066,1.0,1.2127405198748278,0.48279604378993135
46,10,QT-APP without adaptation,0.45,1.2,0,12,0,1,0.5710314977467559,0.5710314977467559,1.9840818934323046,0.2836540264997704,0.09986682906893106,0.06096745253611096,0.6218099259175142,1.0,1.2127405198748278,0.5385676216600388
46,11,QT-APP without adaptation,0.45,1.2,1,12,8,9,0.504529297327821,2.408884830325038,2.098936647968889,0.05508971412571351,0.08092796268051453,0.06513148624238509,0.013571238073474389,0.022176744903911725,0.023093027806658253,0.5884694219410553
46,12,QT-APP without adaptation,0.45,1.2,1,12,1,2,0.518433841463981,1.5137496237928492,2.235061244824352,0.13358393631976453,0.0744731471426942,0.06840488992600616,0.09364065648002984,0.13660912070231976,0.15029570876276804,0.6328739300119356
46,13,QT-APP without adaptation,0.45,1.2,1,12,0,1,0.759977087898163,0.759977087898163,2.4506041013108137,0.2836540264997704,0.10151874218992124,0.06512503431696734,0.726224707727474,1.0,1.2127405198748278,0.6465764376013662
46,14,QT-APP without adaptation,0.45,1.2,0,12,0,1,0.5426328222351446,0.5426328222351446,1.669245471880828,0.2836540264997704,0.09888041924463858,0.06555521769420508,0.500629630067847,1.0,1.2127405198748278,0.4324491547102445
46,15,QT-APP without adaptation,0.45,1.2,0,12,0,1,0.5824314276300901,0.5824314276300901,2.2344466651637136,0.2836540264997704,0.0837439220540262,0.0690795341288485,0.6955379295031815,1.0,1.2127405198748278,0.6517426896681199
46,16,QT-APP without adaptation,0.45,1.2,1,12,2,3,0.6723742296489102,1.7854982219536248,2.2617125063103565,0.13580333578172551,0.10291869475329259,0.06505451087490627,0.06475957482993788,0.10793263628023755,0.11892584531516652,0.6412168381610817
46,17,QT-APP without adaptation,0.45,1.2,1,12,0,1,0.7857136390723574,0.7857136390723574,2.2229390766471635,0.2836540264997704,0.11349311406561645,0.06524970153079064,0.5921005314368472,1.0,1.2127405198748278,0.5948765289587985
46,18,QT-APP without adaptation,0.45,1.2,0,12,0,1,0.7879722125081309,0.7879722125081309,2.3189741284515106,0.2836540264997704,0.10752982083633193,0.06476830157782536,0.6340848050213996,1.0,1.2127405198748278,0.6290667214602581
46,19,QT-APP without adaptation,0.45,1.2,0,12,0,1,0.76607590906759,0.76607590906759,2.2975790759955586,0.2836540264997704,0.10515302788045659,0.06476444142242044,0.6411961529453991,1.0,1.2127405198748278,0.6226361497883732
46,20,QT-APP without adaptation,0.45,1.2,1,12,1,2,0.7251581141812753,1.302268762292055,2.040013408467948,0.21165367792671552,0.11165184868819723,0.06611690130810459,0.1675016147027032,0.31530296894485316,0.3653542437236465,0.5367305167841471
46,21,QT-APP without adaptation,0.45,1.2,1,12,2,3,0.6806292405909757,1.6228486780624873,2.0051246162667327,0.11947090942883494,0.10648309635292476,0.0640159162338712,0.07661022686040836,0.15191427842607483,0.1655262811751661,0.544645064937965
46,22,QT-APP without adaptation,0.45,1.2,1,12,0,1,0.6536331026741833,0.6536331026741833,1.9138410614721655,0.2836540264997704,0.09812062415650341,0.0650639116440611,0.5415932642018824,1.0,1.2127405198748278,0.5154636473334809
46,23,QT-APP without adaptation,0.45,1.2,0,12,0,1,0.6423617248086921,0.6423617248086921,1.9558122049327646,0.2836540264997704,0.09453795729965918,0.06446321803772999,0.5741427949323747,1.0,1.2127405198748278,0.5253932857335258
46,24,QT-APP without adaptation,0.45,1.2,0,12,0,1,0.6324306146319362,0.6324306146319362,1.9197046348584887,0.2836540264997704,0.09144296105278714,0.06454498405806339,0.5643605863095356,1.0,1.2127405198748278,0.5153163183625858
46,25,QT-APP without adaptation,0.45,1.2,0,12,0,1,0.6608432432267601,0.6608432432267601,1.9754648406223039,0.2836540264997704,0.09162996463251756,0.06527311484165513,0.5719110007279763,1.0,1.2127405198748278,0.5320126941080944
46,26,QT-APP without adaptation,0.45,1.2,0,12,0,1,0.6170515114324645,0.6170515114324645,1.9414102540231075,0.2836540264997704,0.08688321054850602,0.06657701476657726,0.5810146262525899,1.0,1.2127405198748278,0.5300584692543977
46,27,QT-APP without adaptation,0.45,1.2,0,12,0,1,0.612163495357732,0.612163495357732,1.940084806379324,0.2836540264997704,0.0866034756599724,0.06615363430316835,0.5842406605986614,1.0,1.2127405198748278,0.5283326929431438
46,28,QT-APP without adaptation,0.45,1.2,0,12,0,1,0.6372422756843438,0.6372422756843438,1.9381469560310383,0.2836540264997704,0.08792217427422643,0.06539811569389864,0.5703564591715338,1.0,1.2127405198748278,0.5226421319381971
46,29,QT-APP without adaptation,0.45,1.2,0,12,0,1,0.6150366766518259,0.6150366766518259,1.9058276258861346,0.2836540264997704,0.08348521387616659,0.06599443961693242,0.5636713309843473,1.0,1.2127405198748278,0.5227490043399777
46,30,QT-APP without adaptation,0.45,1.2,1,12,3,4,0.5940001632551907,1.611132406295334,1.881614620363269,0.059922567528610325,0.08172515926400722,0.06668657842409734,0.06380803874183157,0.13077663517442065,0.1366539889887234,0.5174853970935864
46,31,QT-APP without adaptation,0.45,1.2,1,12,4,5,0.5681600786879232,1.852503695607129,1.821717936162526,0.06752387280172727,0.0789520825482441,0.06614727214957099,0.03695582898443891,0.07663608467592797,0.0805171586011878,0.4981881373617733
46,32,QT-APP without adaptation,0.45,1.2,1,12,1,2,0.5644622365475538,1.325886313725582,1.8202348464625768,0.13661007629549057,0.08135696033252432,0.06673086976685182,0.10973382622468095,0.21808984799065687,0.24043480107061355,0.5045775734339971
46,33,QT-APP without adaptation,0.45,1.2,1,12,0,1,0.5707882831026814,0.5707882831026814,1.806982771020257,0.2836540264997704,0.08212807956081483,0.06623830456527795,0.5416642740699835,1.0,1.2127405198748278,0.5013605378079671
46,34,QT-APP without adaptation,0.45,1.2,0,12,0,1,0.5934536828823047,0.5934536828823047,1.8492673485789783,0.2836540264997704,0.08550669638844756,0.06548916718732035,0.5520321748728163,1.0,1.2127405198748278,0.5055450135128564
46,35,QT-APP without adaptation,0.45,1.2,1,12,1,2,0.6034222428535105,1.3285004468358927,1.815242103578577,0.14373475881357808,0.090931800155939,0.06436480120023094,0.11377522371642151,0.23453360230149253,0.25981657537185604,0.48985705376129574
46,36,QT-APP without adaptation,0.45,1.2,1,12,0,1,0.609579153220573,0.609579153220573,1.8767935985250774,0.2836540264997704,0.09188695924200886,0.06402043950917936,0.5573476287324352,1.0,1.2127405198748278,0.508379265507258
46,37,QT-APP without adaptation,0.45,1.2,1,12,3,4,0.6070128123386473,1.567887950937966,1.8569619602865872,0.08140184313982757,0.09222143219383833,0.06471320273239059,0.0706132030993461,0.14635058373944845,0.15528548918518403,0.49869054611996405
46,38,QT-APP without adaptation,0.45,1.2,1,12,1,2,0.580492318062208,1.3747154070228564,1.868953794972205,0.1422093680012235,0.0906641832626472,0.06474854780346077,0.10637018230806904,0.204242722154924,0.22602664348229992,0.5094891590047972
46,39,QT-APP without adaptation,0.45,1.2,1,12,0,1,0.5691854392522182,0.5691854392522182,1.826149464916658,0.2836540264997704,0.09023032824000583,0.06448771853957395,0.5574497850216931,1.0,1.2127405198748278,0.49584588303858756
42,0,QT-APP without tunneling,0.45,1.2,0,12,0,1,0.8732118504140169,0.8732118504140169,1.6374378117425301,0.0,0.0,0.0,0.29958326734998714,1.0,1.0,0.3224644001459708
42,1,QT-APP without tunneling,0.43,1.22,1,12,2,3,0.8374531215335479,1.294501760767911,1.5762733415854875,0.0,0.0,0.0,0.11600761255643383,0.40087834431367425,0.40087834431367425,0.31449896277826406
42,2,QT-APP without tunneling,0.46499999999999997,1.195,1,12,3,4,0.8345513923679364,1.421719841090405,1.5739306986131367,0.0,0.0,0.0,0.0898496367092103,0.30902382625213687,0.30902382625213687,0.31122547092999986
42,3,QT-APP without tunneling,0.46499999999999997,1.195,1,12,0,1,0.813909792519131,0.813909792519131,1.5330522705335012,0.0,0.0,0.0,0.28417800932921666,1.0,1.0,0.29866064821990485
42,4,QT-APP without tunneling,0.5,1.1700000000000002,1,12,3,4,0.8068076407348006,1.3610979979763502,1.5334489089629981,0.0,0.0,0.0,0.0955314592949725,0.33002703141976614,0.33002703141976614,0.2949649725801593
42,5,QT-APP without tunneling,0.535,1.1450000000000002,1,12,9,10,0.8596787603883727,1.7777101402533741,1.5842337159402249,0.0,0.0,0.0,0.04567561903528042,0.15944396107254347,0.15944396107254347,0.30132650205060135
42,6,QT-APP without tunneling,0.5700000000000001,1.1200000000000003,1,12,2,3,0.8711565795453062,1.3293831162900085,1.5996566009593174,0.0,0.0,0.0,0.11455947150011495,0.399935068624575,0.399935068624575,0.3077860447029263
42,7,QT-APP without tunneling,0.6050000000000001,1.0950000000000004,1,12,0,1,0.8451643189351635,0.8451643189351635,1.5875363376892755,0.0,0.0,0.0,0.2926515574744425,1.0,1.0,0.3116588680981022
42,8,QT-APP without tunneling,0.6400000000000001,1.0700000000000005,1,12,2,3,0.8773381093377945,1.2584165628028585,1.5589605695951532,0.0,0.0,0.0,0.12352276241774324,0.46665880112077873,0.46665880112077873,0.3030010772251886
42,9,QT-APP without tunneling,0.6750000000000002,1.0450000000000006,1,12,7,8,0.9036479815071646,1.7528563907968904,1.593761379245417,0.0,0.0,0.0,0.04904685122773416,0.18297297427950784,0.18297297427950784,0.30812469483925226
42,10,QT-APP without tunneling,0.7100000000000002,1.0200000000000007,1,12,0,1,0.9770931550681328,0.9770931550681328,1.7436480862722326,0.0,0.0,0.0,0.29329545312528843,1.0,1.0,0.3467815796945122
42,11,QT-APP without tunneling,0.7450000000000002,0.9950000000000007,1,12,3,4,1.0478199638106553,1.7596986009938853,1.8980480980761658,0.0,0.0,0.0,0.07788731833684111,0.24080753503427693,0.24080753503427693,0.3904467294981157
42,12,QT-APP without tunneling,0.7800000000000002,0.9700000000000006,1,12,6,7,1.1803273513768986,2.2327503048176496,2.076250111455176,0.0,0.0,0.0,0.04007324818529873,0.12186445129567211,0.12186445129567211,0.43995587367268063
42,13,QT-APP without tunneling,0.8150000000000003,0.9450000000000006,1,12,0,1,1.3466599441351108,1.3466599441351108,2.2756874870009858,0.0,0.0,0.0,0.32879511326280564,1.0,1.0,0.49938028810964996
42,14,QT-APP without tunneling,0.8500000000000003,0.9200000000000006,0,12,0,1,0.9081314758888295,0.9081314758888295,1.5393334206344627,0.0,0.0,0.0,0.22301596961611847,1.0,1.0,0.37062276001205496
42,15,QT-APP without tunneling,0.8850000000000003,0.8950000000000006,0,12,0,1,1.2501003603693976,1.2501003603693976,2.176173475479334,0.0,0.0,0.0,0.32224283647962676,1.0,1.0,0.49014849309632713
42,16,QT-APP without tunneling,0.9200000000000004,0.8700000000000006,0,12,0,1,1.3600394329249044,1.3600394329249044,2.2236220373699616,0.0,0.0,0.0,0.2908046507693364,1.0,1.0,0.4968505648746288
42,17,QT-APP without tunneling,0.9550000000000004,0.8450000000000005,1,12,2,3,1.3147324580383115,1.751892992008921,2.245000569322133,0.0,0.0,0.0,0.13175760380682375,0.4171451367655145,0.4171451367655145,0.5115687795153943
42,18,QT-APP without tunneling,0.9900000000000004,0.8200000000000005,1,12,1,2,1.3690825009318899,1.540062677802254,2.2334062356843467,0.0,0.0,0.0,0.20412477668297652,0.7103763679165537,0.7103763679165537,0.49830680666965077
42,19,QT-APP without tunneling,1.0,0.7950000000000005,1,12,0,1,1.3396846820505253,1.3396846820505253,2.2362537526783046,0.0,0.0,0.0,0.30335052089803954,1.0,1.0,0.5059136614095955
42,20,QT-APP without tunneling,1.0,0.7700000000000005,1,12,4,5,1.3230089013353155,1.833383382363139,2.1817075232128924,0.0,0.0,0.0,0.09959693006615991,0.360324969356999,0.360324969356999,0.5202092965111242
42,21,QT-APP without tunneling,1.0,0.7450000000000004,1,12,2,3,1.2833994909590962,1.7131639174181044,2.1733791914130696,0.0,0.0,0.0,0.12992903017742674,0.4233615008720851,0.4233615008720851,0.48802733096317386
42,22,QT-APP without tunneling,1.0,0.7450000000000004,1,12,1,2,1.2533894656608064,1.5540380038952157,2.125622183861059,0.0,0.0,0.0,0.16643299943768747,0.5481002468978655,0.5481002468978655,0.4743202140725395
42,23,QT-APP without tunneling,1.0,0.7450000000000004,1,12,2,3,1.1952387260448014,1.6941857170786343,2.071216063413849,0.0,0.0,0.0,0.11551396676655065,0.36865501827446945,0.36865501827446945,0.4578378595690077
42,24,QT-APP without tunneling,1.0,0.7450000000000004,0,12,2,3,1.1678629644810485,1.683298676338242,2.0499003949867696,0.0,0.0,0.0,0.11218450119477183,0.3566959917499865,0.3566959917499865,0.4594357957124692
42,25,QT-APP without tunneling,1.0,0.7450000000000004,1,12,9,10,1.1764761921705307,2.385026521824738,2.0525151531669885,0.0,0.0,0.0,0.027689447717616663,0.08917980563011808,0.08917980563011808,0.4595187476975441
42,26,QT-APP without tunneling,1.0,0.7200000000000004,1,12,0,1,1.2156386133174486,1.2156386133174486,2.0746377131093614,0.0,0.0,0.0,0.290038340583715,1.0,1.0,0.48798508191722095
42,27,QT-APP without tunneling,1.0,0.6950000000000004,1,12,4,5,1.1782235640183945,1.6810449450614904,2.0230954710504414,0.0,0.0,0.0,0.10332114803832412,0.36580943078911876,0.36580943078911876,0.48601406641708966
42,28,QT-APP without tunneling,1.0,0.6700000000000004,1,12,0,1,1.147188066290613,1.147188066290613,1.9685565036705996,0.0,0.0,0.0,0.2742129539462529,1.0,1.0,0.47738403015244635
42,29,QT-APP without tunneling,1.0,0.6450000000000004,1,12,4,5,1.2015952240270873,1.7320197197487626,2.0564314089445688,0.0,0.0,0.0,0.09879620211854077,0.34616179713659095,0.34616179713659095,0.49422003217186306
42,30,QT-APP without tunneling,1.0,0.6200000000000003,1,12,0,1,1.232713539814236,1.232713539814236,2.095699102155711,0.0,0.0,0.0,0.28250733517122123,1.0,1.0,0.5105374441427794
42,31,QT-APP without tunneling,1.0,0.5950000000000003,1,12,3,4,1.2186166389027906,1.6457534470209758,2.0891409610641705,0.0,0.0,0.0,0.12221839009434603,0.42559222211119385,0.42559222211119385,0.5085214025154908
42,32,QT-APP without tunneling,1.0,0.5700000000000003,1,12,0,1,1.2174217221541532,1.2174217221541532,2.0774889426178036,0.0,0.0,0.0,0.284286002559188,1.0,1.0,0.5038411461182135
42,33,QT-APP without tunneling,1.0,0.5450000000000003,1,12,4,5,1.1551545348285681,1.6485591348481177,2.0265569157013723,0.0,0.0,0.0,0.10847509325550592,0.372764211475807,0.372764211475807,0.5007546471133593
42,34,QT-APP without tunneling,1.0,0.5200000000000002,1,12,0,1,1.160965304132929,1.160965304132929,2.0223868458459804,0.0,0.0,0.0,0.2882168436679921,1.0,1.0,0.49478068811972237
42,35,QT-APP without tunneling,1.0,0.4950000000000002,1,12,3,4,1.1819028040226998,1.5901333807680178,2.042879044595562,0.0,0.0,0.0,0.12735588376107554,0.44199303564376824,0.44199303564376824,0.4961063743543414
42,36,QT-APP without tunneling,1.0,0.4700000000000002,1,12,1,2,1.144881468449752,1.3988248646483266,1.979785169931018,0.0,0.0,0.0,0.16880949506474838,0.6017658923803043,0.6017658923803043,0.4797183076866896
42,37,QT-APP without tunneling,1.0,0.4700000000000002,1,12,0,1,1.1945382490700869,1.1945382490700869,2.0321867620185388,0.0,0.0,0.0,0.27799929597919565,1.0,1.0,0.48790687991429826
42,38,QT-APP without tunneling,1.0,0.4700000000000002,1,12,3,4,1.222596746772098,1.5797029112443515,2.0435809356130954,0.0,0.0,0.0,0.13221700333655725,0.489577586056898,0.489577586056898,0.4856876171677841
42,39,QT-APP without tunneling,1.0,0.4450000000000002,1,12,0,1,1.2120098505243602,1.2120098505243602,2.031721330549547,0.0,0.0,0.0,0.26827217522242564,1.0,1.0,0.48678417113764755
43,0,QT-APP without tunneling,0.45,1.2,0,12,0,1,0.48430011911375276,0.48430011911375276,2.1666405407884524,0.0,0.0,0.0,0.68863680188969,1.0,1.0,0.6514513782346147
43,1,QT-APP without tunneling,0.43,1.22,1,12,4,5,0.4972963999751053,2.1395011773697465,2.1606535303442542,0.0,0.0,0.0,0.025906972277040616,0.03746269823521909,0.03746269823521909,0.6313613036794385
43,2,QT-APP without tunneling,0.46499999999999997,1.195,1,12,0,1,0.48730959405743457,0.48730959405743457,2.1343297439254045,0.0,0.0,0.0,0.6886264519657054,1.0,1.0,0.6164493804985217
43,3,QT-APP without tunneling,0.5,1.1700000000000002,0,12,0,1,0.48746825543014305,0.48746825543014305,2.1850503191435924,0.0,0.0,0.0,0.6993223804118689,1.0,1.0,0.6366512770397467
43,4,QT-APP without tunneling,0.48,1.1900000000000002,0,12,0,1,0.5009689555482117,0.5009689555482117,2.1783234690015427,0.0,0.0,0.0,0.6921576218649216,1.0,1.0,0.6314945427393703
43,5,QT-APP without tunneling,0.45999999999999996,1.2100000000000002,0,12,0,1,0.499565971066349,0.499565971066349,2.187653496819052,0.0,0.0,0.0,0.70027122916531,1.0,1.0,0.6289404900260079
43,6,QT-APP without tunneling,0.43999999999999995,1.2300000000000002,0,12,0,1,0.5005617317526505,0.5005617317526505,2.1245836719652025,0.0,0.0,0.0,0.6781848725815346,1.0,1.0,0.6086849522327816
43,7,QT-APP without tunneling,0.41999999999999993,1.2500000000000002,0,12,0,1,0.4875213001685815,0.4875213001685815,2.178393811798169,0.0,0.0,0.0,0.708997668629916,1.0,1.0,0.6241765217173418
43,8,QT-APP without tunneling,0.3999999999999999,1.2700000000000002,1,12,1,2,0.49634324322423357,1.3398818160968302,2.1931404527127554,0.0,0.0,0.0,0.13157620168310985,0.18505963661951277,0.18505963661951277,0.6269623065787188
43,9,QT-APP without tunneling,0.43499999999999994,1.2450000000000003,1,12,0,1,0.5173123731340304,0.5173123731340304,2.215298801496983,0.0,0.0,0.0,0.7056778153420304,1.0,1.0,0.6340780662895555
43,10,QT-APP without tunneling,0.47,1.2200000000000004,0,12,0,1,0.48876568434069567,0.48876568434069567,2.077834679437817,0.0,0.0,0.0,0.67235713321738,1.0,1.0,0.5874642103347106
43,11,QT-APP without tunneling,0.47,1.2200000000000004,1,12,6,7,0.5018332707095868,2.3820002939337215,2.207775352715774,0.0,0.0,0.0,0.016670911299260956,0.023275963823059412,0.023275963823059412,0.6330713856128847
43,12,QT-APP without tunneling,0.505,1.1950000000000005,1,12,0,1,0.47861672501114966,0.47861672501114966,2.4658788555646094,0.0,0.0,0.0,0.7912050595111251,1.0,1.0,0.7439762764065924
43,13,QT-APP without tunneling,0.54,1.1700000000000006,0,12,0,1,0.4996958499775307,0.4996958499775307,2.5558566884267786,0.0,0.0,0.0,0.822846889645655,1.0,1.0,0.749691103083828
43,14,QT-APP without tunneling,0.5750000000000001,1.1450000000000007,0,12,0,1,0.3522429337745803,0.3522429337745803,1.7008851668550646,0.0,0.0,0.0,0.5882949036427656,1.0,1.0,0.48550075026206785
43,15,QT-APP without tunneling,0.6100000000000001,1.1200000000000008,0,12,0,1,0.6125297733146928,0.6125297733146928,2.517674884117127,0.0,0.0,0.0,0.7879797780707432,1.0,1.0,0.6924455486127042
43,16,QT-APP without tunneling,0.6450000000000001,1.0950000000000009,0,12,0,1,0.6122443771219177,0.6122443771219177,2.448753935060464,0.0,0.0,0.0,0.7266785136424134,1.0,1.0,0.7037654617160609
43,17,QT-APP without tunneling,0.6800000000000002,1.070000000000001,0,12,0,1,0.6206241962881401,0.6206241962881401,2.462052532605384,0.0,0.0,0.0,0.7281582435565329,1.0,1.0,0.7067728997183658
43,18,QT-APP without tunneling,0.7150000000000002,1.045000000000001,1,12,11,12,0.6343313005816551,2.8991900927433787,2.366368018264186,0.0,0.0,0.0,0.007406591661102859,0.010783721134636234,0.010783721134636234,0.6734752801111688
43,19,QT-APP without tunneling,0.7500000000000002,1.0200000000000011,1,12,0,1,0.5559004199453772,0.5559004199453772,2.4158613911351035,0.0,0.0,0.0,0.7451211001334038,1.0,1.0,0.6991752862041776
43,20,QT-APP without tunneling,0.7850000000000003,0.9950000000000011,1,12,1,2,0.5319542040398196,1.3017026983830535,2.3332483161079844,0.0,0.0,0.0,0.15414034034022167,0.2144889646723453,0.2144889646723453,0.6930850172960292
43,21,QT-APP without tunneling,0.8200000000000003,0.9700000000000011,1,12,0,1,0.49889219634057547,0.49889219634057547,2.2911835453090834,0.0,0.0,0.0,0.7154049715379863,1.0,1.0,0.6858330645102608
43,22,QT-APP without tunneling,0.8550000000000003,0.9450000000000011,0,12,0,1,0.5125705354600724,0.5125705354600724,2.155681435339172,0.0,0.0,0.0,0.6662697234894082,1.0,1.0,0.6349267754769292
43,23,QT-APP without tunneling,0.8550000000000003,0.9450000000000011,1,12,4,5,0.46934231157205913,1.9694386106938828,2.019801833782575,0.0,0.0,0.0,0.03149631104467155,0.0497774803892835,0.0497774803892835,0.5993338012600908
43,24,QT-APP without tunneling,0.8900000000000003,0.920000000000001,1,12,0,1,0.4358044898959621,0.4358044898959621,2.0286194821943124,0.0,0.0,0.0,0.6536359625323326,1.0,1.0,0.6090194498605835
43,25,QT-APP without tunneling,0.9250000000000004,0.895000000000001,0,12,0,1,0.4204690710428241,0.4204690710428241,2.0012936156193732,0.0,0.0,0.0,0.6427368844763708,1.0,1.0,0.6105197242132081
43,26,QT-APP without tunneling,0.9250000000000004,0.895000000000001,0,12,0,1,0.4047548642189732,0.4047548642189732,2.010898802766183,0.0,0.0,0.0,0.6536806377994315,1.0,1.0,0.6147808386060609
43,27,QT-APP without tunneling,0.9250000000000004,0.895000000000001,0,12,0,1,0.3582815037811763,0.3582815037811763,1.9776774565926798,0.0,0.0,0.0,0.663555194101887,1.0,1.0,0.6156177961351108
43,28,QT-APP without tunneling,0.9250000000000004,0.895000000000001,1,12,1,2,0.35147687400796757,1.0271227030663495,1.9189055961461807,0.0,0.0,0.0,0.16749973912820254,0.2589056270216794,0.2589056270216794,0.592265256987657
43,29,QT-APP without tunneling,0.9600000000000004,0.870000000000001,1,12,0,1,0.3470303550059934,0.3470303550059934,1.9815833937990182,0.0,0.0,0.0,0.6667196968389881,1.0,1.0,0.6184471606421527
43,30,QT-APP without tunneling,0.9950000000000004,0.845000000000001,0,12,0,1,0.336488581181061,0.336488581181061,2.038937022615972,0.0,0.0,0.0,0.6867665808051359,1.0,1.0,0.6452409949670135
43,31,QT-APP without tunneling,0.9950000000000004,0.845000000000001,0,12,0,1,0.36985390825717257,0.36985390825717257,2.076081095518292,0.0,0.0,0.0,0.6960543007400929,1.0,1.0,0.6395496473168514
43,32,QT-APP without tunneling,0.9950000000000004,0.845000000000001,1,12,1,2,0.35396416336184044,1.0689766303788353,2.050715543930653,0.0,0.0,0.0,0.16482738310103134,0.23930295538134255,0.23930295538134255,0.6403717624377712
43,33,QT-APP without tunneling,1.0,0.820000000000001,1,12,0,1,0.35404257884475454,0.35404257884475454,2.0746511419658717,0.0,0.0,0.0,0.6874620907999985,1.0,1.0,0.6557799622223865
43,34,QT-APP without tunneling,1.0,0.7950000000000009,1,12,1,2,0.3659019500085437,1.0120166183984165,2.047705301466627,0.0,0.0,0.0,0.1839167257476253,0.2746577953405645,0.2746577953405645,0.6465619226251724
43,35,QT-APP without tunneling,1.0,0.7700000000000009,1,12,0,1,0.3615374130639259,0.3615374130639259,1.9861422875438957,0.0,0.0,0.0,0.648980640643149,1.0,1.0,0.6273817764371353
43,36,QT-APP without tunneling,1.0,0.7450000000000009,0,12,0,1,0.3647723033302683,0.3647723033302683,1.9153507743564393,0.0,0.0,0.0,0.6273373862810179,1.0,1.0,0.5962215549451354
43,37,QT-APP without tunneling,1.0,0.7450000000000009,0,12,0,1,0.36786604177111376,0.36786604177111376,2.030988980816291,0.0,0.0,0.0,0.6625252525607155,1.0,1.0,0.6396769427051031
43,38,QT-APP without tunneling,1.0,0.7450000000000009,1,12,1,2,0.3371857686332326,1.0297365560432128,2.022772632290523,0.0,0.0,0.0,0.1703345811178659,0.2502983744881076,0.2502983744881076,0.6403669626335902
43,39,QT-APP without tunneling,1.0,0.7200000000000009,1,12,0,1,0.35370855487451824,0.35370855487451824,2.0804421238766917,0.0,0.0,0.0,0.6880949028757427,1.0,1.0,0.6581125255024393
44,0,QT-APP without tunneling,0.45,1.2,0,12,0,1,1.6122910811198188,1.6122910811198188,1.9314646056812832,0.0,0.0,0.0,0.14442586457509127,1.0,1.0,0.20813421960091996
44,1,QT-APP without tunneling,0.43,1.22,1,12,6,7,1.6420156644802364,2.071152825854361,1.9574149947861048,0.0,0.0,0.0,0.060585452920583954,0.42389295393989856,0.42389295393989856,0.21193510327679857
44,2,QT-APP without tunneling,0.46499999999999997,1.195,1,12,0,1,1.6574401428070964,1.6574401428070964,1.9347281847578268,0.0,0.0,0.0,0.1337381040710623,1.0,1.0,0.2015702997904504
44,3,QT-APP without tunneling,0.5,1.1700000000000002,1,12,8,9,1.573504649582,2.0653945583837836,1.8945241037045097,0.0,0.0,0.0,0.054962742141839924,0.3738951690171878,0.3738951690171878,0.19108961017961754
44,4,QT-APP without tunneling,0.535,1.1450000000000002,1,12,8,9,1.6814435944810637,2.1665793287392803,1.970011583118538,0.0,0.0,0.0,0.051820713405501324,0.3789801429604677,0.3789801429604677,0.20143985546973614
44,5,QT-APP without tunneling,0.515,1.1650000000000003,1,12,2,3,1.6767680728953802,1.7310326886230134,1.95911101588887,0.0,0.0,0.0,0.12225782244894083,0.8971526693555473,0.8971526693555473,0.19071749291635198
44,6,QT-APP without tunneling,0.55,1.1400000000000003,1,12,8,9,1.585442176540274,2.02274339924001,1.9108496814906184,0.0,0.0,0.0,0.06157915778989437,0.41702777803903307,0.41702777803903307,0.19847337689473282
44,7,QT-APP without tunneling,0.5850000000000001,1.1150000000000004,1,12,3,4,1.6247726611973197,1.7828465375722073,1.9522285360728084,0.0,0.0,0.0,0.1079417456716833,0.7289517375867228,0.7289517375867228,0.19885475512643985
44,8,QT-APP without tunneling,0.5850000000000001,1.1150000000000004,1,12,1,2,1.5613895304096688,1.653819402615322,1.880113672719526,0.0,0.0,0.0,0.12132938734098751,0.8312208590476935,0.8312208590476935,0.19478121188838504
44,9,QT-APP without tunneling,0.5650000000000001,1.1350000000000005,1,12,0,1,1.5678071117093402,1.5678071117093402,1.9194965897470497,0.0,0.0,0.0,0.15382125237483782,1.0,1.0,0.21163932230128174
44,10,QT-APP without tunneling,0.545,1.1550000000000005,1,12,10,11,1.6743744774782026,2.269694587399561,1.978965396471784,0.0,0.0,0.0,0.042479798200847525,0.304026557910895,0.304026557910895,0.21594864788248347
44,11,QT-APP without tunneling,0.5800000000000001,1.1300000000000006,1,12,4,5,1.7214616558544016,1.878131901803616,2.0517286112129205,0.0,0.0,0.0,0.10644178851477537,0.7310009702817466,0.7310009702817466,0.22724105576853676
44,12,QT-APP without tunneling,0.6150000000000001,1.1050000000000006,0,12,1,2,1.9104703511678065,1.9445453410548197,2.2873577197065096,0.0,0.0,0.0,0.1446981043673548,0.9341203639095754,0.9341203639095754,0.2598606110291748
44,13,QT-APP without tunneling,0.6500000000000001,1.0800000000000007,1,12,5,6,1.894570830851534,2.3853098763010787,2.355199305805369,0.0,0.0,0.0,0.06757117677541052,0.37475676471090774,0.37475676471090774,0.27180130239224304
44,14,QT-APP without tunneling,0.6850000000000002,1.0550000000000008,1,12,0,1,1.09612874261282,1.09612874261282,1.5352947741747833,0.0,0.0,0.0,0.1839170824202279,1.0,1.0,0.1997237661684823
44,15,QT-APP without tunneling,0.7200000000000002,1.030000000000001,1,12,4,5,1.8322602004020967,2.159855449039766,2.2551178439470587,0.0,0.0,0.0,0.0862252371953807,0.519343119713902,0.519343119713902,0.28264555913078904
44,16,QT-APP without tunneling,0.7550000000000002,1.005000000000001,1,12,6,7,1.7950001132632654,2.3070543977067812,2.2500907529883922,0.0,0.0,0.0,0.06602335502817784,0.35911645033951056,0.35911645033951056,0.2405628337697057
44,17,QT-APP without tunneling,0.7900000000000003,0.980000000000001,1,12,9,10,1.7186171406162258,2.390855314330726,2.1690478579045793,0.0,0.0,0.0,0.04688478799419841,0.2606761758756391,0.2606761758756391,0.25545014150505485
44,18,QT-APP without tunneling,0.8250000000000003,0.955000000000001,1,12,0,1,1.720817073850494,1.720817073850494,2.12809776804713,0.0,0.0,0.0,0.16807798249255157,1.0,1.0,0.23592541949967788
44,19,QT-APP without tunneling,0.8600000000000003,0.9300000000000009,1,12,1,2,1.6850896370107087,1.8253926946246612,2.1314800664665285,0.0,0.0,0.0,0.13605791367307982,0.7553257882212606,0.7553257882212606,0.24174756457774513
44,20,QT-APP without tunneling,0.8950000000000004,0.9050000000000009,1,12,7,8,1.5352178137394787,2.1549887294884216,2.069110680043784,0.0,0.0,0.0,0.061856681726282156,0.28951683505089115,0.28951683505089115,0.24197971712971167
44,21,QT-APP without tunneling,0.9300000000000004,0.8800000000000009,1,12,8,9,1.4594205082244374,2.186387328874493,1.999054510933556,0.0,0.0,0.0,0.05006337900947421,0.2336493851591498,0.2336493851591498,0.2501891689622564
44,22,QT-APP without tunneling,0.9300000000000004,0.8800000000000009,1,12,0,1,1.5471525153860024,1.5471525153860024,2.0605768454181326,0.0,0.0,0.0,0.20199419768827562,1.0,1.0,0.25562721515266074
44,23,QT-APP without tunneling,0.9650000000000004,0.8550000000000009,1,12,5,6,1.6337103029625513,2.1048909177642416,2.1398170847299243,0.0,0.0,0.0,0.0774280206999434,0.38970656144742344,0.38970656144742344,0.2607078620684095
44,24,QT-APP without tunneling,1.0,0.8300000000000008,0,12,5,6,1.4638911185214483,2.0174591794175365,2.0390935329164392,0.0,0.0,0.0,0.07429870468468501,0.33050413058117334,0.33050413058117334,0.2666632274506116
44,25,QT-APP without tunneling,1.0,0.8300000000000008,1,12,1,2,1.5072247878917495,1.6526039807275668,2.053668736185229,0.0,0.0,0.0,0.1589050422331845,0.7476963103373776,0.7476963103373776,0.26762701965475877
44,26,QT-APP without tunneling,1.0,0.8050000000000008,1,12,7,8,1.406456907870386,2.121698340606649,1.977677429402589,0.0,0.0,0.0,0.05298833685613387,0.23919339612196794,0.23919339612196794,0.27243373632851103
44,27,QT-APP without tunneling,1.0,0.7800000000000008,1,12,8,9,1.3845082017278012,2.078219070083509,1.9269133803061822,0.0,0.0,0.0,0.0525402596646361,0.2497183149143983,0.2497183149143983,0.27050455786897704
44,28,QT-APP without tunneling,1.0,0.7800000000000008,1,12,3,4,1.4140150330855978,1.8789688083143061,1.9305971794227652,0.0,0.0,0.0,0.07911820453194052,0.3945901883678106,0.3945901883678106,0.2680261848354711
44,29,QT-APP without tunneling,1.0,0.7800000000000008,1,12,1,2,1.4232732399643067,1.4603476856573225,1.9375692921597245,0.0,0.0,0.0,0.18294242128551258,0.9285334329188083,0.9285334329188083,0.27780981020380663
44,30,QT-APP without tunneling,1.0,0.7550000000000008,1,12,8,9,1.3810152657142822,2.061807140672345,1.8527641781325197,0.0,0.0,0.0,0.047138089537386185,0.25625461218618856,0.25625461218618856,0.26461814394286876
44,31,QT-APP without tunneling,1.0,0.7300000000000008,1,12,2,3,1.3969190872724269,1.5742640960982914,1.8702956589065343,0.0,0.0,0.0,0.12945168258675036,0.7013908282900717,0.7013908282900717,0.26262481616624167
44,32,QT-APP without tunneling,1.0,0.7050000000000007,1,12,1,2,1.3477430949514098,1.399652975165412,1.8934719081587357,0.0,0.0,0.0,0.18681049685269696,0.9013877485227021,0.9013877485227021,0.2832234190659395
44,33,QT-APP without tunneling,1.0,0.7050000000000007,1,12,11,12,1.3583023101586091,2.1742136832618284,1.8726197662503943,0.0,0.0,0.0,0.03836587639014721,0.1955727695198498,0.1955727695198498,0.27822846589764116
44,34,QT-APP without tunneling,1.0,0.6800000000000007,1,12,1,2,1.3841078045492594,1.3969407007017327,1.870444185882947,0.0,0.0,0.0,0.18316595892212734,0.9746607743133929,0.9746607743133929,0.2693148039786742
44,35,QT-APP without tunneling,1.0,0.6550000000000007,0,12,0,1,1.394791004653333,1.394791004653333,1.8720716718713124,0.0,0.0,0.0,0.18538181618636726,1.0,1.0,0.2651694088651524
44,36,QT-APP without tunneling,1.0,0.6550000000000007,1,12,6,7,1.4252712175531759,2.0362214792778945,1.9220571735787042,0.0,0.0,0.0,0.05648785112439048,0.294669607915292,0.294669607915292,0.2691318101670701
44,37,QT-APP without tunneling,1.0,0.6300000000000007,1,12,9,10,1.4573944249398965,2.1756149036511423,1.9539015361540686,0.0,0.0,0.0,0.04557021354845487,0.237772497001211,0.237772497001211,0.2695338503585095
44,38,QT-APP without tunneling,1.0,0.6300000000000007,1,12,2,3,1.4020367930302977,1.6234395759659948,1.9055745079689002,0.0,0.0,0.0,0.1255767515643049,0.6422320667811764,0.6422320667811764,0.26400023695290425
44,39,QT-APP without tunneling,1.0,0.6050000000000006,1,12,9,10,1.3239588910387463,2.066088546434456,1.8398135857968707,0.0,0.0,0.0,0.04508588252688271,0.22667017066318315,0.22667017066318315,0.26952795382302913
45,0,QT-APP without tunneling,0.45,1.2,0,12,1,2,1.3698306374018614,1.757896593881474,2.584381407312888,0.0,0.0,0.0,0.20447328075958787,0.4601825994406151,0.4601825994406151,0.5708482240088563
45,1,QT-APP without tunneling,0.43,1.22,1,12,0,1,1.347749136081264,1.347749136081264,2.5514082299732856,0.0,0.0,0.0,0.45073174149201256,1.0,1.0,0.5514478588732642
45,2,QT-APP without tunneling,0.46499999999999997,1.195,1,12,2,3,1.402055428820692,2.228858816287196,2.6598004657661907,0.0,0.0,0.0,0.0893790018715485,0.1913584754958466,0.1913584754958466,0.582308898188009
45,3,QT-APP without tunneling,0.5,1.1700000000000002,1,12,0,1,1.3450824428191717,1.3450824428191717,2.552806849357998,0.0,0.0,0.0,0.4417768786547201,1.0,1.0,0.5673698649679534
45,4,QT-APP without tunneling,0.535,1.1450000000000002,1,12,4,5,1.2948773808402176,2.4575639024452878,2.4224191140764453,0.0,0.0,0.0,0.0401682173278351,0.09774697340446911,0.09774697340446911,0.533765467775807
45,5,QT-APP without tunneling,0.5700000000000001,1.1200000000000003,1,12,0,1,1.2947457972864005,1.2947457972864005,2.518153216169563,0.0,0.0,0.0,0.4579125113265707,1.0,1.0,0.5574849175742581
45,6,QT-APP without tunneling,0.6050000000000001,1.0950000000000004,0,12,0,1,1.2820836069076875,1.2820836069076875,2.4666364540610597,0.0,0.0,0.0,0.43830947687267924,1.0,1.0,0.5443703684451755
45,7,QT-APP without tunneling,0.5850000000000001,1.1150000000000004,1,12,1,2,1.337625669522088,1.616890010845343,2.460115360579889,0.0,0.0,0.0,0.231382533577852,0.5720501122297421,0.5720501122297421,0.5348042176659946
45,8,QT-APP without tunneling,0.6200000000000001,1.0900000000000005,1,12,7,8,1.3137537896974143,2.8147900280566307,2.4415546457396062,0.0,0.0,0.0,0.020290783990251762,0.04968399267567255,0.04968399267567255,0.5324797999452998
45,9,QT-APP without tunneling,0.6550000000000001,1.0650000000000006,1,12,1,2,1.293256655096492,1.5929931613678394,2.464074027605213,0.0,0.0,0.0,0.23391923744115475,0.5491009291628853,0.5491009291628853,0.5450530864429805
45,10,QT-APP without tunneling,0.6900000000000002,1.0400000000000007,1,12,0,1,1.4492803218643753,1.4492803218643753,2.587140679481241,0.0,0.0,0.0,0.382994409970094,1.0,1.0,0.572300452171104
45,11,QT-APP without tunneling,0.6900000000000002,1.0400000000000007,0,12,0,1,1.5558727254376483,1.5558727254376483,2.8540624216481043,0.0,0.0,0.0,0.43743045193880364,1.0,1.0,0.6437893017874573
45,12,QT-APP without tunneling,0.6900000000000002,1.0400000000000007,0,12,0,1,1.6843061845722391,1.6843061845722391,3.1270065157445934,0.0,0.0,0.0,0.4726548086617938,1.0,1.0,0.7143106480394865
45,13,QT-APP without tunneling,0.6900000000000002,1.0400000000000007,0,12,1,2,1.970831115448307,2.0873172990280695,3.4236372193027123,0.0,0.0,0.0,0.34317893668408084,0.7921754632800794,0.7921754632800794,0.7571786831207843
45,14,QT-APP without tunneling,0.7250000000000002,1.0150000000000008,1,12,0,1,1.218817999583379,1.218817999583379,2.2528615345425598,0.0,0.0,0.0,0.36219636558665297,1.0,1.0,0.5140570181087082
45,15,QT-APP without tunneling,0.7600000000000002,0.9900000000000008,1,12,0,1,1.7251488496426997,1.7251488496426997,3.219356317118827,0.0,0.0,0.0,0.4598615216247807,1.0,1.0,0.7437950382441688
45,16,QT-APP without tunneling,0.7950000000000003,0.9650000000000007,1,12,1,2,1.8101286091591762,1.8180589849121138,3.211927068914808,0.0,0.0,0.0,0.39606505112152834,0.9842643678442574,0.9842643678442574,0.7332334230317133
45,17,QT-APP without tunneling,0.8300000000000003,0.9400000000000007,1,12,5,6,1.8227256119422162,3.4502195625793366,3.2575783283442714,0.0,0.0,0.0,0.016473179908065336,0.03858128744496653,0.03858128744496653,0.7364418223474835
45,18,QT-APP without tunneling,0.8650000000000003,0.9150000000000007,1,12,1,2,1.8690574174932773,1.8882904706735488,3.2565072920873774,0.0,0.0,0.0,0.3874485638804159,0.9622643188269938,0.9622643188269938,0.7170855008167711
45,19,QT-APP without tunneling,0.9000000000000004,0.8900000000000007,0,12,1,2,1.8995918700119343,1.9636884234819165,3.2308055889377254,0.0,0.0,0.0,0.3482075351565328,0.8796834897549178,0.8796834897549178,0.7044054796825703
45,20,QT-APP without tunneling,0.9350000000000004,0.8650000000000007,0,12,1,2,1.5456487791552593,1.7191133970599402,2.8715222642016607,0.0,0.0,0.0,0.2996564257133897,0.706855346534473,0.706855346534473,0.6924410732882799
45,21,QT-APP without tunneling,0.9700000000000004,0.8400000000000006,0,12,0,1,1.5411007742488914,1.5411007742488914,2.7368797627917956,0.0,0.0,0.0,0.36331127183773526,1.0,1.0,0.6554501514038591
45,22,QT-APP without tunneling,0.9700000000000004,0.8400000000000006,1,12,1,2,1.509235569696685,1.5247170534930508,2.66990352340051,0.0,0.0,0.0,0.33749639282091604,0.9695114757550622,0.9695114757550622,0.6434453192720437
45,23,QT-APP without tunneling,0.9700000000000004,0.8400000000000006,1,12,1,2,1.5296504667380888,1.5563552457373548,2.7082795568105418,0.0,0.0,0.0,0.3366270425339598,0.9479916753912472,0.9479916753912472,0.6484046806460422
45,24,QT-APP without tunneling,0.9700000000000004,0.8400000000000006,1,12,3,4,1.4060190146614855,2.072707050701527,2.5519094058742096,0.0,0.0,0.0,0.09116795548056722,0.2635858725451369,0.2635858725451369,0.6425750890718673
45,25,QT-APP without tunneling,1.0,0.8150000000000006,1,12,0,1,1.4125075885834608,1.4125075885834608,2.5505992285342103,0.0,0.0,0.0,0.3387317431391666,1.0,1.0,0.6423750762339941
45,26,QT-APP without tunneling,1.0,0.7900000000000006,0,12,1,2,1.440387710967756,1.4493258334843722,2.5639239267050353,0.0,0.0,0.0,0.3326345209880844,0.9822825871855726,0.9822825871855726,0.6296750486453792
45,27,QT-APP without tunneling,1.0,0.7900000000000006,0,12,0,1,1.4592518626454258,1.4592518626454258,2.528304749875396,0.0,0.0,0.0,0.32494009788675654,1.0,1.0,0.6088732342960981
45,28,QT-APP without tunneling,1.0,0.7900000000000006,0,12,0,1,1.4353674954638072,1.4353674954638072,2.577629554733219,0.0,0.0,0.0,0.35556897728274145,1.0,1.0,0.6272158235704748
45,29,QT-APP without tunneling,1.0,0.7900000000000006,1,12,3,4,1.367774276096931,2.092618629962944,2.4520512047874234,0.0,0.0,0.0,0.07747025281592777,0.23464331937722488,0.23464331937722488,0.6138233090958998
45,30,QT-APP without tunneling,1.0,0.7650000000000006,1,12,1,2,1.3053119225502892,1.342369779302612,2.3728524824194497,0.0,0.0,0.0,0.30644864728087645,0.9285642402019663,0.9285642402019663,0.5988399952412784
45,31,QT-APP without tunneling,1.0,0.7400000000000005,0,12,1,2,1.29975141920767,1.3826787668662783,2.445731043436229,0.0,0.0,0.0,0.3066910807869845,0.847169322916229,0.847169322916229,0.6195258373797513
45,32,QT-APP without tunneling,1.0,0.7400000000000005,0,12,1,2,1.29237953836901,1.3918164112021905,2.4555532126738133,0.0,0.0,0.0,0.2978019669665068,0.8196533715907441,0.8196533715907441,0.6362310133520996
45,33,QT-APP without tunneling,1.0,0.7400000000000005,0,12,1,2,1.4290226922078513,1.5090607728661878,2.6471492863512567,0.0,0.0,0.0,0.3155177359037819,0.8520788910446359,0.8520788910446359,0.6731872082532386
45,34,QT-APP without tunneling,1.0,0.7400000000000005,0,12,1,2,1.3490689333342607,1.375091175244206,2.489551734076675,0.0,0.0,0.0,0.3242390391647346,0.9492866380078168,0.9492866380078168,0.6478273811935666
45,35,QT-APP without tunneling,1.0,0.7400000000000005,0,12,0,1,1.3930304985587714,1.3930304985587714,2.545636776834516,0.0,0.0,0.0,0.3441806302515313,1.0,1.0,0.6568844528395493
45,36,QT-APP without tunneling,1.0,0.7400000000000005,1,12,0,1,1.3312127289927824,1.3312127289927824,2.4872609739628198,0.0,0.0,0.0,0.35560818326974347,1.0,1.0,0.639104388721237
45,37,QT-APP without tunneling,1.0,0.7400000000000005,1,12,7,8,1.252132316513625,2.9882634203648024,2.449160670875413,0.0,0.0,0.0,0.0115088841302672,0.03104671703662272,0.03104671703662272,0.648461286275394
45,38,QT-APP without tunneling,1.0,0.7150000000000005,1,12,3,4,1.2414266897949164,1.9824410983281444,2.398680683772765,0.0,0.0,0.0,0.08045361029139238,0.22717632132958052,0.22717632132958052,0.6410744976655162
45,39,QT-APP without tunneling,1.0,0.6900000000000005,1,12,0,1,1.2762635693898756,1.2762635693898756,2.403387199845774,0.0,0.0,0.0,0.3371651580786632,1.0,1.0,0.6376622322536127
46,0,QT-APP without tunneling,0.45,1.2,0,12,0,1,0.530353348809316,0.530353348809316,1.7948957218026373,0.0,0.0,0.0,0.5285316331943145,1.0,1.0,0.48568329420922923
46,1,QT-APP without tunneling,0.43,1.22,0,12,0,1,0.5425872065478998,0.5425872065478998,1.7811734803046573,0.0,0.0,0.0,0.5206601484053063,1.0,1.0,0.47259575764027334
46,2,QT-APP without tunneling,0.41,1.24,1,12,5,6,0.5492517243696579,2.020390952447844,1.8580169894929217,0.0,0.0,0.0,0.029120052543568087,0.05274541361166586,0.05274541361166586,0.5006858116021583
46,3,QT-APP without tunneling,0.44499999999999995,1.215,1,12,6,7,0.5393966218468886,1.9950402205047844,1.7967214414908004,0.0,0.0,0.0,0.028685619519991865,0.054405653966359074,0.054405653966359074,0.48608850712255974
46,4,QT-APP without tunneling,0.42499999999999993,1.235,1,12,1,2,0.5462512756712774,1.2516086340792376,1.8328239049911117,0.0,0.0,0.0,0.1327268043013665,0.24396885218527162,0.24396885218527162,0.49300657134183445
46,5,QT-APP without tunneling,0.45999999999999996,1.2100000000000002,1,12,3,4,0.550550494560327,1.6026270434890748,1.7963220250205916,0.0,0.0,0.0,0.06421988760195269,0.12194890934050494,0.12194890934050494,0.47317326641282054
46,6,QT-APP without tunneling,0.495,1.1850000000000003,1,12,11,12,0.5477202619233246,2.24897583759909,1.7917159447424338,0.0,0.0,0.0,0.017642408221257573,0.03328956976427405,0.03328956976427405,0.46734247224324665
46,7,QT-APP without tunneling,0.53,1.1600000000000004,1,12,5,6,0.534633398246653,1.9711592115802854,1.8255954606190137,0.0,0.0,0.0,0.03141777081250234,0.0565261663574095,0.0565261663574095,0.47908902362809536
46,8,QT-APP without tunneling,0.53,1.1600000000000004,1,12,3,4,0.5584455671272717,1.7532642524002775,1.9023637303611325,0.0,0.0,0.0,0.05298652837654261,0.09166291752512404,0.09166291752512404,0.4983496117213854
46,9,QT-APP without tunneling,0.53,1.1600000000000004,1,12,0,1,0.5529891504241708,0.5529891504241708,1.8582110777325769,0.0,0.0,0.0,0.5612794548682581,1.0,1.0,0.48279604378993135
46,10,QT-APP without tunneling,0.5650000000000001,1.1350000000000005,0,12,0,1,0.5710314977467559,0.5710314977467559,1.9840818934323046,0.0,0.0,0.0,0.5941768992580035,1.0,1.0,0.5385676216600388
46,11,QT-APP without tunneling,0.545,1.1550000000000005,1,12,8,9,0.504529297327821,2.408884830325038,2.098936647968889,0.0,0.0,0.0,0.015190123275612593,0.022176744903911725,0.022176744903911725,0.5884694219410553
46,12,QT-APP without tunneling,0.5800000000000001,1.1300000000000006,1,12,1,2,0.518433841463981,1.5137496237928492,2.235061244824352,0.0,0.0,0.0,0.09977949557224042,0.13660912070231976,0.13660912070231976,0.6328739300119356
46,13,QT-APP without tunneling,0.6150000000000001,1.1050000000000006,1,12,0,1,0.759977087898163,0.759977087898163,2.4506041013108137,0.0,0.0,0.0,0.7051498405912885,1.0,1.0,0.6465764376013662
46,14,QT-APP without tunneling,0.6500000000000001,1.0800000000000007,0,12,0,1,0.5426328222351446,0.5426328222351446,1.669245471880828,0.0,0.0,0.0,0.4711381951388503,1.0,1.0,0.4324491547102445
46,15,QT-APP without tunneling,0.6850000000000002,1.0550000000000008,0,12,0,1,0.5824314276300901,0.5824314276300901,2.2344466651637136,0.0,0.0,0.0,0.6708126800277185,1.0,1.0,0.6517426896681199
46,16,QT-APP without tunneling,0.7200000000000002,1.030000000000001,1,12,2,3,0.6723742296489102,1.7854982219536248,2.2617125063103565,0.0,0.0,0.0,0.06885632184265443,0.10793263628023755,0.10793263628023755,0.6412168381610817
46,17,QT-APP without tunneling,0.7550000000000002,1.005000000000001,1,12,0,1,0.7857136390723574,0.7857136390723574,2.2229390766471635,0.0,0.0,0.0,0.5702364072721643,1.0,1.0,0.5948765289587985
46,18,QT-APP without tunneling,0.7900000000000003,0.980000000000001,0,12,0,1,0.7879722125081309,0.7879722125081309,2.3189741284515106,0.0,0.0,0.0,0.6117632152252945,1.0,1.0,0.6290667214602581
46,19,QT-APP without tunneling,0.8250000000000003,0.955000000000001,0,12,0,1,0.76607590906759,0.76607590906759,2.2975790759955586,0.0,0.0,0.0,0.6182643397667762,1.0,1.0,0.6226361497883732
46,20,QT-APP without tunneling,0.8600000000000003,0.9300000000000009,1,12,1,2,0.7251581141812753,1.302268762292055,2.040013408467948,0.0,0.0,0.0,0.1678896702350221,0.31530296894485316,0.31530296894485316,0.5367305167841471
46,21,QT-APP without tunneling,0.8950000000000004,0.9050000000000009,1,12,2,3,0.6806292405909757,1.6228486780624873,2.0051246162667327,0.0,0.0,0.0,0.08141233502795031,0.15191427842607483,0.15191427842607483,0.544645064937965
46,22,QT-APP without tunneling,0.9300000000000004,0.8800000000000009,1,12,0,1,0.6536331026741833,0.6536331026741833,1.9138410614721655,0.0,0.0,0.0,0.5133827774348373,1.0,1.0,0.5154636473334809
46,23,QT-APP without tunneling,0.9650000000000004,0.8550000000000009,0,12,0,1,0.6423617248086921,0.6423617248086921,1.9558122049327646,0.0,0.0,0.0,0.5448896441930163,1.0,1.0,0.5253932857335258
46,24,QT-APP without tunneling,0.9650000000000004,0.8550000000000009,0,12,0,1,0.6324306146319362,0.6324306146319362,1.9197046348584887,0.0,0.0,0.0,0.5339648917721568,1.0,1.0,0.5153163183625858
46,25,QT-APP without tunneling,0.9650000000000004,0.8550000000000009,0,12,0,1,0.6608432432267601,0.6608432432267601,1.9754648406223039,0.0,0.0,0.0,0.5419527696307546,1.0,1.0,0.5320126941080944
46,26,QT-APP without tunneling,0.9650000000000004,0.8550000000000009,0,12,0,1,0.6170515114324645,0.6170515114324645,1.9414102540231075,0.0,0.0,0.0,0.5501457962231495,1.0,1.0,0.5300584692543977
46,27,QT-APP without tunneling,0.9650000000000004,0.8550000000000009,0,12,0,1,0.612163495357732,0.612163495357732,1.940084806379324,0.0,0.0,0.0,0.5531248096262796,1.0,1.0,0.5283326929431438
46,28,QT-APP without tunneling,0.9650000000000004,0.8550000000000009,0,12,0,1,0.6372422756843438,0.6372422756843438,1.9381469560310383,0.0,0.0,0.0,0.5389882755357146,1.0,1.0,0.5226421319381971
46,29,QT-APP without tunneling,0.9650000000000004,0.8550000000000009,0,12,0,1,0.6150366766518259,0.6150366766518259,1.9058276258861346,0.0,0.0,0.0,0.5314278236733324,1.0,1.0,0.5227490043399777
46,30,QT-APP without tunneling,0.9650000000000004,0.8550000000000009,1,12,3,4,0.5940001632551907,1.611132406295334,1.881614620363269,0.0,0.0,0.0,0.06978116663476011,0.13077663517442065,0.13077663517442065,0.5174853970935864
46,31,QT-APP without tunneling,1.0,0.8300000000000008,1,12,4,5,0.5681600786879232,1.852503695607129,1.821717936162526,0.0,0.0,0.0,0.0400416655572729,0.07663608467592797,0.07663608467592797,0.4981881373617733
46,32,QT-APP without tunneling,1.0,0.8300000000000008,1,12,1,2,0.5644622365475538,1.325886313725582,1.8202348464625768,0.0,0.0,0.0,0.11350510284326788,0.21808984799065687,0.21808984799065687,0.5045775734339971
46,33,QT-APP without tunneling,1.0,0.8050000000000008,1,12,0,1,0.5707882831026814,0.5707882831026814,1.806982771020257,0.0,0.0,0.0,0.5087382071763101,1.0,1.0,0.5013605378079671
46,34,QT-APP without tunneling,1.0,0.7800000000000008,0,12,0,1,0.5934536828823047,0.5934536828823047,1.8492673485789783,0.0,0.0,0.0,0.5197895443370673,1.0,1.0,0.5055450135128564
46,35,QT-APP without tunneling,1.0,0.7800000000000008,1,12,1,2,0.6034222428535105,1.3285004468358927,1.815242103578577,0.0,0.0,0.0,0.11720354822769666,0.23453360230149253,0.23453360230149253,0.48985705376129574
46,36,QT-APP without tunneling,1.0,0.7550000000000008,0,12,1,2,0.609579153220573,1.3685291970016724,1.8767935985250774,0.0,0.0,0.0,0.11538255432400307,0.2191716453211322,0.2191716453211322,0.508379265507258
46,37,QT-APP without tunneling,1.0,0.7550000000000008,1,12,3,4,0.6070128123386473,1.567887950937966,1.8569619602865872,0.0,0.0,0.0,0.07620726014914152,0.14635058373944845,0.14635058373944845,0.49869054611996405
46,38,QT-APP without tunneling,1.0,0.7550000000000008,1,12,1,2,0.580492318062208,1.3747154070228564,1.868953794972205,0.0,0.0,0.0,0.11026027295649456,0.204242722154924,0.204242722154924,0.5094891590047972
46,39,QT-APP without tunneling,1.0,0.7550000000000008,0,12,1,2,0.5691854392522182,1.3443232104162965,1.826149464916658,0.0,0.0,0.0,0.11163376754608613,0.21218949858246075,0.21218949858246075,0.49584588303858756
